{
"type": "FeatureCollection",
"name": "merged",
"crs": { "type": "name", "properties": { "name": "urn:ogc:def:crs:OGC:1.3:CRS84" } },
"features": [
{ "type": "Feature", "properties": { "adcode": 620502, "name": "秦州区", "center": [ 105.724477, 34.578645 ], "centroid": [ 105.626678, 34.395207 ], "childrenNum": 0, "level": "district", "parent": { "adcode": 620500 }, "subFeatureIndex": 0, "acroutes": [ 100000, 620000, 620500 ] }, "geometry": { "type": "MultiPolygon", "coordinates": [ [ [ [ 105.222723, 34.531177 ], [ 105.223943, 34.532486 ], [ 105.227689, 34.533007 ], [ 105.22878, 34.528714 ], [ 105.230385, 34.527527 ], [ 105.243077, 34.52867 ], [ 105.245111, 34.527605 ], [ 105.247808, 34.520759 ], [ 105.2483, 34.515178 ], [ 105.246994, 34.514013 ], [ 105.241515, 34.51399 ], [ 105.240552, 34.512326 ], [ 105.244597, 34.510195 ], [ 105.245239, 34.508431 ], [ 105.248364, 34.506145 ], [ 105.254229, 34.499753 ], [ 105.25547, 34.497444 ], [ 105.256112, 34.488176 ], [ 105.258638, 34.484214 ], [ 105.259151, 34.47873 ], [ 105.261827, 34.473068 ], [ 105.261185, 34.466229 ], [ 105.261506, 34.460844 ], [ 105.260328, 34.452994 ], [ 105.262148, 34.448185 ], [ 105.268183, 34.446486 ], [ 105.27195, 34.442788 ], [ 105.275118, 34.444509 ], [ 105.279292, 34.443965 ], [ 105.284985, 34.439634 ], [ 105.290678, 34.439379 ], [ 105.292562, 34.435902 ], [ 105.291042, 34.432459 ], [ 105.291663, 34.428694 ], [ 105.297206, 34.427549 ], [ 105.302707, 34.427338 ], [ 105.312081, 34.43046 ], [ 105.316662, 34.430282 ], [ 105.321199, 34.429216 ], [ 105.319423, 34.431204 ], [ 105.313537, 34.433714 ], [ 105.310112, 34.434125 ], [ 105.30947, 34.437068 ], [ 105.307415, 34.439789 ], [ 105.311546, 34.442377 ], [ 105.313408, 34.4409 ], [ 105.316619, 34.440522 ], [ 105.319958, 34.438101 ], [ 105.324431, 34.436669 ], [ 105.330809, 34.435802 ], [ 105.33571, 34.433037 ], [ 105.348467, 34.431382 ], [ 105.350821, 34.431404 ], [ 105.355123, 34.426961 ], [ 105.35889, 34.423895 ], [ 105.363898, 34.42104 ], [ 105.37017, 34.415341 ], [ 105.377789, 34.412675 ], [ 105.382369, 34.409253 ], [ 105.384938, 34.408575 ], [ 105.389775, 34.410319 ], [ 105.395297, 34.413886 ], [ 105.408267, 34.421029 ], [ 105.410557, 34.420707 ], [ 105.41563, 34.417541 ], [ 105.418498, 34.41813 ], [ 105.42203, 34.416541 ], [ 105.430206, 34.411853 ], [ 105.434165, 34.408242 ], [ 105.438724, 34.405486 ], [ 105.448056, 34.400631 ], [ 105.452294, 34.397131 ], [ 105.460298, 34.39163 ], [ 105.469438, 34.382173 ], [ 105.474917, 34.372825 ], [ 105.476287, 34.371614 ], [ 105.484869, 34.360153 ], [ 105.490884, 34.354005 ], [ 105.491783, 34.352115 ], [ 105.494865, 34.340819 ], [ 105.499231, 34.332334 ], [ 105.501585, 34.328776 ], [ 105.509804, 34.318333 ], [ 105.516032, 34.311848 ], [ 105.519821, 34.305708 ], [ 105.52286, 34.304962 ], [ 105.531871, 34.307932 ], [ 105.536793, 34.313027 ], [ 105.542722, 34.315774 ], [ 105.546446, 34.319511 ], [ 105.55139, 34.317309 ], [ 105.553745, 34.31474 ], [ 105.55809, 34.30682 ], [ 105.557405, 34.303906 ], [ 105.546981, 34.291579 ], [ 105.543471, 34.290555 ], [ 105.538998, 34.290611 ], [ 105.532063, 34.287996 ], [ 105.527397, 34.284603 ], [ 105.525685, 34.280642 ], [ 105.526798, 34.277559 ], [ 105.530308, 34.273264 ], [ 105.542187, 34.269703 ], [ 105.548801, 34.264884 ], [ 105.553253, 34.260899 ], [ 105.554922, 34.258083 ], [ 105.553595, 34.254933 ], [ 105.548972, 34.251472 ], [ 105.541866, 34.249668 ], [ 105.540197, 34.248678 ], [ 105.542808, 34.232847 ], [ 105.552418, 34.230598 ], [ 105.556399, 34.228928 ], [ 105.559524, 34.22512 ], [ 105.560701, 34.221468 ], [ 105.558539, 34.219152 ], [ 105.554922, 34.218829 ], [ 105.548629, 34.222982 ], [ 105.54681, 34.221 ], [ 105.546318, 34.218517 ], [ 105.547131, 34.216023 ], [ 105.553317, 34.211735 ], [ 105.555264, 34.19729 ], [ 105.554173, 34.189493 ], [ 105.554173, 34.179177 ], [ 105.554729, 34.175968 ], [ 105.554473, 34.167022 ], [ 105.556185, 34.162018 ], [ 105.549871, 34.157461 ], [ 105.547838, 34.152769 ], [ 105.550855, 34.145837 ], [ 105.553916, 34.142159 ], [ 105.556741, 34.140097 ], [ 105.563077, 34.137244 ], [ 105.556163, 34.127223 ], [ 105.553552, 34.120333 ], [ 105.552653, 34.111626 ], [ 105.553595, 34.105482 ], [ 105.554986, 34.102728 ], [ 105.555457, 34.098613 ], [ 105.558389, 34.096963 ], [ 105.56053, 34.094242 ], [ 105.56404, 34.092045 ], [ 105.564725, 34.090249 ], [ 105.563526, 34.086346 ], [ 105.569369, 34.086323 ], [ 105.574121, 34.084506 ], [ 105.580606, 34.082888 ], [ 105.586106, 34.083167 ], [ 105.587755, 34.0859 ], [ 105.591714, 34.084472 ], [ 105.591372, 34.081996 ], [ 105.592057, 34.07488 ], [ 105.593683, 34.074222 ], [ 105.595674, 34.075716 ], [ 105.59653, 34.087539 ], [ 105.600832, 34.091811 ], [ 105.600532, 34.093138 ], [ 105.596915, 34.097063 ], [ 105.594925, 34.097766 ], [ 105.593983, 34.100866 ], [ 105.594775, 34.104144 ], [ 105.596958, 34.105828 ], [ 105.604149, 34.105237 ], [ 105.607403, 34.104077 ], [ 105.611491, 34.099394 ], [ 105.61575, 34.096327 ], [ 105.619988, 34.098379 ], [ 105.623947, 34.09626 ], [ 105.623476, 34.093796 ], [ 105.621679, 34.091387 ], [ 105.616927, 34.088654 ], [ 105.614487, 34.086279 ], [ 105.614102, 34.083747 ], [ 105.615472, 34.081304 ], [ 105.618147, 34.080669 ], [ 105.622877, 34.080736 ], [ 105.625959, 34.079988 ], [ 105.629876, 34.082576 ], [ 105.636104, 34.081818 ], [ 105.639101, 34.080635 ], [ 105.642846, 34.083379 ], [ 105.644409, 34.086301 ], [ 105.642504, 34.092312 ], [ 105.643895, 34.098044 ], [ 105.646678, 34.10478 ], [ 105.649353, 34.10546 ], [ 105.651943, 34.108671 ], [ 105.651729, 34.118995 ], [ 105.653762, 34.121972 ], [ 105.65693, 34.124625 ], [ 105.661467, 34.125272 ], [ 105.664549, 34.127501 ], [ 105.665362, 34.132027 ], [ 105.664785, 34.136386 ], [ 105.666112, 34.142694 ], [ 105.667653, 34.144645 ], [ 105.677905, 34.15161 ], [ 105.686124, 34.153973 ], [ 105.688606, 34.155366 ], [ 105.693015, 34.155299 ], [ 105.695562, 34.156235 ], [ 105.70468, 34.162041 ], [ 105.707719, 34.162821 ], [ 105.711444, 34.162464 ], [ 105.718079, 34.158854 ], [ 105.722209, 34.162932 ], [ 105.718956, 34.167902 ], [ 105.719427, 34.170821 ], [ 105.723451, 34.174019 ], [ 105.729979, 34.175266 ], [ 105.734752, 34.175378 ], [ 105.740445, 34.176592 ], [ 105.746951, 34.173205 ], [ 105.748364, 34.170877 ], [ 105.751104, 34.170331 ], [ 105.754785, 34.171868 ], [ 105.759729, 34.169595 ], [ 105.763518, 34.16554 ], [ 105.771051, 34.16437 ], [ 105.772678, 34.162464 ], [ 105.772956, 34.157829 ], [ 105.774369, 34.153951 ], [ 105.777558, 34.149961 ], [ 105.778521, 34.147732 ], [ 105.774134, 34.140454 ], [ 105.772657, 34.136687 ], [ 105.7724, 34.131704 ], [ 105.774326, 34.127134 ], [ 105.777793, 34.122987 ], [ 105.782053, 34.119575 ], [ 105.78674, 34.122217 ], [ 105.787896, 34.125016 ], [ 105.794788, 34.126208 ], [ 105.797463, 34.128683 ], [ 105.800823, 34.134758 ], [ 105.80337, 34.136341 ], [ 105.811075, 34.134312 ], [ 105.812039, 34.136664 ], [ 105.811418, 34.142449 ], [ 105.812788, 34.145425 ], [ 105.81527, 34.147542 ], [ 105.817603, 34.147542 ], [ 105.822826, 34.145291 ], [ 105.825373, 34.14791 ], [ 105.828883, 34.147799 ], [ 105.831494, 34.149192 ], [ 105.834298, 34.152524 ], [ 105.838365, 34.151443 ], [ 105.845256, 34.152624 ], [ 105.850265, 34.152435 ], [ 105.85324, 34.153449 ], [ 105.859789, 34.153672 ], [ 105.861138, 34.153237 ], [ 105.864391, 34.148389 ], [ 105.868094, 34.138136 ], [ 105.865268, 34.134468 ], [ 105.864969, 34.125183 ], [ 105.86621, 34.123968 ], [ 105.868693, 34.124536 ], [ 105.876526, 34.122329 ], [ 105.880935, 34.122608 ], [ 105.890224, 34.12069 ], [ 105.893606, 34.12166 ], [ 105.903109, 34.119007 ], [ 105.911777, 34.127535 ], [ 105.913854, 34.132295 ], [ 105.917385, 34.133499 ], [ 105.924063, 34.131024 ], [ 105.927723, 34.132852 ], [ 105.932838, 34.134413 ], [ 105.937397, 34.140476 ], [ 105.942577, 34.143452 ], [ 105.948933, 34.1446 ], [ 105.955012, 34.147175 ], [ 105.959442, 34.147899 ], [ 105.95681, 34.149225 ], [ 105.954777, 34.152401 ], [ 105.955782, 34.158341 ], [ 105.956938, 34.160748 ], [ 105.962054, 34.164916 ], [ 105.962824, 34.167155 ], [ 105.967661, 34.176459 ], [ 105.973098, 34.180202 ], [ 105.976201, 34.184513 ], [ 105.979668, 34.192879 ], [ 105.988444, 34.202246 ], [ 105.997219, 34.207035 ], [ 106.007749, 34.213305 ], [ 106.013443, 34.215254 ], [ 106.016139, 34.219731 ], [ 106.014235, 34.221858 ], [ 106.00944, 34.221434 ], [ 106.008306, 34.222281 ], [ 106.007214, 34.22689 ], [ 106.005395, 34.230431 ], [ 106.003726, 34.231622 ], [ 106.002698, 34.23641 ], [ 106.000815, 34.241331 ], [ 106.0009, 34.242945 ], [ 106.004368, 34.249969 ], [ 106.007172, 34.254288 ], [ 106.006144, 34.258484 ], [ 106.006144, 34.264149 ], [ 106.008584, 34.268111 ], [ 106.011581, 34.280107 ], [ 106.010254, 34.281087 ], [ 106.002762, 34.279073 ], [ 105.985768, 34.276524 ], [ 105.97603, 34.278761 ], [ 105.974639, 34.280553 ], [ 105.97451, 34.287162 ], [ 105.97603, 34.291256 ], [ 105.978919, 34.296964 ], [ 105.978769, 34.300791 ], [ 105.977186, 34.302693 ], [ 105.972627, 34.303438 ], [ 105.96398, 34.302181 ], [ 105.962738, 34.301158 ], [ 105.961775, 34.297409 ], [ 105.958137, 34.295829 ], [ 105.954862, 34.296285 ], [ 105.951245, 34.298499 ], [ 105.948805, 34.302649 ], [ 105.945381, 34.30514 ], [ 105.945573, 34.309323 ], [ 105.948013, 34.311503 ], [ 105.94827, 34.313772 ], [ 105.944974, 34.317543 ], [ 105.945809, 34.319322 ], [ 105.951866, 34.325484 ], [ 105.951759, 34.32693 ], [ 105.949297, 34.328998 ], [ 105.941956, 34.331122 ], [ 105.93958, 34.333958 ], [ 105.937076, 34.335215 ], [ 105.930634, 34.335504 ], [ 105.927744, 34.336905 ], [ 105.923357, 34.340619 ], [ 105.916807, 34.342142 ], [ 105.915223, 34.343921 ], [ 105.916422, 34.347223 ], [ 105.916358, 34.350003 ], [ 105.914003, 34.35435 ], [ 105.909123, 34.362021 ], [ 105.90343, 34.368112 ], [ 105.899813, 34.374582 ], [ 105.898593, 34.378972 ], [ 105.896667, 34.38065 ], [ 105.893478, 34.381517 ], [ 105.88909, 34.384495 ], [ 105.884381, 34.389863 ], [ 105.882455, 34.39043 ], [ 105.879737, 34.385451 ], [ 105.870748, 34.371592 ], [ 105.866446, 34.367523 ], [ 105.862208, 34.366223 ], [ 105.85874, 34.366067 ], [ 105.84973, 34.368157 ], [ 105.842474, 34.373003 ], [ 105.840013, 34.374137 ], [ 105.835133, 34.373203 ], [ 105.828412, 34.374015 ], [ 105.827898, 34.375704 ], [ 105.830146, 34.379127 ], [ 105.828391, 34.381061 ], [ 105.824945, 34.381595 ], [ 105.822612, 34.383884 ], [ 105.82167, 34.388041 ], [ 105.816212, 34.389107 ], [ 105.814521, 34.391841 ], [ 105.815399, 34.398664 ], [ 105.813601, 34.402753 ], [ 105.804654, 34.408831 ], [ 105.804333, 34.414308 ], [ 105.801893, 34.420351 ], [ 105.801936, 34.42324 ], [ 105.804826, 34.428349 ], [ 105.804654, 34.432848 ], [ 105.802236, 34.437091 ], [ 105.802536, 34.447697 ], [ 105.800417, 34.450218 ], [ 105.793311, 34.45195 ], [ 105.79314, 34.453271 ], [ 105.796478, 34.455359 ], [ 105.797056, 34.456847 ], [ 105.794167, 34.459034 ], [ 105.79239, 34.463054 ], [ 105.792069, 34.467695 ], [ 105.796093, 34.471847 ], [ 105.799411, 34.474467 ], [ 105.796971, 34.478064 ], [ 105.796971, 34.479485 ], [ 105.794253, 34.48206 ], [ 105.791256, 34.48266 ], [ 105.785841, 34.481039 ], [ 105.782566, 34.482315 ], [ 105.784193, 34.487488 ], [ 105.78201, 34.490097 ], [ 105.774326, 34.491173 ], [ 105.771415, 34.492305 ], [ 105.768226, 34.495324 ], [ 105.767777, 34.500274 ], [ 105.765679, 34.506145 ], [ 105.766022, 34.514445 ], [ 105.765401, 34.516809 ], [ 105.761655, 34.520004 ], [ 105.762041, 34.524409 ], [ 105.761185, 34.528636 ], [ 105.761356, 34.534317 ], [ 105.76249, 34.541416 ], [ 105.766107, 34.549769 ], [ 105.768804, 34.559029 ], [ 105.770452, 34.561736 ], [ 105.773042, 34.562379 ], [ 105.776638, 34.560527 ], [ 105.778222, 34.558819 ], [ 105.782203, 34.558042 ], [ 105.78323, 34.562978 ], [ 105.78933, 34.574765 ], [ 105.791363, 34.575741 ], [ 105.794509, 34.575275 ], [ 105.802322, 34.572159 ], [ 105.803863, 34.573479 ], [ 105.804483, 34.581085 ], [ 105.803306, 34.593148 ], [ 105.80153, 34.593669 ], [ 105.795772, 34.591895 ], [ 105.789843, 34.593391 ], [ 105.786312, 34.59644 ], [ 105.783273, 34.596518 ], [ 105.779463, 34.598125 ], [ 105.773449, 34.598125 ], [ 105.76722, 34.596983 ], [ 105.760842, 34.597571 ], [ 105.758338, 34.600785 ], [ 105.755855, 34.601883 ], [ 105.748578, 34.602858 ], [ 105.741579, 34.605097 ], [ 105.730557, 34.609896 ], [ 105.72542, 34.612856 ], [ 105.723066, 34.616979 ], [ 105.719769, 34.617123 ], [ 105.717094, 34.614862 ], [ 105.703503, 34.619472 ], [ 105.699329, 34.620381 ], [ 105.699565, 34.623694 ], [ 105.703995, 34.624847 ], [ 105.70361, 34.626808 ], [ 105.697681, 34.63175 ], [ 105.694193, 34.630775 ], [ 105.688542, 34.635584 ], [ 105.685674, 34.636858 ], [ 105.678889, 34.635906 ], [ 105.676556, 34.63954 ], [ 105.673346, 34.641091 ], [ 105.667417, 34.64293 ], [ 105.659626, 34.64324 ], [ 105.655239, 34.644791 ], [ 105.649824, 34.645932 ], [ 105.633921, 34.647251 ], [ 105.624761, 34.646442 ], [ 105.616285, 34.645079 ], [ 105.612582, 34.643473 ], [ 105.6095, 34.642996 ], [ 105.602009, 34.643251 ], [ 105.601132, 34.642287 ], [ 105.601902, 34.637091 ], [ 105.599205, 34.634886 ], [ 105.592121, 34.637058 ], [ 105.589638, 34.637069 ], [ 105.586406, 34.635252 ], [ 105.583624, 34.630941 ], [ 105.58433, 34.627839 ], [ 105.581911, 34.625567 ], [ 105.581184, 34.623406 ], [ 105.58281, 34.61976 ], [ 105.582297, 34.618696 ], [ 105.577524, 34.615283 ], [ 105.575255, 34.615471 ], [ 105.571745, 34.618131 ], [ 105.569284, 34.620913 ], [ 105.565731, 34.621001 ], [ 105.563569, 34.616535 ], [ 105.560658, 34.613377 ], [ 105.556442, 34.612002 ], [ 105.545612, 34.607325 ], [ 105.542572, 34.606782 ], [ 105.537842, 34.607447 ], [ 105.529709, 34.611105 ], [ 105.525279, 34.60922 ], [ 105.523502, 34.609276 ], [ 105.521768, 34.612778 ], [ 105.520163, 34.613044 ], [ 105.516567, 34.611016 ], [ 105.514363, 34.612135 ], [ 105.514663, 34.616613 ], [ 105.512843, 34.61832 ], [ 105.511324, 34.617444 ], [ 105.510682, 34.614141 ], [ 105.507899, 34.612224 ], [ 105.505545, 34.611969 ], [ 105.498525, 34.609054 ], [ 105.49403, 34.609442 ], [ 105.492425, 34.610528 ], [ 105.492232, 34.612667 ], [ 105.489064, 34.617012 ], [ 105.487416, 34.620835 ], [ 105.487181, 34.624891 ], [ 105.483093, 34.626886 ], [ 105.478577, 34.627362 ], [ 105.474617, 34.629977 ], [ 105.470337, 34.627783 ], [ 105.463209, 34.632105 ], [ 105.461369, 34.639296 ], [ 105.452315, 34.646785 ], [ 105.449468, 34.650707 ], [ 105.447863, 34.651737 ], [ 105.441828, 34.652502 ], [ 105.431918, 34.656069 ], [ 105.430569, 34.657188 ], [ 105.431126, 34.659104 ], [ 105.439174, 34.664454 ], [ 105.439644, 34.666414 ], [ 105.437418, 34.668585 ], [ 105.433395, 34.669438 ], [ 105.428365, 34.668696 ], [ 105.428129, 34.666758 ], [ 105.424106, 34.66544 ], [ 105.422372, 34.662992 ], [ 105.420296, 34.662837 ], [ 105.418541, 34.664764 ], [ 105.417492, 34.670402 ], [ 105.415416, 34.673049 ], [ 105.410964, 34.672141 ], [ 105.406576, 34.673558 ], [ 105.405549, 34.671842 ], [ 105.401911, 34.671875 ], [ 105.399813, 34.673946 ], [ 105.399877, 34.677877 ], [ 105.395832, 34.679505 ], [ 105.391937, 34.673935 ], [ 105.388512, 34.670933 ], [ 105.381556, 34.667179 ], [ 105.379887, 34.665695 ], [ 105.376034, 34.657409 ], [ 105.369699, 34.655072 ], [ 105.365825, 34.652768 ], [ 105.35217, 34.648137 ], [ 105.347996, 34.648115 ], [ 105.339071, 34.649455 ], [ 105.330146, 34.650109 ], [ 105.325137, 34.650087 ], [ 105.319551, 34.650752 ], [ 105.316212, 34.649588 ], [ 105.311225, 34.643373 ], [ 105.310134, 34.637401 ], [ 105.308486, 34.633501 ], [ 105.303777, 34.624991 ], [ 105.303242, 34.622243 ], [ 105.296585, 34.614186 ], [ 105.29269, 34.610728 ], [ 105.283529, 34.604499 ], [ 105.276616, 34.598967 ], [ 105.26829, 34.593203 ], [ 105.263839, 34.591352 ], [ 105.256305, 34.586895 ], [ 105.255127, 34.588392 ], [ 105.252837, 34.588325 ], [ 105.248214, 34.586074 ], [ 105.244961, 34.585886 ], [ 105.237256, 34.588514 ], [ 105.23625, 34.584378 ], [ 105.232055, 34.579322 ], [ 105.226939, 34.57644 ], [ 105.224885, 34.573734 ], [ 105.223536, 34.569609 ], [ 105.220775, 34.568057 ], [ 105.220454, 34.566504 ], [ 105.22191, 34.562501 ], [ 105.224157, 34.560205 ], [ 105.227967, 34.558331 ], [ 105.230278, 34.554771 ], [ 105.229957, 34.551976 ], [ 105.226576, 34.548748 ], [ 105.223001, 34.547705 ], [ 105.218464, 34.54328 ], [ 105.218699, 34.538465 ], [ 105.222723, 34.531177 ] ] ] ] } },
{ "type": "Feature", "properties": { "adcode": 620503, "name": "麦积区", "center": [ 105.897631, 34.563504 ], "centroid": [ 106.135585, 34.415993 ], "childrenNum": 0, "level": "district", "parent": { "adcode": 620500 }, "subFeatureIndex": 1, "acroutes": [ 100000, 620000, 620500 ] }, "geometry": { "type": "MultiPolygon", "coordinates": [ [ [ [ 106.341361, 34.553906 ], [ 106.339028, 34.556678 ], [ 106.336353, 34.556257 ], [ 106.332457, 34.561181 ], [ 106.329846, 34.561092 ], [ 106.325052, 34.555769 ], [ 106.318909, 34.547894 ], [ 106.319145, 34.545986 ], [ 106.321071, 34.544189 ], [ 106.319701, 34.540673 ], [ 106.322141, 34.537656 ], [ 106.322269, 34.53587 ], [ 106.318609, 34.534072 ], [ 106.316469, 34.534039 ], [ 106.315506, 34.541538 ], [ 106.312424, 34.542071 ], [ 106.311482, 34.54369 ], [ 106.311439, 34.548238 ], [ 106.309963, 34.550257 ], [ 106.299625, 34.555769 ], [ 106.296072, 34.556412 ], [ 106.280747, 34.551721 ], [ 106.273384, 34.548682 ], [ 106.270752, 34.548094 ], [ 106.257632, 34.550079 ], [ 106.251831, 34.548537 ], [ 106.248814, 34.54856 ], [ 106.242072, 34.547217 ], [ 106.230707, 34.549081 ], [ 106.224414, 34.552353 ], [ 106.22313, 34.555292 ], [ 106.224029, 34.562989 ], [ 106.223322, 34.565273 ], [ 106.219384, 34.56901 ], [ 106.215467, 34.573756 ], [ 106.213263, 34.574078 ], [ 106.209153, 34.572714 ], [ 106.204958, 34.56962 ], [ 106.204102, 34.565661 ], [ 106.202155, 34.565018 ], [ 106.193572, 34.566859 ], [ 106.189762, 34.564796 ], [ 106.185246, 34.565207 ], [ 106.180944, 34.569077 ], [ 106.179446, 34.571705 ], [ 106.178269, 34.576672 ], [ 106.176021, 34.578535 ], [ 106.171441, 34.578502 ], [ 106.16913, 34.577726 ], [ 106.163843, 34.573401 ], [ 106.159862, 34.574166 ], [ 106.156459, 34.572148 ], [ 106.152585, 34.568079 ], [ 106.148861, 34.567092 ], [ 106.145714, 34.571161 ], [ 106.141926, 34.577171 ], [ 106.138223, 34.578069 ], [ 106.134735, 34.57797 ], [ 106.128913, 34.575863 ], [ 106.121144, 34.575575 ], [ 106.118811, 34.576384 ], [ 106.117912, 34.5792 ], [ 106.120095, 34.583192 ], [ 106.119003, 34.587682 ], [ 106.117077, 34.589478 ], [ 106.114915, 34.595076 ], [ 106.113246, 34.59634 ], [ 106.110592, 34.595919 ], [ 106.107338, 34.593513 ], [ 106.105562, 34.590831 ], [ 106.106825, 34.587937 ], [ 106.107488, 34.583901 ], [ 106.107167, 34.580597 ], [ 106.105669, 34.578757 ], [ 106.101474, 34.577515 ], [ 106.095481, 34.577027 ], [ 106.087605, 34.577404 ], [ 106.083388, 34.573978 ], [ 106.075491, 34.569088 ], [ 106.069819, 34.5685 ], [ 106.069198, 34.572681 ], [ 106.070803, 34.576817 ], [ 106.070225, 34.579544 ], [ 106.068513, 34.578956 ], [ 106.064382, 34.574699 ], [ 106.060979, 34.573923 ], [ 106.057084, 34.574444 ], [ 106.052011, 34.577415 ], [ 106.051048, 34.585232 ], [ 106.048544, 34.58919 ], [ 106.044884, 34.589068 ], [ 106.044713, 34.583048 ], [ 106.041203, 34.580342 ], [ 106.035402, 34.580098 ], [ 106.031165, 34.576573 ], [ 106.026477, 34.566149 ], [ 106.021126, 34.565118 ], [ 106.015262, 34.568012 ], [ 106.008884, 34.573568 ], [ 106.004025, 34.5742 ], [ 105.996663, 34.580442 ], [ 105.995678, 34.586562 ], [ 105.98838, 34.594511 ], [ 105.986432, 34.594966 ], [ 105.982665, 34.593236 ], [ 105.982344, 34.589711 ], [ 105.97862, 34.589788 ], [ 105.974853, 34.590997 ], [ 105.969909, 34.594467 ], [ 105.969245, 34.597116 ], [ 105.965157, 34.598557 ], [ 105.961818, 34.60063 ], [ 105.959485, 34.600697 ], [ 105.952872, 34.5992 ], [ 105.947649, 34.596473 ], [ 105.947735, 34.591873 ], [ 105.944332, 34.59113 ], [ 105.935899, 34.591163 ], [ 105.928729, 34.590742 ], [ 105.92661, 34.593148 ], [ 105.926118, 34.596562 ], [ 105.92432, 34.597826 ], [ 105.923549, 34.603789 ], [ 105.915737, 34.606926 ], [ 105.910943, 34.609719 ], [ 105.90968, 34.611858 ], [ 105.90754, 34.61249 ], [ 105.905185, 34.611182 ], [ 105.898743, 34.609121 ], [ 105.892172, 34.608422 ], [ 105.887892, 34.61014 ], [ 105.885815, 34.610052 ], [ 105.880978, 34.606494 ], [ 105.88055, 34.605008 ], [ 105.873016, 34.598879 ], [ 105.871368, 34.595232 ], [ 105.867901, 34.593347 ], [ 105.863984, 34.594489 ], [ 105.861373, 34.597371 ], [ 105.861694, 34.601838 ], [ 105.86011, 34.604432 ], [ 105.853218, 34.605518 ], [ 105.853411, 34.607802 ], [ 105.857092, 34.611659 ], [ 105.855123, 34.61822 ], [ 105.855508, 34.620192 ], [ 105.861073, 34.626675 ], [ 105.861266, 34.629113 ], [ 105.851185, 34.632149 ], [ 105.848617, 34.630919 ], [ 105.843822, 34.624769 ], [ 105.839392, 34.622608 ], [ 105.83646, 34.618951 ], [ 105.831066, 34.619117 ], [ 105.828797, 34.622121 ], [ 105.817496, 34.624858 ], [ 105.817475, 34.629324 ], [ 105.815442, 34.631119 ], [ 105.806752, 34.630243 ], [ 105.798362, 34.628293 ], [ 105.793311, 34.630421 ], [ 105.788602, 34.63082 ], [ 105.779805, 34.632692 ], [ 105.777323, 34.631717 ], [ 105.773705, 34.634975 ], [ 105.772015, 34.63503 ], [ 105.767327, 34.632371 ], [ 105.764952, 34.63657 ], [ 105.762576, 34.638509 ], [ 105.762982, 34.641301 ], [ 105.767413, 34.641855 ], [ 105.772057, 34.646187 ], [ 105.772057, 34.647915 ], [ 105.767905, 34.652247 ], [ 105.768933, 34.659004 ], [ 105.768997, 34.664676 ], [ 105.768034, 34.668619 ], [ 105.765743, 34.672506 ], [ 105.766899, 34.678597 ], [ 105.767028, 34.682794 ], [ 105.768676, 34.686006 ], [ 105.771458, 34.689372 ], [ 105.776638, 34.694388 ], [ 105.77606, 34.70133 ], [ 105.776959, 34.70598 ], [ 105.768376, 34.707363 ], [ 105.767541, 34.708537 ], [ 105.771843, 34.712589 ], [ 105.772507, 34.715976 ], [ 105.778264, 34.720559 ], [ 105.777686, 34.725628 ], [ 105.77377, 34.727388 ], [ 105.773085, 34.731571 ], [ 105.778072, 34.732302 ], [ 105.77698, 34.734338 ], [ 105.779677, 34.736485 ], [ 105.78079, 34.739805 ], [ 105.779527, 34.743479 ], [ 105.775354, 34.74775 ], [ 105.770666, 34.748093 ], [ 105.76996, 34.749354 ], [ 105.773128, 34.752773 ], [ 105.77225, 34.758571 ], [ 105.770067, 34.759965 ], [ 105.766236, 34.760131 ], [ 105.76157, 34.759058 ], [ 105.75639, 34.756624 ], [ 105.751318, 34.752397 ], [ 105.750269, 34.750505 ], [ 105.750462, 34.745249 ], [ 105.748407, 34.740447 ], [ 105.743613, 34.740867 ], [ 105.741943, 34.743235 ], [ 105.74098, 34.746677 ], [ 105.741344, 34.749421 ], [ 105.740359, 34.752596 ], [ 105.738048, 34.754256 ], [ 105.726725, 34.756513 ], [ 105.723515, 34.755882 ], [ 105.714975, 34.749277 ], [ 105.712963, 34.74848 ], [ 105.699757, 34.751269 ], [ 105.695584, 34.755329 ], [ 105.695241, 34.760916 ], [ 105.698773, 34.771559 ], [ 105.699115, 34.775519 ], [ 105.696954, 34.776724 ], [ 105.690875, 34.777023 ], [ 105.687065, 34.778074 ], [ 105.675936, 34.775253 ], [ 105.671484, 34.771857 ], [ 105.669472, 34.765143 ], [ 105.662537, 34.763649 ], [ 105.652863, 34.762576 ], [ 105.656694, 34.76106 ], [ 105.659198, 34.758471 ], [ 105.658, 34.756568 ], [ 105.652799, 34.755429 ], [ 105.64946, 34.755307 ], [ 105.644109, 34.756591 ], [ 105.641177, 34.761414 ], [ 105.637067, 34.764789 ], [ 105.634413, 34.765751 ], [ 105.629726, 34.769402 ], [ 105.623776, 34.770032 ], [ 105.618425, 34.769136 ], [ 105.616392, 34.769733 ], [ 105.614723, 34.7722 ], [ 105.612539, 34.773019 ], [ 105.608687, 34.770209 ], [ 105.605969, 34.769789 ], [ 105.601966, 34.770652 ], [ 105.591564, 34.770464 ], [ 105.586492, 34.772466 ], [ 105.581291, 34.775972 ], [ 105.572751, 34.778085 ], [ 105.570118, 34.779302 ], [ 105.559845, 34.778295 ], [ 105.550877, 34.778207 ], [ 105.549229, 34.780142 ], [ 105.545783, 34.78763 ], [ 105.546404, 34.789632 ], [ 105.548608, 34.791413 ], [ 105.550813, 34.795427 ], [ 105.54666, 34.799906 ], [ 105.542144, 34.80037 ], [ 105.535017, 34.799806 ], [ 105.530137, 34.800779 ], [ 105.528382, 34.802913 ], [ 105.524872, 34.804008 ], [ 105.521062, 34.806385 ], [ 105.517959, 34.805335 ], [ 105.514834, 34.803123 ], [ 105.510874, 34.801774 ], [ 105.502805, 34.795515 ], [ 105.501414, 34.79358 ], [ 105.501521, 34.787752 ], [ 105.50227, 34.785473 ], [ 105.501221, 34.783593 ], [ 105.496641, 34.781779 ], [ 105.494501, 34.779899 ], [ 105.496234, 34.777532 ], [ 105.497583, 34.767499 ], [ 105.498696, 34.76595 ], [ 105.505588, 34.761835 ], [ 105.50593, 34.759711 ], [ 105.501906, 34.75814 ], [ 105.493024, 34.750206 ], [ 105.484163, 34.747285 ], [ 105.482365, 34.744441 ], [ 105.484249, 34.738145 ], [ 105.482215, 34.734537 ], [ 105.481038, 34.728782 ], [ 105.478427, 34.724831 ], [ 105.476394, 34.723436 ], [ 105.467597, 34.723857 ], [ 105.469138, 34.721123 ], [ 105.467404, 34.720215 ], [ 105.464515, 34.721344 ], [ 105.462246, 34.726093 ], [ 105.459378, 34.728317 ], [ 105.456489, 34.723713 ], [ 105.450432, 34.7183 ], [ 105.447371, 34.711769 ], [ 105.447885, 34.709124 ], [ 105.450731, 34.707363 ], [ 105.451074, 34.703079 ], [ 105.448099, 34.696934 ], [ 105.445124, 34.694598 ], [ 105.447221, 34.690756 ], [ 105.442213, 34.688076 ], [ 105.436434, 34.681632 ], [ 105.43744, 34.675784 ], [ 105.435364, 34.673403 ], [ 105.431618, 34.67152 ], [ 105.428365, 34.668696 ], [ 105.433395, 34.669438 ], [ 105.437418, 34.668585 ], [ 105.439644, 34.666414 ], [ 105.439174, 34.664454 ], [ 105.431126, 34.659104 ], [ 105.430569, 34.657188 ], [ 105.431918, 34.656069 ], [ 105.441828, 34.652502 ], [ 105.447863, 34.651737 ], [ 105.449468, 34.650707 ], [ 105.452315, 34.646785 ], [ 105.461369, 34.639296 ], [ 105.463209, 34.632105 ], [ 105.470337, 34.627783 ], [ 105.474617, 34.629977 ], [ 105.478577, 34.627362 ], [ 105.483093, 34.626886 ], [ 105.487181, 34.624891 ], [ 105.487416, 34.620835 ], [ 105.489064, 34.617012 ], [ 105.492232, 34.612667 ], [ 105.492425, 34.610528 ], [ 105.49403, 34.609442 ], [ 105.498525, 34.609054 ], [ 105.505545, 34.611969 ], [ 105.507899, 34.612224 ], [ 105.510682, 34.614141 ], [ 105.511324, 34.617444 ], [ 105.512843, 34.61832 ], [ 105.514663, 34.616613 ], [ 105.514363, 34.612135 ], [ 105.516567, 34.611016 ], [ 105.520163, 34.613044 ], [ 105.521768, 34.612778 ], [ 105.523502, 34.609276 ], [ 105.525279, 34.60922 ], [ 105.529709, 34.611105 ], [ 105.537842, 34.607447 ], [ 105.542572, 34.606782 ], [ 105.545612, 34.607325 ], [ 105.556442, 34.612002 ], [ 105.560658, 34.613377 ], [ 105.563569, 34.616535 ], [ 105.565731, 34.621001 ], [ 105.569284, 34.620913 ], [ 105.571745, 34.618131 ], [ 105.575255, 34.615471 ], [ 105.577524, 34.615283 ], [ 105.582297, 34.618696 ], [ 105.58281, 34.61976 ], [ 105.581184, 34.623406 ], [ 105.581911, 34.625567 ], [ 105.58433, 34.627839 ], [ 105.583624, 34.630941 ], [ 105.586406, 34.635252 ], [ 105.589638, 34.637069 ], [ 105.592121, 34.637058 ], [ 105.599205, 34.634886 ], [ 105.601902, 34.637091 ], [ 105.601132, 34.642287 ], [ 105.602009, 34.643251 ], [ 105.6095, 34.642996 ], [ 105.612582, 34.643473 ], [ 105.616285, 34.645079 ], [ 105.624761, 34.646442 ], [ 105.633921, 34.647251 ], [ 105.649824, 34.645932 ], [ 105.655239, 34.644791 ], [ 105.659626, 34.64324 ], [ 105.667417, 34.64293 ], [ 105.673346, 34.641091 ], [ 105.676556, 34.63954 ], [ 105.678889, 34.635906 ], [ 105.685674, 34.636858 ], [ 105.688542, 34.635584 ], [ 105.694193, 34.630775 ], [ 105.697681, 34.63175 ], [ 105.70361, 34.626808 ], [ 105.703995, 34.624847 ], [ 105.699565, 34.623694 ], [ 105.699329, 34.620381 ], [ 105.703503, 34.619472 ], [ 105.717094, 34.614862 ], [ 105.719769, 34.617123 ], [ 105.723066, 34.616979 ], [ 105.72542, 34.612856 ], [ 105.730557, 34.609896 ], [ 105.741579, 34.605097 ], [ 105.748578, 34.602858 ], [ 105.755855, 34.601883 ], [ 105.758338, 34.600785 ], [ 105.760842, 34.597571 ], [ 105.76722, 34.596983 ], [ 105.773449, 34.598125 ], [ 105.779463, 34.598125 ], [ 105.783273, 34.596518 ], [ 105.786312, 34.59644 ], [ 105.789843, 34.593391 ], [ 105.795772, 34.591895 ], [ 105.80153, 34.593669 ], [ 105.803306, 34.593148 ], [ 105.804483, 34.581085 ], [ 105.803863, 34.573479 ], [ 105.802322, 34.572159 ], [ 105.794509, 34.575275 ], [ 105.791363, 34.575741 ], [ 105.78933, 34.574765 ], [ 105.78323, 34.562978 ], [ 105.782203, 34.558042 ], [ 105.778222, 34.558819 ], [ 105.776638, 34.560527 ], [ 105.773042, 34.562379 ], [ 105.770452, 34.561736 ], [ 105.768804, 34.559029 ], [ 105.766107, 34.549769 ], [ 105.76249, 34.541416 ], [ 105.761356, 34.534317 ], [ 105.761185, 34.528636 ], [ 105.762041, 34.524409 ], [ 105.761655, 34.520004 ], [ 105.765401, 34.516809 ], [ 105.766022, 34.514445 ], [ 105.765679, 34.506145 ], [ 105.767777, 34.500274 ], [ 105.768226, 34.495324 ], [ 105.771415, 34.492305 ], [ 105.774326, 34.491173 ], [ 105.78201, 34.490097 ], [ 105.784193, 34.487488 ], [ 105.782566, 34.482315 ], [ 105.785841, 34.481039 ], [ 105.791256, 34.48266 ], [ 105.794253, 34.48206 ], [ 105.796971, 34.479485 ], [ 105.796971, 34.478064 ], [ 105.799411, 34.474467 ], [ 105.796093, 34.471847 ], [ 105.792069, 34.467695 ], [ 105.79239, 34.463054 ], [ 105.794167, 34.459034 ], [ 105.797056, 34.456847 ], [ 105.796478, 34.455359 ], [ 105.79314, 34.453271 ], [ 105.793311, 34.45195 ], [ 105.800417, 34.450218 ], [ 105.802536, 34.447697 ], [ 105.802236, 34.437091 ], [ 105.804654, 34.432848 ], [ 105.804826, 34.428349 ], [ 105.801936, 34.42324 ], [ 105.801893, 34.420351 ], [ 105.804333, 34.414308 ], [ 105.804654, 34.408831 ], [ 105.813601, 34.402753 ], [ 105.815399, 34.398664 ], [ 105.814521, 34.391841 ], [ 105.816212, 34.389107 ], [ 105.82167, 34.388041 ], [ 105.822612, 34.383884 ], [ 105.824945, 34.381595 ], [ 105.828391, 34.381061 ], [ 105.830146, 34.379127 ], [ 105.827898, 34.375704 ], [ 105.828412, 34.374015 ], [ 105.835133, 34.373203 ], [ 105.840013, 34.374137 ], [ 105.842474, 34.373003 ], [ 105.84973, 34.368157 ], [ 105.85874, 34.366067 ], [ 105.862208, 34.366223 ], [ 105.866446, 34.367523 ], [ 105.870748, 34.371592 ], [ 105.879737, 34.385451 ], [ 105.882455, 34.39043 ], [ 105.884381, 34.389863 ], [ 105.88909, 34.384495 ], [ 105.893478, 34.381517 ], [ 105.896667, 34.38065 ], [ 105.898593, 34.378972 ], [ 105.899813, 34.374582 ], [ 105.90343, 34.368112 ], [ 105.909123, 34.362021 ], [ 105.914003, 34.35435 ], [ 105.916358, 34.350003 ], [ 105.916422, 34.347223 ], [ 105.915223, 34.343921 ], [ 105.916807, 34.342142 ], [ 105.923357, 34.340619 ], [ 105.927744, 34.336905 ], [ 105.930634, 34.335504 ], [ 105.937076, 34.335215 ], [ 105.93958, 34.333958 ], [ 105.941956, 34.331122 ], [ 105.949297, 34.328998 ], [ 105.951759, 34.32693 ], [ 105.951866, 34.325484 ], [ 105.945809, 34.319322 ], [ 105.944974, 34.317543 ], [ 105.94827, 34.313772 ], [ 105.948013, 34.311503 ], [ 105.945573, 34.309323 ], [ 105.945381, 34.30514 ], [ 105.948805, 34.302649 ], [ 105.951245, 34.298499 ], [ 105.954862, 34.296285 ], [ 105.958137, 34.295829 ], [ 105.961775, 34.297409 ], [ 105.962738, 34.301158 ], [ 105.96398, 34.302181 ], [ 105.972627, 34.303438 ], [ 105.977186, 34.302693 ], [ 105.978769, 34.300791 ], [ 105.978919, 34.296964 ], [ 105.97603, 34.291256 ], [ 105.97451, 34.287162 ], [ 105.974639, 34.280553 ], [ 105.97603, 34.278761 ], [ 105.985768, 34.276524 ], [ 106.002762, 34.279073 ], [ 106.010254, 34.281087 ], [ 106.011581, 34.280107 ], [ 106.008584, 34.268111 ], [ 106.006144, 34.264149 ], [ 106.006144, 34.258484 ], [ 106.007172, 34.254288 ], [ 106.004368, 34.249969 ], [ 106.0009, 34.242945 ], [ 106.000815, 34.241331 ], [ 106.002698, 34.23641 ], [ 106.003726, 34.231622 ], [ 106.005395, 34.230431 ], [ 106.007214, 34.22689 ], [ 106.008306, 34.222281 ], [ 106.00944, 34.221434 ], [ 106.014235, 34.221858 ], [ 106.016139, 34.219731 ], [ 106.013443, 34.215254 ], [ 106.007749, 34.213305 ], [ 105.997219, 34.207035 ], [ 105.988444, 34.202246 ], [ 105.979668, 34.192879 ], [ 105.976201, 34.184513 ], [ 105.973098, 34.180202 ], [ 105.967661, 34.176459 ], [ 105.962824, 34.167155 ], [ 105.962054, 34.164916 ], [ 105.956938, 34.160748 ], [ 105.955782, 34.158341 ], [ 105.954777, 34.152401 ], [ 105.95681, 34.149225 ], [ 105.959442, 34.147899 ], [ 105.96428, 34.148846 ], [ 105.971535, 34.14616 ], [ 105.980803, 34.149482 ], [ 105.986132, 34.153215 ], [ 105.988144, 34.152992 ], [ 105.99784, 34.153806 ], [ 106.001564, 34.155188 ], [ 106.005588, 34.155176 ], [ 106.015134, 34.157951 ], [ 106.017702, 34.159054 ], [ 106.026884, 34.157383 ], [ 106.035467, 34.159054 ], [ 106.041288, 34.158765 ], [ 106.046596, 34.155377 ], [ 106.049293, 34.151822 ], [ 106.055157, 34.151532 ], [ 106.058603, 34.147632 ], [ 106.062542, 34.147464 ], [ 106.065431, 34.146539 ], [ 106.071724, 34.146606 ], [ 106.076925, 34.141134 ], [ 106.07808, 34.131804 ], [ 106.080863, 34.128293 ], [ 106.081184, 34.125138 ], [ 106.087476, 34.127245 ], [ 106.09257, 34.12632 ], [ 106.098028, 34.126364 ], [ 106.100639, 34.125406 ], [ 106.104192, 34.119999 ], [ 106.107767, 34.11807 ], [ 106.111384, 34.117245 ], [ 106.117398, 34.111392 ], [ 106.121443, 34.112607 ], [ 106.129897, 34.111224 ], [ 106.134756, 34.113332 ], [ 106.139786, 34.113532 ], [ 106.142483, 34.116732 ], [ 106.144751, 34.118037 ], [ 106.148839, 34.124324 ], [ 106.153676, 34.125227 ], [ 106.156074, 34.122752 ], [ 106.162644, 34.120032 ], [ 106.1702, 34.118516 ], [ 106.172704, 34.116286 ], [ 106.177862, 34.114714 ], [ 106.182207, 34.115205 ], [ 106.185631, 34.112094 ], [ 106.191282, 34.110288 ], [ 106.199415, 34.110756 ], [ 106.209368, 34.113856 ], [ 106.213113, 34.116933 ], [ 106.21703, 34.117936 ], [ 106.22069, 34.116766 ], [ 106.22542, 34.116576 ], [ 106.23, 34.118037 ], [ 106.233253, 34.120868 ], [ 106.235907, 34.124737 ], [ 106.246866, 34.132183 ], [ 106.247572, 34.138715 ], [ 106.24571, 34.139986 ], [ 106.243998, 34.149036 ], [ 106.244619, 34.152602 ], [ 106.247808, 34.154073 ], [ 106.250269, 34.153951 ], [ 106.254807, 34.152034 ], [ 106.258274, 34.154029 ], [ 106.261656, 34.157461 ], [ 106.262405, 34.159277 ], [ 106.266621, 34.16145 ], [ 106.266771, 34.166776 ], [ 106.267477, 34.170665 ], [ 106.269832, 34.174453 ], [ 106.270003, 34.179723 ], [ 106.275204, 34.187153 ], [ 106.276937, 34.191219 ], [ 106.276681, 34.193625 ], [ 106.274134, 34.196499 ], [ 106.274219, 34.198226 ], [ 106.276295, 34.20091 ], [ 106.27073, 34.206891 ], [ 106.270816, 34.208895 ], [ 106.273727, 34.210889 ], [ 106.274433, 34.213873 ], [ 106.27942, 34.217582 ], [ 106.281646, 34.221067 ], [ 106.282074, 34.225476 ], [ 106.288238, 34.227982 ], [ 106.292305, 34.228483 ], [ 106.300609, 34.23052 ], [ 106.304269, 34.229707 ], [ 106.309406, 34.230954 ], [ 106.313944, 34.229106 ], [ 106.317475, 34.228817 ], [ 106.323703, 34.230509 ], [ 106.323318, 34.222771 ], [ 106.32578, 34.218227 ], [ 106.329718, 34.217938 ], [ 106.331302, 34.216268 ], [ 106.330274, 34.209051 ], [ 106.330189, 34.203483 ], [ 106.331494, 34.201478 ], [ 106.337722, 34.197312 ], [ 106.339199, 34.193325 ], [ 106.341896, 34.183912 ], [ 106.344614, 34.179311 ], [ 106.343416, 34.17384 ], [ 106.340334, 34.168247 ], [ 106.327406, 34.140855 ], [ 106.327363, 34.133755 ], [ 106.331965, 34.122273 ], [ 106.334662, 34.114235 ], [ 106.336567, 34.109864 ], [ 106.341768, 34.104345 ], [ 106.345064, 34.101814 ], [ 106.363042, 34.100598 ], [ 106.368308, 34.101713 ], [ 106.372182, 34.101925 ], [ 106.383547, 34.104401 ], [ 106.392408, 34.107333 ], [ 106.398486, 34.108437 ], [ 106.402938, 34.109786 ], [ 106.416058, 34.115729 ], [ 106.431169, 34.12302 ], [ 106.45392, 34.13555 ], [ 106.456446, 34.138972 ], [ 106.462846, 34.144868 ], [ 106.46672, 34.147587 ], [ 106.472306, 34.154875 ], [ 106.473718, 34.158531 ], [ 106.47573, 34.166074 ], [ 106.475816, 34.175244 ], [ 106.475003, 34.180024 ], [ 106.478085, 34.183288 ], [ 106.479069, 34.186206 ], [ 106.483521, 34.185416 ], [ 106.48579, 34.185794 ], [ 106.489878, 34.19064 ], [ 106.493581, 34.19788 ], [ 106.494223, 34.201378 ], [ 106.493217, 34.207002 ], [ 106.493752, 34.212214 ], [ 106.49159, 34.216936 ], [ 106.491012, 34.223583 ], [ 106.491933, 34.23533 ], [ 106.491333, 34.236833 ], [ 106.492403, 34.240462 ], [ 106.49418, 34.241843 ], [ 106.493409, 34.247353 ], [ 106.494287, 34.251004 ], [ 106.496534, 34.255112 ], [ 106.506016, 34.267399 ], [ 106.510232, 34.272173 ], [ 106.516375, 34.281509 ], [ 106.520014, 34.285137 ], [ 106.522261, 34.289009 ], [ 106.526434, 34.291957 ], [ 106.537992, 34.290233 ], [ 106.548993, 34.285994 ], [ 106.559759, 34.284747 ], [ 106.562499, 34.283579 ], [ 106.568299, 34.283056 ], [ 106.577117, 34.28092 ], [ 106.581997, 34.273542 ], [ 106.583324, 34.267566 ], [ 106.586791, 34.257449 ], [ 106.589253, 34.253765 ], [ 106.593105, 34.252128 ], [ 106.59974, 34.25185 ], [ 106.602501, 34.250915 ], [ 106.608045, 34.252707 ], [ 106.617526, 34.258595 ], [ 106.621144, 34.260165 ], [ 106.62643, 34.260821 ], [ 106.633622, 34.259853 ], [ 106.641027, 34.253386 ], [ 106.646228, 34.247386 ], [ 106.653099, 34.243902 ], [ 106.659755, 34.243858 ], [ 106.663907, 34.243145 ], [ 106.673111, 34.247442 ], [ 106.679553, 34.252897 ], [ 106.6821, 34.256091 ], [ 106.68409, 34.259976 ], [ 106.687536, 34.268901 ], [ 106.691817, 34.278494 ], [ 106.69492, 34.283056 ], [ 106.701106, 34.290121 ], [ 106.703417, 34.296296 ], [ 106.70513, 34.2995 ], [ 106.70468, 34.308678 ], [ 106.700913, 34.31672 ], [ 106.691924, 34.329854 ], [ 106.690297, 34.333991 ], [ 106.690897, 34.337427 ], [ 106.692866, 34.339251 ], [ 106.696483, 34.339685 ], [ 106.702626, 34.342398 ], [ 106.710973, 34.344399 ], [ 106.714055, 34.346434 ], [ 106.716902, 34.352605 ], [ 106.71673, 34.362977 ], [ 106.717372, 34.369257 ], [ 106.715596, 34.369135 ], [ 106.713627, 34.370947 ], [ 106.711379, 34.375304 ], [ 106.709089, 34.37596 ], [ 106.705301, 34.373281 ], [ 106.703525, 34.370447 ], [ 106.697275, 34.370636 ], [ 106.696098, 34.371547 ], [ 106.693872, 34.377082 ], [ 106.689142, 34.377838 ], [ 106.685738, 34.375404 ], [ 106.681287, 34.376293 ], [ 106.682892, 34.380106 ], [ 106.681693, 34.382273 ], [ 106.679232, 34.384073 ], [ 106.673753, 34.382506 ], [ 106.6699, 34.382862 ], [ 106.665855, 34.380961 ], [ 106.663436, 34.381006 ], [ 106.658621, 34.384673 ], [ 106.653227, 34.390519 ], [ 106.650937, 34.391552 ], [ 106.645179, 34.390197 ], [ 106.64244, 34.391319 ], [ 106.63726, 34.392008 ], [ 106.636597, 34.394953 ], [ 106.640107, 34.399442 ], [ 106.637431, 34.403475 ], [ 106.634499, 34.403764 ], [ 106.630261, 34.402409 ], [ 106.62872, 34.406353 ], [ 106.624547, 34.410942 ], [ 106.624226, 34.415763 ], [ 106.621871, 34.42114 ], [ 106.623905, 34.427194 ], [ 106.621614, 34.42936 ], [ 106.61849, 34.429715 ], [ 106.615557, 34.43879 ], [ 106.61468, 34.440245 ], [ 106.615579, 34.443066 ], [ 106.618554, 34.444398 ], [ 106.619838, 34.447208 ], [ 106.618104, 34.448563 ], [ 106.613695, 34.446275 ], [ 106.61179, 34.452783 ], [ 106.609415, 34.454348 ], [ 106.606589, 34.453782 ], [ 106.602223, 34.448041 ], [ 106.60019, 34.44934 ], [ 106.5976, 34.453527 ], [ 106.592164, 34.454249 ], [ 106.591629, 34.456547 ], [ 106.59546, 34.460711 ], [ 106.598478, 34.461688 ], [ 106.600383, 34.460744 ], [ 106.602608, 34.461533 ], [ 106.602972, 34.463309 ], [ 106.600982, 34.465274 ], [ 106.597814, 34.466107 ], [ 106.595353, 34.46513 ], [ 106.588161, 34.464542 ], [ 106.586385, 34.46362 ], [ 106.58341, 34.465108 ], [ 106.58296, 34.467029 ], [ 106.585422, 34.46996 ], [ 106.579429, 34.473501 ], [ 106.577888, 34.473823 ], [ 106.571745, 34.472613 ], [ 106.567957, 34.474844 ], [ 106.569198, 34.479263 ], [ 106.572772, 34.480173 ], [ 106.5738, 34.481894 ], [ 106.571381, 34.483614 ], [ 106.565624, 34.481139 ], [ 106.561193, 34.48055 ], [ 106.559866, 34.482327 ], [ 106.55901, 34.487965 ], [ 106.554986, 34.489353 ], [ 106.552418, 34.489175 ], [ 106.548394, 34.487033 ], [ 106.545783, 34.483958 ], [ 106.544306, 34.479318 ], [ 106.542615, 34.478019 ], [ 106.539704, 34.478586 ], [ 106.538549, 34.48004 ], [ 106.538806, 34.482815 ], [ 106.541481, 34.48549 ], [ 106.541802, 34.487888 ], [ 106.538163, 34.491995 ], [ 106.536066, 34.493005 ], [ 106.52911, 34.493437 ], [ 106.525536, 34.492738 ], [ 106.521062, 34.496834 ], [ 106.515262, 34.497233 ], [ 106.513892, 34.498043 ], [ 106.511837, 34.502516 ], [ 106.512415, 34.508631 ], [ 106.513999, 34.509319 ], [ 106.513807, 34.51287 ], [ 106.510254, 34.512992 ], [ 106.508691, 34.511649 ], [ 106.501864, 34.511272 ], [ 106.498225, 34.513391 ], [ 106.495357, 34.513713 ], [ 106.493837, 34.515555 ], [ 106.490798, 34.515821 ], [ 106.488872, 34.517164 ], [ 106.48778, 34.5234 ], [ 106.484142, 34.524787 ], [ 106.482044, 34.522545 ], [ 106.478641, 34.521802 ], [ 106.470358, 34.523466 ], [ 106.469224, 34.525574 ], [ 106.469844, 34.528747 ], [ 106.466848, 34.530378 ], [ 106.463573, 34.528947 ], [ 106.462332, 34.527416 ], [ 106.462225, 34.523488 ], [ 106.458972, 34.522878 ], [ 106.457473, 34.524354 ], [ 106.457752, 34.52675 ], [ 106.460491, 34.529424 ], [ 106.456917, 34.531621 ], [ 106.453878, 34.531321 ], [ 106.452058, 34.528825 ], [ 106.451095, 34.525574 ], [ 106.449362, 34.523533 ], [ 106.446579, 34.523355 ], [ 106.437526, 34.527716 ], [ 106.434551, 34.527849 ], [ 106.43134, 34.526606 ], [ 106.426738, 34.523843 ], [ 106.418841, 34.523832 ], [ 106.416272, 34.524609 ], [ 106.407797, 34.523122 ], [ 106.403066, 34.517297 ], [ 106.40251, 34.513047 ], [ 106.399856, 34.510129 ], [ 106.392536, 34.509452 ], [ 106.386286, 34.511705 ], [ 106.385559, 34.515699 ], [ 106.385815, 34.518695 ], [ 106.381663, 34.521181 ], [ 106.379609, 34.520981 ], [ 106.373723, 34.515544 ], [ 106.369635, 34.512759 ], [ 106.366103, 34.512315 ], [ 106.358847, 34.515533 ], [ 106.347397, 34.519394 ], [ 106.342602, 34.51702 ], [ 106.337979, 34.517009 ], [ 106.334448, 34.517885 ], [ 106.335111, 34.521425 ], [ 106.337979, 34.523921 ], [ 106.338878, 34.527682 ], [ 106.342602, 34.532652 ], [ 106.343822, 34.536613 ], [ 106.34333, 34.542969 ], [ 106.339606, 34.548116 ], [ 106.341361, 34.553906 ] ] ] ] } },
{ "type": "Feature", "properties": { "adcode": 620521, "name": "清水县", "center": [ 106.139878, 34.75287 ], "centroid": [ 106.13235, 34.737803 ], "childrenNum": 0, "level": "district", "parent": { "adcode": 620500 }, "subFeatureIndex": 2, "acroutes": [ 100000, 620000, 620500 ] }, "geometry": { "type": "MultiPolygon", "coordinates": [ [ [ [ 106.341361, 34.553906 ], [ 106.344486, 34.557554 ], [ 106.343951, 34.560316 ], [ 106.34226, 34.562989 ], [ 106.340976, 34.568012 ], [ 106.33768, 34.569875 ], [ 106.334619, 34.57064 ], [ 106.332436, 34.573679 ], [ 106.328797, 34.575719 ], [ 106.32212, 34.576528 ], [ 106.317175, 34.579067 ], [ 106.314029, 34.578746 ], [ 106.313344, 34.582516 ], [ 106.317839, 34.585542 ], [ 106.323168, 34.589888 ], [ 106.331815, 34.593757 ], [ 106.336845, 34.594877 ], [ 106.347183, 34.600342 ], [ 106.364798, 34.608068 ], [ 106.368158, 34.610351 ], [ 106.372374, 34.616513 ], [ 106.376591, 34.62109 ], [ 106.378303, 34.623827 ], [ 106.38192, 34.625877 ], [ 106.384724, 34.626553 ], [ 106.390246, 34.624204 ], [ 106.392108, 34.626243 ], [ 106.395169, 34.62693 ], [ 106.397223, 34.631451 ], [ 106.398978, 34.63246 ], [ 106.400541, 34.635573 ], [ 106.404244, 34.637689 ], [ 106.410729, 34.636216 ], [ 106.416358, 34.639673 ], [ 106.419526, 34.643406 ], [ 106.418755, 34.645589 ], [ 106.419354, 34.649123 ], [ 106.421773, 34.654917 ], [ 106.425304, 34.654296 ], [ 106.431019, 34.649156 ], [ 106.439024, 34.643384 ], [ 106.440693, 34.639495 ], [ 106.445787, 34.639451 ], [ 106.446279, 34.63657 ], [ 106.448677, 34.636437 ], [ 106.458458, 34.63893 ], [ 106.464772, 34.637313 ], [ 106.471343, 34.634199 ], [ 106.471086, 34.637712 ], [ 106.468517, 34.638266 ], [ 106.467148, 34.641412 ], [ 106.467768, 34.64344 ], [ 106.471899, 34.644747 ], [ 106.471193, 34.647184 ], [ 106.473718, 34.648403 ], [ 106.472648, 34.65115 ], [ 106.47023, 34.654263 ], [ 106.462546, 34.659868 ], [ 106.45696, 34.661984 ], [ 106.450689, 34.665728 ], [ 106.450453, 34.666736 ], [ 106.44568, 34.669482 ], [ 106.442127, 34.675253 ], [ 106.441357, 34.681676 ], [ 106.441956, 34.68419 ], [ 106.445359, 34.691963 ], [ 106.447328, 34.69493 ], [ 106.456853, 34.703799 ], [ 106.459635, 34.705603 ], [ 106.466313, 34.707607 ], [ 106.473269, 34.710519 ], [ 106.477443, 34.710253 ], [ 106.480503, 34.71229 ], [ 106.486903, 34.715212 ], [ 106.492232, 34.720891 ], [ 106.494223, 34.724543 ], [ 106.498225, 34.736883 ], [ 106.499381, 34.741232 ], [ 106.500793, 34.743512 ], [ 106.496021, 34.747031 ], [ 106.494094, 34.749576 ], [ 106.491933, 34.754643 ], [ 106.487566, 34.762023 ], [ 106.484613, 34.771227 ], [ 106.481081, 34.779755 ], [ 106.480589, 34.784113 ], [ 106.475473, 34.79953 ], [ 106.473868, 34.807801 ], [ 106.473633, 34.811936 ], [ 106.472327, 34.818603 ], [ 106.469331, 34.825512 ], [ 106.46383, 34.830155 ], [ 106.457195, 34.833648 ], [ 106.45026, 34.835549 ], [ 106.445809, 34.835129 ], [ 106.439709, 34.836787 ], [ 106.433866, 34.835914 ], [ 106.428857, 34.835947 ], [ 106.428622, 34.839628 ], [ 106.429756, 34.842833 ], [ 106.438446, 34.849873 ], [ 106.437354, 34.853089 ], [ 106.434893, 34.856095 ], [ 106.431832, 34.856802 ], [ 106.426824, 34.856846 ], [ 106.421816, 34.858029 ], [ 106.415437, 34.858537 ], [ 106.405378, 34.856073 ], [ 106.402852, 34.853796 ], [ 106.401975, 34.850127 ], [ 106.401354, 34.843021 ], [ 106.39855, 34.840059 ], [ 106.395789, 34.841452 ], [ 106.389925, 34.842402 ], [ 106.386607, 34.84448 ], [ 106.378538, 34.847508 ], [ 106.367387, 34.848017 ], [ 106.363171, 34.845519 ], [ 106.358698, 34.843695 ], [ 106.355915, 34.844624 ], [ 106.348146, 34.850161 ], [ 106.339542, 34.853874 ], [ 106.335903, 34.853885 ], [ 106.331409, 34.851608 ], [ 106.320493, 34.846834 ], [ 106.315228, 34.850757 ], [ 106.312445, 34.854205 ], [ 106.310241, 34.85857 ], [ 106.309449, 34.862018 ], [ 106.304783, 34.872128 ], [ 106.299496, 34.875818 ], [ 106.288731, 34.87995 ], [ 106.286376, 34.878679 ], [ 106.284236, 34.879 ], [ 106.279142, 34.88132 ], [ 106.273984, 34.881253 ], [ 106.271908, 34.880613 ], [ 106.269168, 34.877994 ], [ 106.265701, 34.877453 ], [ 106.260928, 34.880491 ], [ 106.255406, 34.881298 ], [ 106.252645, 34.880436 ], [ 106.24967, 34.878116 ], [ 106.24663, 34.877641 ], [ 106.245817, 34.881905 ], [ 106.243206, 34.886931 ], [ 106.243163, 34.889185 ], [ 106.236592, 34.88744 ], [ 106.234088, 34.890146 ], [ 106.234709, 34.893272 ], [ 106.234045, 34.899336 ], [ 106.236571, 34.908546 ], [ 106.236614, 34.911539 ], [ 106.235137, 34.916475 ], [ 106.232804, 34.922173 ], [ 106.231605, 34.921798 ], [ 106.228973, 34.923752 ], [ 106.223815, 34.921212 ], [ 106.220882, 34.920539 ], [ 106.216024, 34.917127 ], [ 106.209453, 34.92415 ], [ 106.205729, 34.923973 ], [ 106.201662, 34.92543 ], [ 106.198966, 34.922681 ], [ 106.199843, 34.919457 ], [ 106.199244, 34.917016 ], [ 106.204873, 34.916243 ], [ 106.210266, 34.918088 ], [ 106.215146, 34.916464 ], [ 106.216516, 34.914642 ], [ 106.216794, 34.909839 ], [ 106.213049, 34.908535 ], [ 106.212343, 34.90329 ], [ 106.209796, 34.90118 ], [ 106.20346, 34.900617 ], [ 106.198195, 34.901854 ], [ 106.197489, 34.896994 ], [ 106.194771, 34.895448 ], [ 106.195113, 34.891847 ], [ 106.19201, 34.889273 ], [ 106.189013, 34.888621 ], [ 106.185375, 34.889085 ], [ 106.184048, 34.887616 ], [ 106.17844, 34.886633 ], [ 106.176193, 34.887031 ], [ 106.173153, 34.89452 ], [ 106.169729, 34.897469 ], [ 106.16913, 34.905498 ], [ 106.169451, 34.908414 ], [ 106.164999, 34.910545 ], [ 106.162473, 34.90753 ], [ 106.15999, 34.906338 ], [ 106.157615, 34.902152 ], [ 106.154939, 34.903047 ], [ 106.153248, 34.900959 ], [ 106.145179, 34.900087 ], [ 106.133472, 34.897624 ], [ 106.118682, 34.8922 ], [ 106.10111, 34.888147 ], [ 106.092442, 34.887903 ], [ 106.088375, 34.890113 ], [ 106.087755, 34.897414 ], [ 106.084673, 34.900087 ], [ 106.080841, 34.900661 ], [ 106.080542, 34.902108 ], [ 106.082211, 34.905598 ], [ 106.080884, 34.912754 ], [ 106.082233, 34.915835 ], [ 106.088611, 34.918275 ], [ 106.094004, 34.91695 ], [ 106.101538, 34.915846 ], [ 106.104856, 34.916332 ], [ 106.106632, 34.918706 ], [ 106.107467, 34.922306 ], [ 106.10706, 34.93009 ], [ 106.108409, 34.932441 ], [ 106.107895, 34.93391 ], [ 106.100147, 34.934119 ], [ 106.088097, 34.933788 ], [ 106.08555, 34.933115 ], [ 106.081826, 34.930719 ], [ 106.076925, 34.929615 ], [ 106.074613, 34.931591 ], [ 106.074356, 34.93381 ], [ 106.075384, 34.940379 ], [ 106.079065, 34.94709 ], [ 106.081505, 34.957466 ], [ 106.084009, 34.961594 ], [ 106.083067, 34.963293 ], [ 106.080542, 34.963326 ], [ 106.075705, 34.961792 ], [ 106.072216, 34.963613 ], [ 106.065859, 34.963448 ], [ 106.061536, 34.960479 ], [ 106.059652, 34.95996 ], [ 106.054644, 34.966449 ], [ 106.051476, 34.968844 ], [ 106.051712, 34.965809 ], [ 106.050492, 34.965313 ], [ 106.043086, 34.965467 ], [ 106.040603, 34.963679 ], [ 106.036451, 34.962002 ], [ 106.036066, 34.960126 ], [ 106.030266, 34.960391 ], [ 106.028939, 34.95889 ], [ 106.034546, 34.947764 ], [ 106.035873, 34.94592 ], [ 106.035531, 34.941428 ], [ 106.032898, 34.935367 ], [ 106.025022, 34.930973 ], [ 106.019414, 34.929637 ], [ 106.014748, 34.931061 ], [ 106.011902, 34.933932 ], [ 106.006572, 34.947863 ], [ 106.004753, 34.950016 ], [ 106.000558, 34.952863 ], [ 105.996149, 34.953029 ], [ 105.98472, 34.947951 ], [ 105.982044, 34.946351 ], [ 105.981252, 34.940854 ], [ 105.980268, 34.940026 ], [ 105.975966, 34.939551 ], [ 105.9768, 34.935577 ], [ 105.980161, 34.933015 ], [ 105.980931, 34.928643 ], [ 105.975152, 34.928754 ], [ 105.971107, 34.929825 ], [ 105.96413, 34.933037 ], [ 105.953792, 34.933501 ], [ 105.946237, 34.9319 ], [ 105.938403, 34.925717 ], [ 105.934165, 34.91356 ], [ 105.932175, 34.906227 ], [ 105.931896, 34.902097 ], [ 105.930184, 34.892234 ], [ 105.931276, 34.884203 ], [ 105.929178, 34.880281 ], [ 105.921281, 34.879762 ], [ 105.915908, 34.880778 ], [ 105.909273, 34.878735 ], [ 105.905185, 34.875928 ], [ 105.901868, 34.871841 ], [ 105.897288, 34.869034 ], [ 105.893456, 34.860349 ], [ 105.891166, 34.860349 ], [ 105.887849, 34.861885 ], [ 105.884274, 34.86215 ], [ 105.879437, 34.860869 ], [ 105.877147, 34.859344 ], [ 105.874857, 34.850669 ], [ 105.876633, 34.845817 ], [ 105.877661, 34.840965 ], [ 105.883525, 34.840192 ], [ 105.886843, 34.835594 ], [ 105.886565, 34.831504 ], [ 105.885302, 34.82717 ], [ 105.881214, 34.824108 ], [ 105.875349, 34.823091 ], [ 105.872567, 34.820803 ], [ 105.87002, 34.817486 ], [ 105.868736, 34.813904 ], [ 105.86773, 34.799607 ], [ 105.867965, 34.793735 ], [ 105.870277, 34.785053 ], [ 105.869249, 34.780463 ], [ 105.864155, 34.777012 ], [ 105.858034, 34.774523 ], [ 105.853026, 34.773616 ], [ 105.849409, 34.772023 ], [ 105.843865, 34.771127 ], [ 105.834705, 34.76772 ], [ 105.820236, 34.758604 ], [ 105.817732, 34.756082 ], [ 105.814671, 34.751733 ], [ 105.809663, 34.74671 ], [ 105.794638, 34.732988 ], [ 105.792134, 34.730011 ], [ 105.786868, 34.728882 ], [ 105.781025, 34.726148 ], [ 105.778243, 34.727299 ], [ 105.773085, 34.731571 ], [ 105.77377, 34.727388 ], [ 105.777686, 34.725628 ], [ 105.778264, 34.720559 ], [ 105.772507, 34.715976 ], [ 105.771843, 34.712589 ], [ 105.767541, 34.708537 ], [ 105.768376, 34.707363 ], [ 105.776959, 34.70598 ], [ 105.77606, 34.70133 ], [ 105.776638, 34.694388 ], [ 105.771458, 34.689372 ], [ 105.768676, 34.686006 ], [ 105.767028, 34.682794 ], [ 105.766899, 34.678597 ], [ 105.765743, 34.672506 ], [ 105.768034, 34.668619 ], [ 105.768997, 34.664676 ], [ 105.768933, 34.659004 ], [ 105.767905, 34.652247 ], [ 105.772057, 34.647915 ], [ 105.772057, 34.646187 ], [ 105.767413, 34.641855 ], [ 105.762982, 34.641301 ], [ 105.762576, 34.638509 ], [ 105.764952, 34.63657 ], [ 105.767327, 34.632371 ], [ 105.772015, 34.63503 ], [ 105.773705, 34.634975 ], [ 105.777323, 34.631717 ], [ 105.779805, 34.632692 ], [ 105.788602, 34.63082 ], [ 105.793311, 34.630421 ], [ 105.798362, 34.628293 ], [ 105.806752, 34.630243 ], [ 105.815442, 34.631119 ], [ 105.817475, 34.629324 ], [ 105.817496, 34.624858 ], [ 105.828797, 34.622121 ], [ 105.831066, 34.619117 ], [ 105.83646, 34.618951 ], [ 105.839392, 34.622608 ], [ 105.843822, 34.624769 ], [ 105.848617, 34.630919 ], [ 105.851185, 34.632149 ], [ 105.861266, 34.629113 ], [ 105.861073, 34.626675 ], [ 105.855508, 34.620192 ], [ 105.855123, 34.61822 ], [ 105.857092, 34.611659 ], [ 105.853411, 34.607802 ], [ 105.853218, 34.605518 ], [ 105.86011, 34.604432 ], [ 105.861694, 34.601838 ], [ 105.861373, 34.597371 ], [ 105.863984, 34.594489 ], [ 105.867901, 34.593347 ], [ 105.871368, 34.595232 ], [ 105.873016, 34.598879 ], [ 105.88055, 34.605008 ], [ 105.880978, 34.606494 ], [ 105.885815, 34.610052 ], [ 105.887892, 34.61014 ], [ 105.892172, 34.608422 ], [ 105.898743, 34.609121 ], [ 105.905185, 34.611182 ], [ 105.90754, 34.61249 ], [ 105.90968, 34.611858 ], [ 105.910943, 34.609719 ], [ 105.915737, 34.606926 ], [ 105.923549, 34.603789 ], [ 105.92432, 34.597826 ], [ 105.926118, 34.596562 ], [ 105.92661, 34.593148 ], [ 105.928729, 34.590742 ], [ 105.935899, 34.591163 ], [ 105.944332, 34.59113 ], [ 105.947735, 34.591873 ], [ 105.947649, 34.596473 ], [ 105.952872, 34.5992 ], [ 105.959485, 34.600697 ], [ 105.961818, 34.60063 ], [ 105.965157, 34.598557 ], [ 105.969245, 34.597116 ], [ 105.969909, 34.594467 ], [ 105.974853, 34.590997 ], [ 105.97862, 34.589788 ], [ 105.982344, 34.589711 ], [ 105.982665, 34.593236 ], [ 105.986432, 34.594966 ], [ 105.98838, 34.594511 ], [ 105.995678, 34.586562 ], [ 105.996663, 34.580442 ], [ 106.004025, 34.5742 ], [ 106.008884, 34.573568 ], [ 106.015262, 34.568012 ], [ 106.021126, 34.565118 ], [ 106.026477, 34.566149 ], [ 106.031165, 34.576573 ], [ 106.035402, 34.580098 ], [ 106.041203, 34.580342 ], [ 106.044713, 34.583048 ], [ 106.044884, 34.589068 ], [ 106.048544, 34.58919 ], [ 106.051048, 34.585232 ], [ 106.052011, 34.577415 ], [ 106.057084, 34.574444 ], [ 106.060979, 34.573923 ], [ 106.064382, 34.574699 ], [ 106.068513, 34.578956 ], [ 106.070225, 34.579544 ], [ 106.070803, 34.576817 ], [ 106.069198, 34.572681 ], [ 106.069819, 34.5685 ], [ 106.075491, 34.569088 ], [ 106.083388, 34.573978 ], [ 106.087605, 34.577404 ], [ 106.095481, 34.577027 ], [ 106.101474, 34.577515 ], [ 106.105669, 34.578757 ], [ 106.107167, 34.580597 ], [ 106.107488, 34.583901 ], [ 106.106825, 34.587937 ], [ 106.105562, 34.590831 ], [ 106.107338, 34.593513 ], [ 106.110592, 34.595919 ], [ 106.113246, 34.59634 ], [ 106.114915, 34.595076 ], [ 106.117077, 34.589478 ], [ 106.119003, 34.587682 ], [ 106.120095, 34.583192 ], [ 106.117912, 34.5792 ], [ 106.118811, 34.576384 ], [ 106.121144, 34.575575 ], [ 106.128913, 34.575863 ], [ 106.134735, 34.57797 ], [ 106.138223, 34.578069 ], [ 106.141926, 34.577171 ], [ 106.145714, 34.571161 ], [ 106.148861, 34.567092 ], [ 106.152585, 34.568079 ], [ 106.156459, 34.572148 ], [ 106.159862, 34.574166 ], [ 106.163843, 34.573401 ], [ 106.16913, 34.577726 ], [ 106.171441, 34.578502 ], [ 106.176021, 34.578535 ], [ 106.178269, 34.576672 ], [ 106.179446, 34.571705 ], [ 106.180944, 34.569077 ], [ 106.185246, 34.565207 ], [ 106.189762, 34.564796 ], [ 106.193572, 34.566859 ], [ 106.202155, 34.565018 ], [ 106.204102, 34.565661 ], [ 106.204958, 34.56962 ], [ 106.209153, 34.572714 ], [ 106.213263, 34.574078 ], [ 106.215467, 34.573756 ], [ 106.219384, 34.56901 ], [ 106.223322, 34.565273 ], [ 106.224029, 34.562989 ], [ 106.22313, 34.555292 ], [ 106.224414, 34.552353 ], [ 106.230707, 34.549081 ], [ 106.242072, 34.547217 ], [ 106.248814, 34.54856 ], [ 106.251831, 34.548537 ], [ 106.257632, 34.550079 ], [ 106.270752, 34.548094 ], [ 106.273384, 34.548682 ], [ 106.280747, 34.551721 ], [ 106.296072, 34.556412 ], [ 106.299625, 34.555769 ], [ 106.309963, 34.550257 ], [ 106.311439, 34.548238 ], [ 106.311482, 34.54369 ], [ 106.312424, 34.542071 ], [ 106.315506, 34.541538 ], [ 106.316469, 34.534039 ], [ 106.318609, 34.534072 ], [ 106.322269, 34.53587 ], [ 106.322141, 34.537656 ], [ 106.319701, 34.540673 ], [ 106.321071, 34.544189 ], [ 106.319145, 34.545986 ], [ 106.318909, 34.547894 ], [ 106.325052, 34.555769 ], [ 106.329846, 34.561092 ], [ 106.332457, 34.561181 ], [ 106.336353, 34.556257 ], [ 106.339028, 34.556678 ], [ 106.341361, 34.553906 ] ] ] ] } },
{ "type": "Feature", "properties": { "adcode": 620522, "name": "秦安县", "center": [ 105.6733, 34.862354 ], "centroid": [ 105.690366, 34.948641 ], "childrenNum": 0, "level": "district", "parent": { "adcode": 620500 }, "subFeatureIndex": 3, "acroutes": [ 100000, 620000, 620500 ] }, "geometry": { "type": "MultiPolygon", "coordinates": [ [ [ [ 105.929093, 35.060255 ], [ 105.921066, 35.061919 ], [ 105.91792, 35.065204 ], [ 105.91578, 35.066163 ], [ 105.909016, 35.065237 ], [ 105.905399, 35.067012 ], [ 105.900049, 35.064763 ], [ 105.898722, 35.06344 ], [ 105.89915, 35.060574 ], [ 105.901611, 35.057025 ], [ 105.900434, 35.052152 ], [ 105.897994, 35.053464 ], [ 105.898272, 35.056672 ], [ 105.896517, 35.059593 ], [ 105.89412, 35.059924 ], [ 105.889989, 35.057697 ], [ 105.887613, 35.051976 ], [ 105.885623, 35.05105 ], [ 105.87856, 35.051237 ], [ 105.870748, 35.052505 ], [ 105.864626, 35.055041 ], [ 105.861566, 35.057345 ], [ 105.858205, 35.056452 ], [ 105.85461, 35.058061 ], [ 105.849623, 35.058822 ], [ 105.847504, 35.062812 ], [ 105.844015, 35.070902 ], [ 105.841254, 35.071531 ], [ 105.828797, 35.069877 ], [ 105.823703, 35.068026 ], [ 105.820364, 35.068037 ], [ 105.815078, 35.069205 ], [ 105.807266, 35.071982 ], [ 105.803092, 35.074054 ], [ 105.797249, 35.074077 ], [ 105.791663, 35.072247 ], [ 105.787189, 35.068367 ], [ 105.784107, 35.062867 ], [ 105.782417, 35.052318 ], [ 105.782117, 35.044975 ], [ 105.778179, 35.030311 ], [ 105.775675, 35.027333 ], [ 105.77484, 35.024356 ], [ 105.767584, 35.020242 ], [ 105.762918, 35.021621 ], [ 105.758937, 35.021852 ], [ 105.754464, 35.023694 ], [ 105.751403, 35.02966 ], [ 105.749456, 35.03632 ], [ 105.746395, 35.040675 ], [ 105.743334, 35.043432 ], [ 105.7425, 35.046188 ], [ 105.738604, 35.047787 ], [ 105.734944, 35.043663 ], [ 105.732997, 35.03976 ], [ 105.73214, 35.033806 ], [ 105.729337, 35.029902 ], [ 105.72542, 35.027377 ], [ 105.72039, 35.028293 ], [ 105.717608, 35.03127 ], [ 105.716216, 35.03815 ], [ 105.713691, 35.03976 ], [ 105.711187, 35.03976 ], [ 105.70727, 35.044104 ], [ 105.705322, 35.051215 ], [ 105.706457, 35.060156 ], [ 105.706457, 35.071861 ], [ 105.704509, 35.075068 ], [ 105.695841, 35.079642 ], [ 105.690233, 35.081471 ], [ 105.681286, 35.086508 ], [ 105.674288, 35.091775 ], [ 105.672297, 35.092458 ], [ 105.668209, 35.096358 ], [ 105.665898, 35.099322 ], [ 105.661103, 35.100424 ], [ 105.655817, 35.102286 ], [ 105.646292, 35.104335 ], [ 105.642654, 35.106395 ], [ 105.639572, 35.10915 ], [ 105.637603, 35.114195 ], [ 105.635933, 35.120386 ], [ 105.637346, 35.130475 ], [ 105.638459, 35.133228 ], [ 105.638459, 35.139417 ], [ 105.630347, 35.142391 ], [ 105.622492, 35.147654 ], [ 105.609072, 35.152917 ], [ 105.604599, 35.156364 ], [ 105.600682, 35.15796 ], [ 105.589766, 35.165766 ], [ 105.585571, 35.17127 ], [ 105.57609, 35.179294 ], [ 105.572451, 35.181364 ], [ 105.56267, 35.182288 ], [ 105.558218, 35.182068 ], [ 105.555414, 35.176334 ], [ 105.555414, 35.172899 ], [ 105.557105, 35.169685 ], [ 105.558496, 35.161428 ], [ 105.555436, 35.159138 ], [ 105.547067, 35.156617 ], [ 105.539533, 35.152741 ], [ 105.536751, 35.148843 ], [ 105.535359, 35.143569 ], [ 105.535659, 35.138757 ], [ 105.544862, 35.133691 ], [ 105.550299, 35.132799 ], [ 105.559909, 35.12771 ], [ 105.563547, 35.120595 ], [ 105.561043, 35.114636 ], [ 105.557127, 35.11143 ], [ 105.552675, 35.108687 ], [ 105.549892, 35.106164 ], [ 105.548779, 35.101812 ], [ 105.548501, 35.095389 ], [ 105.546832, 35.090111 ], [ 105.546297, 35.085758 ], [ 105.544349, 35.079565 ], [ 105.541566, 35.072456 ], [ 105.536002, 35.064906 ], [ 105.531828, 35.062162 ], [ 105.524315, 35.063319 ], [ 105.519842, 35.067453 ], [ 105.51539, 35.074121 ], [ 105.513164, 35.076182 ], [ 105.50563, 35.085604 ], [ 105.500622, 35.085846 ], [ 105.490028, 35.089306 ], [ 105.484998, 35.093218 ], [ 105.48305, 35.09573 ], [ 105.481937, 35.09941 ], [ 105.47802, 35.107442 ], [ 105.474125, 35.113413 ], [ 105.469095, 35.116861 ], [ 105.459314, 35.12879 ], [ 105.45651, 35.13086 ], [ 105.451224, 35.131323 ], [ 105.446772, 35.130177 ], [ 105.443968, 35.127193 ], [ 105.437012, 35.122831 ], [ 105.42417, 35.11664 ], [ 105.420274, 35.114338 ], [ 105.416101, 35.110207 ], [ 105.414431, 35.104467 ], [ 105.414153, 35.098044 ], [ 105.415288, 35.092998 ], [ 105.412805, 35.082221 ], [ 105.411135, 35.079466 ], [ 105.408053, 35.081758 ], [ 105.403559, 35.087014 ], [ 105.400776, 35.088844 ], [ 105.39656, 35.089527 ], [ 105.396303, 35.086541 ], [ 105.397159, 35.080127 ], [ 105.396603, 35.074617 ], [ 105.391594, 35.064972 ], [ 105.388534, 35.065424 ], [ 105.383761, 35.069999 ], [ 105.379822, 35.072049 ], [ 105.376462, 35.07066 ], [ 105.370897, 35.066053 ], [ 105.361972, 35.055471 ], [ 105.357777, 35.05202 ], [ 105.354438, 35.048338 ], [ 105.346027, 35.046927 ], [ 105.336502, 35.049407 ], [ 105.333163, 35.047555 ], [ 105.334576, 35.045813 ], [ 105.33571, 35.041238 ], [ 105.338793, 35.035184 ], [ 105.341661, 35.032626 ], [ 105.348167, 35.033431 ], [ 105.351206, 35.031722 ], [ 105.353882, 35.027951 ], [ 105.350222, 35.022095 ], [ 105.348788, 35.01379 ], [ 105.347054, 35.007922 ], [ 105.345363, 35.005573 ], [ 105.345749, 35.002826 ], [ 105.350372, 35.000885 ], [ 105.348039, 34.996428 ], [ 105.348403, 34.993957 ], [ 105.351185, 34.994067 ], [ 105.354117, 34.992523 ], [ 105.357135, 34.992986 ], [ 105.359275, 34.998381 ], [ 105.356493, 35.003863 ], [ 105.35812, 35.006665 ], [ 105.360003, 35.004613 ], [ 105.364797, 34.996207 ], [ 105.363813, 34.99185 ], [ 105.366617, 34.988352 ], [ 105.368843, 34.988176 ], [ 105.376441, 34.991342 ], [ 105.380144, 34.991166 ], [ 105.384681, 34.996847 ], [ 105.389347, 34.997134 ], [ 105.390053, 34.999296 ], [ 105.388897, 35.003565 ], [ 105.389625, 35.006312 ], [ 105.395554, 35.014739 ], [ 105.398871, 35.015356 ], [ 105.402103, 35.01422 ], [ 105.404693, 35.012092 ], [ 105.405635, 35.009169 ], [ 105.403922, 35.002771 ], [ 105.405485, 35.001613 ], [ 105.409316, 35.001944 ], [ 105.414945, 35.003598 ], [ 105.41929, 35.001359 ], [ 105.42783, 34.999296 ], [ 105.430077, 34.99827 ], [ 105.434615, 34.998712 ], [ 105.438852, 34.997675 ], [ 105.441549, 34.99795 ], [ 105.446857, 34.999925 ], [ 105.449062, 34.998326 ], [ 105.451288, 34.991728 ], [ 105.456617, 34.990162 ], [ 105.458886, 34.980111 ], [ 105.458672, 34.972662 ], [ 105.459421, 34.96784 ], [ 105.458458, 34.966118 ], [ 105.455247, 34.963735 ], [ 105.453728, 34.961494 ], [ 105.4533, 34.957024 ], [ 105.454327, 34.954729 ], [ 105.45315, 34.95187 ], [ 105.453556, 34.949916 ], [ 105.455633, 34.947841 ], [ 105.458757, 34.94645 ], [ 105.464729, 34.94592 ], [ 105.471086, 34.943315 ], [ 105.47359, 34.943503 ], [ 105.481102, 34.941196 ], [ 105.486389, 34.937983 ], [ 105.488358, 34.931326 ], [ 105.489471, 34.923067 ], [ 105.489492, 34.915724 ], [ 105.488957, 34.907464 ], [ 105.492853, 34.904703 ], [ 105.497561, 34.903323 ], [ 105.497583, 34.895978 ], [ 105.496192, 34.892311 ], [ 105.489, 34.88544 ], [ 105.487887, 34.878801 ], [ 105.490113, 34.87236 ], [ 105.490691, 34.868924 ], [ 105.492917, 34.862272 ], [ 105.494051, 34.854692 ], [ 105.493495, 34.8469 ], [ 105.494608, 34.844369 ], [ 105.499338, 34.841606 ], [ 105.499338, 34.836113 ], [ 105.500665, 34.834521 ], [ 105.506401, 34.833626 ], [ 105.50608, 34.831183 ], [ 105.503426, 34.828895 ], [ 105.505181, 34.828519 ], [ 105.506786, 34.826308 ], [ 105.510896, 34.824451 ], [ 105.512501, 34.820781 ], [ 105.516653, 34.816712 ], [ 105.520698, 34.818448 ], [ 105.523973, 34.816812 ], [ 105.525771, 34.814037 ], [ 105.523802, 34.810521 ], [ 105.525107, 34.806971 ], [ 105.528382, 34.802913 ], [ 105.530137, 34.800779 ], [ 105.535017, 34.799806 ], [ 105.542144, 34.80037 ], [ 105.54666, 34.799906 ], [ 105.550813, 34.795427 ], [ 105.548608, 34.791413 ], [ 105.546404, 34.789632 ], [ 105.545783, 34.78763 ], [ 105.549229, 34.780142 ], [ 105.550877, 34.778207 ], [ 105.559845, 34.778295 ], [ 105.570118, 34.779302 ], [ 105.572751, 34.778085 ], [ 105.581291, 34.775972 ], [ 105.586492, 34.772466 ], [ 105.591564, 34.770464 ], [ 105.601966, 34.770652 ], [ 105.605969, 34.769789 ], [ 105.608687, 34.770209 ], [ 105.612539, 34.773019 ], [ 105.614723, 34.7722 ], [ 105.616392, 34.769733 ], [ 105.618425, 34.769136 ], [ 105.623776, 34.770032 ], [ 105.629726, 34.769402 ], [ 105.634413, 34.765751 ], [ 105.637067, 34.764789 ], [ 105.641177, 34.761414 ], [ 105.644109, 34.756591 ], [ 105.64946, 34.755307 ], [ 105.652799, 34.755429 ], [ 105.658, 34.756568 ], [ 105.659198, 34.758471 ], [ 105.656694, 34.76106 ], [ 105.652863, 34.762576 ], [ 105.662537, 34.763649 ], [ 105.669472, 34.765143 ], [ 105.671484, 34.771857 ], [ 105.675936, 34.775253 ], [ 105.687065, 34.778074 ], [ 105.690875, 34.777023 ], [ 105.696954, 34.776724 ], [ 105.699115, 34.775519 ], [ 105.698773, 34.771559 ], [ 105.695241, 34.760916 ], [ 105.695584, 34.755329 ], [ 105.699757, 34.751269 ], [ 105.712963, 34.74848 ], [ 105.714975, 34.749277 ], [ 105.723515, 34.755882 ], [ 105.726725, 34.756513 ], [ 105.738048, 34.754256 ], [ 105.740359, 34.752596 ], [ 105.741344, 34.749421 ], [ 105.74098, 34.746677 ], [ 105.741943, 34.743235 ], [ 105.743613, 34.740867 ], [ 105.748407, 34.740447 ], [ 105.750462, 34.745249 ], [ 105.750269, 34.750505 ], [ 105.751318, 34.752397 ], [ 105.75639, 34.756624 ], [ 105.76157, 34.759058 ], [ 105.766236, 34.760131 ], [ 105.770067, 34.759965 ], [ 105.77225, 34.758571 ], [ 105.773128, 34.752773 ], [ 105.76996, 34.749354 ], [ 105.770666, 34.748093 ], [ 105.775354, 34.74775 ], [ 105.779527, 34.743479 ], [ 105.78079, 34.739805 ], [ 105.779677, 34.736485 ], [ 105.77698, 34.734338 ], [ 105.778072, 34.732302 ], [ 105.773085, 34.731571 ], [ 105.778243, 34.727299 ], [ 105.781025, 34.726148 ], [ 105.786868, 34.728882 ], [ 105.792134, 34.730011 ], [ 105.794638, 34.732988 ], [ 105.809663, 34.74671 ], [ 105.814671, 34.751733 ], [ 105.817732, 34.756082 ], [ 105.820236, 34.758604 ], [ 105.834705, 34.76772 ], [ 105.843865, 34.771127 ], [ 105.849409, 34.772023 ], [ 105.853026, 34.773616 ], [ 105.858034, 34.774523 ], [ 105.864155, 34.777012 ], [ 105.869249, 34.780463 ], [ 105.870277, 34.785053 ], [ 105.867965, 34.793735 ], [ 105.86773, 34.799607 ], [ 105.868736, 34.813904 ], [ 105.87002, 34.817486 ], [ 105.872567, 34.820803 ], [ 105.875349, 34.823091 ], [ 105.881214, 34.824108 ], [ 105.885302, 34.82717 ], [ 105.886565, 34.831504 ], [ 105.886843, 34.835594 ], [ 105.883525, 34.840192 ], [ 105.877661, 34.840965 ], [ 105.876633, 34.845817 ], [ 105.874857, 34.850669 ], [ 105.877147, 34.859344 ], [ 105.879437, 34.860869 ], [ 105.884274, 34.86215 ], [ 105.887849, 34.861885 ], [ 105.891166, 34.860349 ], [ 105.893456, 34.860349 ], [ 105.897288, 34.869034 ], [ 105.901868, 34.871841 ], [ 105.905185, 34.875928 ], [ 105.909273, 34.878735 ], [ 105.915908, 34.880778 ], [ 105.921281, 34.879762 ], [ 105.929178, 34.880281 ], [ 105.931276, 34.884203 ], [ 105.930184, 34.892234 ], [ 105.931896, 34.902097 ], [ 105.932175, 34.906227 ], [ 105.934165, 34.91356 ], [ 105.938403, 34.925717 ], [ 105.946237, 34.9319 ], [ 105.953792, 34.933501 ], [ 105.96413, 34.933037 ], [ 105.971107, 34.929825 ], [ 105.975152, 34.928754 ], [ 105.980931, 34.928643 ], [ 105.980161, 34.933015 ], [ 105.9768, 34.935577 ], [ 105.975966, 34.939551 ], [ 105.980268, 34.940026 ], [ 105.981252, 34.940854 ], [ 105.982044, 34.946351 ], [ 105.98472, 34.947951 ], [ 105.996149, 34.953029 ], [ 106.000558, 34.952863 ], [ 106.004753, 34.950016 ], [ 106.006572, 34.947863 ], [ 106.011902, 34.933932 ], [ 106.014748, 34.931061 ], [ 106.019414, 34.929637 ], [ 106.025022, 34.930973 ], [ 106.032898, 34.935367 ], [ 106.035531, 34.941428 ], [ 106.035873, 34.94592 ], [ 106.034546, 34.947764 ], [ 106.028939, 34.95889 ], [ 106.030266, 34.960391 ], [ 106.036066, 34.960126 ], [ 106.036451, 34.962002 ], [ 106.040603, 34.963679 ], [ 106.043086, 34.965467 ], [ 106.050492, 34.965313 ], [ 106.051712, 34.965809 ], [ 106.051476, 34.968844 ], [ 106.054644, 34.966449 ], [ 106.055628, 34.967807 ], [ 106.055543, 34.971349 ], [ 106.050813, 34.971073 ], [ 106.047538, 34.972795 ], [ 106.046168, 34.975587 ], [ 106.046725, 34.980651 ], [ 106.045612, 34.985032 ], [ 106.042444, 34.989743 ], [ 106.040796, 34.994862 ], [ 106.038934, 34.998634 ], [ 106.034247, 34.998127 ], [ 106.029602, 35.002253 ], [ 106.026648, 35.002606 ], [ 106.021255, 35.000046 ], [ 106.018151, 35.000631 ], [ 106.015241, 35.004735 ], [ 106.012993, 35.010514 ], [ 106.015262, 35.0155 ], [ 106.017745, 35.018963 ], [ 106.015027, 35.021488 ], [ 106.007707, 35.022768 ], [ 105.995485, 35.020794 ], [ 105.992617, 35.026771 ], [ 105.993559, 35.03095 ], [ 105.99007, 35.03256 ], [ 105.983735, 35.03664 ], [ 105.979561, 35.038316 ], [ 105.975538, 35.037301 ], [ 105.965714, 35.047974 ], [ 105.968731, 35.051292 ], [ 105.969438, 35.056187 ], [ 105.967768, 35.061842 ], [ 105.964836, 35.065468 ], [ 105.959614, 35.067563 ], [ 105.943732, 35.067728 ], [ 105.939666, 35.065821 ], [ 105.937055, 35.061633 ], [ 105.932367, 35.056352 ], [ 105.924405, 35.054434 ], [ 105.919739, 35.05288 ], [ 105.916957, 35.05127 ], [ 105.913961, 35.050741 ], [ 105.909487, 35.052571 ], [ 105.907796, 35.055702 ], [ 105.909723, 35.057786 ], [ 105.914217, 35.054699 ], [ 105.929093, 35.060255 ] ] ] ] } },
{ "type": "Feature", "properties": { "adcode": 620523, "name": "甘谷县", "center": [ 105.332347, 34.747327 ], "centroid": [ 105.267882, 34.80365 ], "childrenNum": 0, "level": "district", "parent": { "adcode": 620500 }, "subFeatureIndex": 4, "acroutes": [ 100000, 620000, 620500 ] }, "geometry": { "type": "MultiPolygon", "coordinates": [ [ [ [ 104.994479, 34.939109 ], [ 104.990948, 34.934605 ], [ 104.989942, 34.931911 ], [ 104.99007, 34.927351 ], [ 104.985255, 34.927351 ], [ 104.983885, 34.921533 ], [ 104.979369, 34.918353 ], [ 104.981081, 34.91419 ], [ 104.98335, 34.911418 ], [ 104.987673, 34.911594 ], [ 104.99114, 34.912875 ], [ 104.993473, 34.917679 ], [ 104.996085, 34.918573 ], [ 105.001029, 34.917326 ], [ 105.005267, 34.916906 ], [ 105.008926, 34.915537 ], [ 105.013186, 34.915228 ], [ 105.019971, 34.913262 ], [ 105.019928, 34.909143 ], [ 105.017531, 34.904869 ], [ 105.013443, 34.903025 ], [ 105.012886, 34.90097 ], [ 105.016204, 34.897005 ], [ 105.016097, 34.889141 ], [ 105.012758, 34.888876 ], [ 105.009847, 34.883794 ], [ 105.010146, 34.882623 ], [ 105.015433, 34.882237 ], [ 105.018922, 34.883595 ], [ 105.026306, 34.891781 ], [ 105.029752, 34.889472 ], [ 105.030201, 34.887484 ], [ 105.032812, 34.885838 ], [ 105.033155, 34.884302 ], [ 105.029987, 34.881574 ], [ 105.028018, 34.874625 ], [ 105.025856, 34.872006 ], [ 105.029088, 34.872503 ], [ 105.030244, 34.868681 ], [ 105.035616, 34.864162 ], [ 105.037671, 34.86004 ], [ 105.038142, 34.854548 ], [ 105.041117, 34.853421 ], [ 105.044456, 34.853973 ], [ 105.046425, 34.851443 ], [ 105.051433, 34.855598 ], [ 105.051027, 34.857432 ], [ 105.048758, 34.859863 ], [ 105.051818, 34.866007 ], [ 105.055393, 34.868647 ], [ 105.059609, 34.868095 ], [ 105.062606, 34.865653 ], [ 105.067357, 34.86699 ], [ 105.068064, 34.872305 ], [ 105.073436, 34.868449 ], [ 105.074142, 34.866835 ], [ 105.071638, 34.858007 ], [ 105.069754, 34.853973 ], [ 105.070568, 34.852327 ], [ 105.073607, 34.850768 ], [ 105.076753, 34.847652 ], [ 105.080927, 34.84616 ], [ 105.084694, 34.846967 ], [ 105.09043, 34.850083 ], [ 105.092827, 34.850746 ], [ 105.097686, 34.850746 ], [ 105.100768, 34.849674 ], [ 105.102694, 34.850039 ], [ 105.108387, 34.85415 ], [ 105.112882, 34.854073 ], [ 105.118147, 34.849177 ], [ 105.117441, 34.840136 ], [ 105.112454, 34.837826 ], [ 105.105498, 34.837108 ], [ 105.096851, 34.834787 ], [ 105.090751, 34.832001 ], [ 105.086042, 34.826242 ], [ 105.081077, 34.817962 ], [ 105.078059, 34.808542 ], [ 105.074484, 34.803013 ], [ 105.070867, 34.799552 ], [ 105.06282, 34.794 ], [ 105.060037, 34.791457 ], [ 105.058946, 34.789156 ], [ 105.058132, 34.784334 ], [ 105.060102, 34.781591 ], [ 105.063205, 34.779545 ], [ 105.071017, 34.777764 ], [ 105.073543, 34.776625 ], [ 105.075255, 34.770441 ], [ 105.075319, 34.762642 ], [ 105.073371, 34.758737 ], [ 105.074249, 34.755528 ], [ 105.073157, 34.751623 ], [ 105.071274, 34.741055 ], [ 105.069326, 34.7383 ], [ 105.067421, 34.733464 ], [ 105.067443, 34.729336 ], [ 105.066629, 34.725661 ], [ 105.068342, 34.720857 ], [ 105.068641, 34.716275 ], [ 105.070675, 34.706644 ], [ 105.072622, 34.704596 ], [ 105.074913, 34.696348 ], [ 105.080242, 34.689726 ], [ 105.083602, 34.687224 ], [ 105.085871, 34.682872 ], [ 105.090087, 34.676936 ], [ 105.09486, 34.671454 ], [ 105.096551, 34.668707 ], [ 105.100746, 34.664365 ], [ 105.108815, 34.661186 ], [ 105.115514, 34.657542 ], [ 105.121101, 34.655725 ], [ 105.124761, 34.647938 ], [ 105.125039, 34.645412 ], [ 105.12399, 34.638066 ], [ 105.122898, 34.634399 ], [ 105.117954, 34.624747 ], [ 105.115193, 34.621755 ], [ 105.11301, 34.615782 ], [ 105.110249, 34.612335 ], [ 105.107788, 34.605219 ], [ 105.107531, 34.602237 ], [ 105.108944, 34.596961 ], [ 105.110356, 34.595132 ], [ 105.114252, 34.592626 ], [ 105.118147, 34.591263 ], [ 105.122064, 34.588525 ], [ 105.126516, 34.588081 ], [ 105.135676, 34.585354 ], [ 105.140706, 34.578025 ], [ 105.14184, 34.573667 ], [ 105.141883, 34.569997 ], [ 105.1397, 34.564264 ], [ 105.135826, 34.559207 ], [ 105.135869, 34.553473 ], [ 105.136447, 34.550722 ], [ 105.142033, 34.545454 ], [ 105.144837, 34.538787 ], [ 105.145564, 34.534649 ], [ 105.143874, 34.530733 ], [ 105.143553, 34.527416 ], [ 105.144687, 34.524454 ], [ 105.150059, 34.525841 ], [ 105.15633, 34.525829 ], [ 105.159156, 34.524176 ], [ 105.160804, 34.527327 ], [ 105.164292, 34.527727 ], [ 105.167439, 34.526207 ], [ 105.169579, 34.522767 ], [ 105.172318, 34.521758 ], [ 105.175722, 34.52462 ], [ 105.190832, 34.521103 ], [ 105.194064, 34.522146 ], [ 105.200528, 34.525596 ], [ 105.203396, 34.525619 ], [ 105.204081, 34.520615 ], [ 105.206264, 34.518962 ], [ 105.209218, 34.520371 ], [ 105.212407, 34.520692 ], [ 105.216923, 34.523222 ], [ 105.222466, 34.52746 ], [ 105.222723, 34.531177 ], [ 105.218699, 34.538465 ], [ 105.218464, 34.54328 ], [ 105.223001, 34.547705 ], [ 105.226576, 34.548748 ], [ 105.229957, 34.551976 ], [ 105.230278, 34.554771 ], [ 105.227967, 34.558331 ], [ 105.224157, 34.560205 ], [ 105.22191, 34.562501 ], [ 105.220454, 34.566504 ], [ 105.220775, 34.568057 ], [ 105.223536, 34.569609 ], [ 105.224885, 34.573734 ], [ 105.226939, 34.57644 ], [ 105.232055, 34.579322 ], [ 105.23625, 34.584378 ], [ 105.237256, 34.588514 ], [ 105.244961, 34.585886 ], [ 105.248214, 34.586074 ], [ 105.252837, 34.588325 ], [ 105.255127, 34.588392 ], [ 105.256305, 34.586895 ], [ 105.263839, 34.591352 ], [ 105.26829, 34.593203 ], [ 105.276616, 34.598967 ], [ 105.283529, 34.604499 ], [ 105.29269, 34.610728 ], [ 105.296585, 34.614186 ], [ 105.303242, 34.622243 ], [ 105.303777, 34.624991 ], [ 105.308486, 34.633501 ], [ 105.310134, 34.637401 ], [ 105.311225, 34.643373 ], [ 105.316212, 34.649588 ], [ 105.319551, 34.650752 ], [ 105.325137, 34.650087 ], [ 105.330146, 34.650109 ], [ 105.339071, 34.649455 ], [ 105.347996, 34.648115 ], [ 105.35217, 34.648137 ], [ 105.365825, 34.652768 ], [ 105.369699, 34.655072 ], [ 105.376034, 34.657409 ], [ 105.379887, 34.665695 ], [ 105.381556, 34.667179 ], [ 105.388512, 34.670933 ], [ 105.391937, 34.673935 ], [ 105.395832, 34.679505 ], [ 105.399877, 34.677877 ], [ 105.399813, 34.673946 ], [ 105.401911, 34.671875 ], [ 105.405549, 34.671842 ], [ 105.406576, 34.673558 ], [ 105.410964, 34.672141 ], [ 105.415416, 34.673049 ], [ 105.417492, 34.670402 ], [ 105.418541, 34.664764 ], [ 105.420296, 34.662837 ], [ 105.422372, 34.662992 ], [ 105.424106, 34.66544 ], [ 105.428129, 34.666758 ], [ 105.428365, 34.668696 ], [ 105.431618, 34.67152 ], [ 105.435364, 34.673403 ], [ 105.43744, 34.675784 ], [ 105.436434, 34.681632 ], [ 105.442213, 34.688076 ], [ 105.447221, 34.690756 ], [ 105.445124, 34.694598 ], [ 105.448099, 34.696934 ], [ 105.451074, 34.703079 ], [ 105.450731, 34.707363 ], [ 105.447885, 34.709124 ], [ 105.447371, 34.711769 ], [ 105.450432, 34.7183 ], [ 105.456489, 34.723713 ], [ 105.459378, 34.728317 ], [ 105.462246, 34.726093 ], [ 105.464515, 34.721344 ], [ 105.467404, 34.720215 ], [ 105.469138, 34.721123 ], [ 105.467597, 34.723857 ], [ 105.476394, 34.723436 ], [ 105.478427, 34.724831 ], [ 105.481038, 34.728782 ], [ 105.482215, 34.734537 ], [ 105.484249, 34.738145 ], [ 105.482365, 34.744441 ], [ 105.484163, 34.747285 ], [ 105.493024, 34.750206 ], [ 105.501906, 34.75814 ], [ 105.50593, 34.759711 ], [ 105.505588, 34.761835 ], [ 105.498696, 34.76595 ], [ 105.497583, 34.767499 ], [ 105.496234, 34.777532 ], [ 105.494501, 34.779899 ], [ 105.496641, 34.781779 ], [ 105.501221, 34.783593 ], [ 105.50227, 34.785473 ], [ 105.501521, 34.787752 ], [ 105.501414, 34.79358 ], [ 105.502805, 34.795515 ], [ 105.510874, 34.801774 ], [ 105.514834, 34.803123 ], [ 105.517959, 34.805335 ], [ 105.521062, 34.806385 ], [ 105.524872, 34.804008 ], [ 105.528382, 34.802913 ], [ 105.525107, 34.806971 ], [ 105.523802, 34.810521 ], [ 105.525771, 34.814037 ], [ 105.523973, 34.816812 ], [ 105.520698, 34.818448 ], [ 105.516653, 34.816712 ], [ 105.512501, 34.820781 ], [ 105.510896, 34.824451 ], [ 105.506786, 34.826308 ], [ 105.505181, 34.828519 ], [ 105.503426, 34.828895 ], [ 105.50608, 34.831183 ], [ 105.506401, 34.833626 ], [ 105.500665, 34.834521 ], [ 105.499338, 34.836113 ], [ 105.499338, 34.841606 ], [ 105.494608, 34.844369 ], [ 105.493495, 34.8469 ], [ 105.494051, 34.854692 ], [ 105.492917, 34.862272 ], [ 105.490691, 34.868924 ], [ 105.490113, 34.87236 ], [ 105.487887, 34.878801 ], [ 105.489, 34.88544 ], [ 105.496192, 34.892311 ], [ 105.497583, 34.895978 ], [ 105.497561, 34.903323 ], [ 105.492853, 34.904703 ], [ 105.488957, 34.907464 ], [ 105.489492, 34.915724 ], [ 105.489471, 34.923067 ], [ 105.488358, 34.931326 ], [ 105.486389, 34.937983 ], [ 105.481102, 34.941196 ], [ 105.47359, 34.943503 ], [ 105.471086, 34.943315 ], [ 105.464729, 34.94592 ], [ 105.458757, 34.94645 ], [ 105.455633, 34.947841 ], [ 105.453556, 34.949916 ], [ 105.45315, 34.95187 ], [ 105.454327, 34.954729 ], [ 105.4533, 34.957024 ], [ 105.453728, 34.961494 ], [ 105.455247, 34.963735 ], [ 105.458458, 34.966118 ], [ 105.459421, 34.96784 ], [ 105.458672, 34.972662 ], [ 105.458886, 34.980111 ], [ 105.456617, 34.990162 ], [ 105.451288, 34.991728 ], [ 105.449062, 34.998326 ], [ 105.446857, 34.999925 ], [ 105.441549, 34.99795 ], [ 105.438852, 34.997675 ], [ 105.434615, 34.998712 ], [ 105.430077, 34.99827 ], [ 105.42783, 34.999296 ], [ 105.41929, 35.001359 ], [ 105.414945, 35.003598 ], [ 105.409316, 35.001944 ], [ 105.405485, 35.001613 ], [ 105.403922, 35.002771 ], [ 105.405635, 35.009169 ], [ 105.404693, 35.012092 ], [ 105.402103, 35.01422 ], [ 105.398871, 35.015356 ], [ 105.395554, 35.014739 ], [ 105.389625, 35.006312 ], [ 105.388897, 35.003565 ], [ 105.390053, 34.999296 ], [ 105.389347, 34.997134 ], [ 105.384681, 34.996847 ], [ 105.380144, 34.991166 ], [ 105.376441, 34.991342 ], [ 105.368843, 34.988176 ], [ 105.366617, 34.988352 ], [ 105.363813, 34.99185 ], [ 105.364797, 34.996207 ], [ 105.360003, 35.004613 ], [ 105.35812, 35.006665 ], [ 105.356493, 35.003863 ], [ 105.359275, 34.998381 ], [ 105.357135, 34.992986 ], [ 105.354117, 34.992523 ], [ 105.351185, 34.994067 ], [ 105.348403, 34.993957 ], [ 105.348039, 34.996428 ], [ 105.350372, 35.000885 ], [ 105.345749, 35.002826 ], [ 105.345363, 35.005573 ], [ 105.347054, 35.007922 ], [ 105.348788, 35.01379 ], [ 105.350222, 35.022095 ], [ 105.353882, 35.027951 ], [ 105.351206, 35.031722 ], [ 105.348167, 35.033431 ], [ 105.341661, 35.032626 ], [ 105.338793, 35.035184 ], [ 105.33571, 35.041238 ], [ 105.334576, 35.045813 ], [ 105.333163, 35.047555 ], [ 105.329504, 35.045471 ], [ 105.327556, 35.043178 ], [ 105.321413, 35.038327 ], [ 105.313858, 35.040598 ], [ 105.31161, 35.043564 ], [ 105.30626, 35.047445 ], [ 105.30123, 35.049947 ], [ 105.297313, 35.046717 ], [ 105.296478, 35.044645 ], [ 105.297613, 35.042131 ], [ 105.297634, 35.034324 ], [ 105.29879, 35.027907 ], [ 105.299111, 35.019658 ], [ 105.29772, 35.014606 ], [ 105.294103, 35.009312 ], [ 105.290207, 35.006775 ], [ 105.287682, 35.008143 ], [ 105.285691, 35.013184 ], [ 105.283701, 35.021665 ], [ 105.283679, 35.025094 ], [ 105.282566, 35.028072 ], [ 105.279463, 35.032417 ], [ 105.276103, 35.033552 ], [ 105.267713, 35.03192 ], [ 105.261869, 35.028226 ], [ 105.2602, 35.025701 ], [ 105.25547, 35.020419 ], [ 105.252409, 35.016272 ], [ 105.24967, 35.00961 ], [ 105.252773, 35.000223 ], [ 105.257289, 34.98854 ], [ 105.259836, 34.979824 ], [ 105.258766, 34.972254 ], [ 105.254592, 34.964673 ], [ 105.250419, 34.96305 ], [ 105.241237, 34.955921 ], [ 105.239289, 34.953393 ], [ 105.23625, 34.946958 ], [ 105.231563, 34.939142 ], [ 105.217736, 34.932088 ], [ 105.216131, 34.931955 ], [ 105.211144, 34.933888 ], [ 105.207784, 34.934484 ], [ 105.203567, 34.937045 ], [ 105.192908, 34.937531 ], [ 105.191132, 34.940787 ], [ 105.192223, 34.947388 ], [ 105.19355, 34.950247 ], [ 105.193486, 34.954949 ], [ 105.186102, 34.963216 ], [ 105.181179, 34.965291 ], [ 105.180152, 34.967023 ], [ 105.176792, 34.967476 ], [ 105.172618, 34.969308 ], [ 105.163436, 34.968601 ], [ 105.154811, 34.966516 ], [ 105.150359, 34.96582 ], [ 105.14535, 34.964209 ], [ 105.130582, 34.963933 ], [ 105.123327, 34.965291 ], [ 105.115514, 34.965721 ], [ 105.108537, 34.966615 ], [ 105.103208, 34.968193 ], [ 105.092592, 34.969065 ], [ 105.088675, 34.970886 ], [ 105.079685, 34.9768 ], [ 105.072665, 34.979746 ], [ 105.069326, 34.980408 ], [ 105.06344, 34.980607 ], [ 105.058111, 34.981942 ], [ 105.056185, 34.979173 ], [ 105.056206, 34.975278 ], [ 105.05764, 34.970466 ], [ 105.059609, 34.96773 ], [ 105.061985, 34.966637 ], [ 105.062627, 34.964882 ], [ 105.065795, 34.961803 ], [ 105.070289, 34.960004 ], [ 105.073671, 34.955656 ], [ 105.073693, 34.95176 ], [ 105.072044, 34.94602 ], [ 105.070675, 34.943492 ], [ 105.068727, 34.942565 ], [ 105.059823, 34.936084 ], [ 105.055906, 34.935135 ], [ 105.050877, 34.932585 ], [ 105.035381, 34.92543 ], [ 105.031956, 34.922151 ], [ 105.022625, 34.922836 ], [ 105.022368, 34.92734 ], [ 105.019393, 34.927628 ], [ 105.015626, 34.92532 ], [ 105.009333, 34.926788 ], [ 105.007921, 34.928732 ], [ 105.011045, 34.931503 ], [ 105.010082, 34.936062 ], [ 105.0073, 34.939463 ], [ 104.999745, 34.937586 ], [ 104.996234, 34.937751 ], [ 104.994479, 34.939109 ] ] ] ] } },
{ "type": "Feature", "properties": { "adcode": 620524, "name": "武山县", "center": [ 104.891696, 34.721955 ], "centroid": [ 104.880927, 34.673303 ], "childrenNum": 0, "level": "district", "parent": { "adcode": 620500 }, "subFeatureIndex": 5, "acroutes": [ 100000, 620000, 620500 ] }, "geometry": { "type": "MultiPolygon", "coordinates": [ [ [ [ 104.994479, 34.939109 ], [ 104.99007, 34.941549 ], [ 104.987652, 34.941615 ], [ 104.981145, 34.938359 ], [ 104.976458, 34.937895 ], [ 104.969759, 34.939529 ], [ 104.97237, 34.94273 ], [ 104.973911, 34.947146 ], [ 104.9713, 34.953205 ], [ 104.96764, 34.953217 ], [ 104.960748, 34.950578 ], [ 104.956617, 34.949684 ], [ 104.955226, 34.947918 ], [ 104.955162, 34.945004 ], [ 104.952979, 34.942543 ], [ 104.950196, 34.941869 ], [ 104.94705, 34.938756 ], [ 104.9405, 34.936272 ], [ 104.9347, 34.935808 ], [ 104.931982, 34.939474 ], [ 104.931961, 34.94177 ], [ 104.930077, 34.944717 ], [ 104.924341, 34.948084 ], [ 104.923485, 34.95017 ], [ 104.920981, 34.950027 ], [ 104.91548, 34.94464 ], [ 104.910707, 34.943139 ], [ 104.909145, 34.941792 ], [ 104.907861, 34.936846 ], [ 104.909937, 34.934484 ], [ 104.907903, 34.930421 ], [ 104.904714, 34.929339 ], [ 104.90191, 34.929438 ], [ 104.898743, 34.926181 ], [ 104.898572, 34.924922 ], [ 104.901718, 34.923498 ], [ 104.904372, 34.919755 ], [ 104.907925, 34.918242 ], [ 104.910365, 34.916001 ], [ 104.910236, 34.914764 ], [ 104.906213, 34.911296 ], [ 104.9048, 34.908624 ], [ 104.902189, 34.907067 ], [ 104.903537, 34.905454 ], [ 104.90694, 34.905189 ], [ 104.909787, 34.903919 ], [ 104.910151, 34.90255 ], [ 104.90587, 34.895868 ], [ 104.905185, 34.888135 ], [ 104.903302, 34.880104 ], [ 104.897844, 34.866305 ], [ 104.895918, 34.862394 ], [ 104.887035, 34.857996 ], [ 104.878709, 34.856117 ], [ 104.874814, 34.857233 ], [ 104.868372, 34.860648 ], [ 104.859147, 34.863587 ], [ 104.85386, 34.86425 ], [ 104.850243, 34.865841 ], [ 104.84607, 34.865134 ], [ 104.839927, 34.866018 ], [ 104.819915, 34.865697 ], [ 104.81099, 34.866802 ], [ 104.806516, 34.868161 ], [ 104.794317, 34.869288 ], [ 104.788238, 34.868217 ], [ 104.780233, 34.867719 ], [ 104.771479, 34.865211 ], [ 104.762297, 34.864007 ], [ 104.757846, 34.862139 ], [ 104.750376, 34.857266 ], [ 104.744854, 34.8531 ], [ 104.740937, 34.852835 ], [ 104.735329, 34.856239 ], [ 104.728844, 34.86215 ], [ 104.724071, 34.86372 ], [ 104.715703, 34.86341 ], [ 104.712086, 34.862692 ], [ 104.70819, 34.861057 ], [ 104.70483, 34.861255 ], [ 104.697317, 34.859576 ], [ 104.693679, 34.860228 ], [ 104.688606, 34.862482 ], [ 104.685546, 34.862913 ], [ 104.676, 34.866714 ], [ 104.672896, 34.868747 ], [ 104.662259, 34.870714 ], [ 104.657764, 34.872271 ], [ 104.647426, 34.872868 ], [ 104.638501, 34.872548 ], [ 104.630967, 34.870647 ], [ 104.62613, 34.868305 ], [ 104.620159, 34.864581 ], [ 104.617954, 34.862504 ], [ 104.61301, 34.855123 ], [ 104.607552, 34.846127 ], [ 104.604706, 34.844292 ], [ 104.602801, 34.839827 ], [ 104.598777, 34.838898 ], [ 104.598542, 34.835737 ], [ 104.597022, 34.833726 ], [ 104.597386, 34.824318 ], [ 104.599655, 34.818592 ], [ 104.599762, 34.815264 ], [ 104.597343, 34.804395 ], [ 104.594796, 34.800315 ], [ 104.588611, 34.794653 ], [ 104.584351, 34.787343 ], [ 104.583153, 34.776194 ], [ 104.584159, 34.770696 ], [ 104.583966, 34.768406 ], [ 104.58769, 34.764921 ], [ 104.592913, 34.763162 ], [ 104.59531, 34.758825 ], [ 104.602244, 34.75232 ], [ 104.606332, 34.745736 ], [ 104.605605, 34.742361 ], [ 104.601752, 34.737747 ], [ 104.598178, 34.732158 ], [ 104.591842, 34.726093 ], [ 104.582618, 34.725418 ], [ 104.57793, 34.72275 ], [ 104.578037, 34.719075 ], [ 104.582211, 34.718234 ], [ 104.593276, 34.713474 ], [ 104.5976, 34.711028 ], [ 104.601581, 34.710076 ], [ 104.596958, 34.706212 ], [ 104.59516, 34.70402 ], [ 104.590601, 34.702271 ], [ 104.589295, 34.699503 ], [ 104.591757, 34.696591 ], [ 104.596059, 34.696336 ], [ 104.598092, 34.694454 ], [ 104.598328, 34.691066 ], [ 104.600318, 34.685862 ], [ 104.600211, 34.683902 ], [ 104.601709, 34.67904 ], [ 104.60111, 34.675308 ], [ 104.599804, 34.673691 ], [ 104.600061, 34.669626 ], [ 104.597108, 34.66719 ], [ 104.595524, 34.664808 ], [ 104.594411, 34.660821 ], [ 104.594133, 34.656279 ], [ 104.595524, 34.653997 ], [ 104.599612, 34.653288 ], [ 104.607017, 34.653521 ], [ 104.61575, 34.653056 ], [ 104.619431, 34.653443 ], [ 104.6214, 34.657154 ], [ 104.623048, 34.658185 ], [ 104.62765, 34.658118 ], [ 104.631631, 34.657199 ], [ 104.636703, 34.656977 ], [ 104.642247, 34.657431 ], [ 104.644216, 34.655681 ], [ 104.65434, 34.65752 ], [ 104.657101, 34.659093 ], [ 104.665341, 34.661308 ], [ 104.675507, 34.666448 ], [ 104.686487, 34.670003 ], [ 104.692009, 34.672462 ], [ 104.6995, 34.673669 ], [ 104.700207, 34.672185 ], [ 104.698216, 34.66431 ], [ 104.695969, 34.659813 ], [ 104.691795, 34.653067 ], [ 104.691217, 34.649466 ], [ 104.689248, 34.644736 ], [ 104.692074, 34.639473 ], [ 104.691046, 34.634554 ], [ 104.686038, 34.628493 ], [ 104.687022, 34.625501 ], [ 104.690083, 34.623905 ], [ 104.690875, 34.618153 ], [ 104.689377, 34.61546 ], [ 104.683662, 34.612412 ], [ 104.682506, 34.608245 ], [ 104.683705, 34.605108 ], [ 104.683576, 34.599233 ], [ 104.680666, 34.593303 ], [ 104.678097, 34.591086 ], [ 104.674651, 34.581462 ], [ 104.671591, 34.57583 ], [ 104.675079, 34.569055 ], [ 104.679018, 34.564308 ], [ 104.679381, 34.562279 ], [ 104.684561, 34.556179 ], [ 104.689655, 34.554649 ], [ 104.695562, 34.545154 ], [ 104.702261, 34.540906 ], [ 104.706499, 34.539952 ], [ 104.71063, 34.53993 ], [ 104.716323, 34.541394 ], [ 104.721653, 34.545731 ], [ 104.726939, 34.547084 ], [ 104.729936, 34.548726 ], [ 104.73488, 34.554571 ], [ 104.73854, 34.555569 ], [ 104.744897, 34.552774 ], [ 104.745903, 34.551144 ], [ 104.744362, 34.546097 ], [ 104.74449, 34.5442 ], [ 104.747636, 34.541172 ], [ 104.74663, 34.535703 ], [ 104.752623, 34.529846 ], [ 104.753886, 34.527483 ], [ 104.75395, 34.523888 ], [ 104.752645, 34.522634 ], [ 104.754335, 34.516609 ], [ 104.754442, 34.506744 ], [ 104.750932, 34.497544 ], [ 104.748364, 34.495002 ], [ 104.745988, 34.488809 ], [ 104.746609, 34.480129 ], [ 104.748428, 34.472957 ], [ 104.756519, 34.471758 ], [ 104.761227, 34.47248 ], [ 104.768119, 34.476432 ], [ 104.783273, 34.487066 ], [ 104.786034, 34.488454 ], [ 104.789651, 34.488021 ], [ 104.791877, 34.485967 ], [ 104.793011, 34.482304 ], [ 104.793075, 34.476576 ], [ 104.790978, 34.464175 ], [ 104.790164, 34.461422 ], [ 104.789972, 34.453627 ], [ 104.79117, 34.445376 ], [ 104.790122, 34.437579 ], [ 104.791556, 34.431848 ], [ 104.794359, 34.430715 ], [ 104.79879, 34.430971 ], [ 104.803199, 34.433514 ], [ 104.809256, 34.436069 ], [ 104.816961, 34.441378 ], [ 104.828819, 34.44602 ], [ 104.837936, 34.445609 ], [ 104.842966, 34.443565 ], [ 104.85157, 34.439245 ], [ 104.857713, 34.434236 ], [ 104.862165, 34.431726 ], [ 104.866617, 34.430149 ], [ 104.870512, 34.427872 ], [ 104.879116, 34.424473 ], [ 104.885794, 34.422906 ], [ 104.894912, 34.425472 ], [ 104.900969, 34.43056 ], [ 104.908139, 34.434725 ], [ 104.918113, 34.43869 ], [ 104.922843, 34.438956 ], [ 104.930355, 34.437857 ], [ 104.946194, 34.437968 ], [ 104.950924, 34.438235 ], [ 104.966784, 34.437213 ], [ 104.978234, 34.433403 ], [ 104.981295, 34.431371 ], [ 104.984077, 34.428483 ], [ 104.986346, 34.428794 ], [ 104.989, 34.425606 ], [ 104.994351, 34.424995 ], [ 104.996748, 34.42264 ], [ 105.005823, 34.422251 ], [ 105.013079, 34.420473 ], [ 105.022539, 34.420318 ], [ 105.031721, 34.421307 ], [ 105.038934, 34.423417 ], [ 105.044734, 34.427594 ], [ 105.049443, 34.431526 ], [ 105.053616, 34.433836 ], [ 105.059695, 34.438012 ], [ 105.064425, 34.44311 ], [ 105.068085, 34.441389 ], [ 105.070332, 34.444732 ], [ 105.073008, 34.446986 ], [ 105.0738, 34.449973 ], [ 105.076603, 34.453827 ], [ 105.079921, 34.455048 ], [ 105.080841, 34.45879 ], [ 105.082361, 34.460345 ], [ 105.08555, 34.460134 ], [ 105.089103, 34.458668 ], [ 105.092656, 34.461666 ], [ 105.09715, 34.461588 ], [ 105.102587, 34.459601 ], [ 105.107146, 34.460367 ], [ 105.110228, 34.462043 ], [ 105.111598, 34.464231 ], [ 105.111191, 34.46886 ], [ 105.116071, 34.4744 ], [ 105.116007, 34.479274 ], [ 105.117505, 34.483292 ], [ 105.119752, 34.486911 ], [ 105.122085, 34.488354 ], [ 105.123969, 34.493005 ], [ 105.126794, 34.494503 ], [ 105.126644, 34.503459 ], [ 105.128399, 34.508442 ], [ 105.132102, 34.51024 ], [ 105.135954, 34.513502 ], [ 105.140556, 34.512959 ], [ 105.145243, 34.513458 ], [ 105.145564, 34.514978 ], [ 105.143488, 34.51895 ], [ 105.144516, 34.520293 ], [ 105.144687, 34.524454 ], [ 105.143553, 34.527416 ], [ 105.143874, 34.530733 ], [ 105.145564, 34.534649 ], [ 105.144837, 34.538787 ], [ 105.142033, 34.545454 ], [ 105.136447, 34.550722 ], [ 105.135869, 34.553473 ], [ 105.135826, 34.559207 ], [ 105.1397, 34.564264 ], [ 105.141883, 34.569997 ], [ 105.14184, 34.573667 ], [ 105.140706, 34.578025 ], [ 105.135676, 34.585354 ], [ 105.126516, 34.588081 ], [ 105.122064, 34.588525 ], [ 105.118147, 34.591263 ], [ 105.114252, 34.592626 ], [ 105.110356, 34.595132 ], [ 105.108944, 34.596961 ], [ 105.107531, 34.602237 ], [ 105.107788, 34.605219 ], [ 105.110249, 34.612335 ], [ 105.11301, 34.615782 ], [ 105.115193, 34.621755 ], [ 105.117954, 34.624747 ], [ 105.122898, 34.634399 ], [ 105.12399, 34.638066 ], [ 105.125039, 34.645412 ], [ 105.124761, 34.647938 ], [ 105.121101, 34.655725 ], [ 105.115514, 34.657542 ], [ 105.108815, 34.661186 ], [ 105.100746, 34.664365 ], [ 105.096551, 34.668707 ], [ 105.09486, 34.671454 ], [ 105.090087, 34.676936 ], [ 105.085871, 34.682872 ], [ 105.083602, 34.687224 ], [ 105.080242, 34.689726 ], [ 105.074913, 34.696348 ], [ 105.072622, 34.704596 ], [ 105.070675, 34.706644 ], [ 105.068641, 34.716275 ], [ 105.068342, 34.720857 ], [ 105.066629, 34.725661 ], [ 105.067443, 34.729336 ], [ 105.067421, 34.733464 ], [ 105.069326, 34.7383 ], [ 105.071274, 34.741055 ], [ 105.073157, 34.751623 ], [ 105.074249, 34.755528 ], [ 105.073371, 34.758737 ], [ 105.075319, 34.762642 ], [ 105.075255, 34.770441 ], [ 105.073543, 34.776625 ], [ 105.071017, 34.777764 ], [ 105.063205, 34.779545 ], [ 105.060102, 34.781591 ], [ 105.058132, 34.784334 ], [ 105.058946, 34.789156 ], [ 105.060037, 34.791457 ], [ 105.06282, 34.794 ], [ 105.070867, 34.799552 ], [ 105.074484, 34.803013 ], [ 105.078059, 34.808542 ], [ 105.081077, 34.817962 ], [ 105.086042, 34.826242 ], [ 105.090751, 34.832001 ], [ 105.096851, 34.834787 ], [ 105.105498, 34.837108 ], [ 105.112454, 34.837826 ], [ 105.117441, 34.840136 ], [ 105.118147, 34.849177 ], [ 105.112882, 34.854073 ], [ 105.108387, 34.85415 ], [ 105.102694, 34.850039 ], [ 105.100768, 34.849674 ], [ 105.097686, 34.850746 ], [ 105.092827, 34.850746 ], [ 105.09043, 34.850083 ], [ 105.084694, 34.846967 ], [ 105.080927, 34.84616 ], [ 105.076753, 34.847652 ], [ 105.073607, 34.850768 ], [ 105.070568, 34.852327 ], [ 105.069754, 34.853973 ], [ 105.071638, 34.858007 ], [ 105.074142, 34.866835 ], [ 105.073436, 34.868449 ], [ 105.068064, 34.872305 ], [ 105.067357, 34.86699 ], [ 105.062606, 34.865653 ], [ 105.059609, 34.868095 ], [ 105.055393, 34.868647 ], [ 105.051818, 34.866007 ], [ 105.048758, 34.859863 ], [ 105.051027, 34.857432 ], [ 105.051433, 34.855598 ], [ 105.046425, 34.851443 ], [ 105.044456, 34.853973 ], [ 105.041117, 34.853421 ], [ 105.038142, 34.854548 ], [ 105.037671, 34.86004 ], [ 105.035616, 34.864162 ], [ 105.030244, 34.868681 ], [ 105.029088, 34.872503 ], [ 105.025856, 34.872006 ], [ 105.028018, 34.874625 ], [ 105.029987, 34.881574 ], [ 105.033155, 34.884302 ], [ 105.032812, 34.885838 ], [ 105.030201, 34.887484 ], [ 105.029752, 34.889472 ], [ 105.026306, 34.891781 ], [ 105.018922, 34.883595 ], [ 105.015433, 34.882237 ], [ 105.010146, 34.882623 ], [ 105.009847, 34.883794 ], [ 105.012758, 34.888876 ], [ 105.016097, 34.889141 ], [ 105.016204, 34.897005 ], [ 105.012886, 34.90097 ], [ 105.013443, 34.903025 ], [ 105.017531, 34.904869 ], [ 105.019928, 34.909143 ], [ 105.019971, 34.913262 ], [ 105.013186, 34.915228 ], [ 105.008926, 34.915537 ], [ 105.005267, 34.916906 ], [ 105.001029, 34.917326 ], [ 104.996085, 34.918573 ], [ 104.993473, 34.917679 ], [ 104.99114, 34.912875 ], [ 104.987673, 34.911594 ], [ 104.98335, 34.911418 ], [ 104.981081, 34.91419 ], [ 104.979369, 34.918353 ], [ 104.983885, 34.921533 ], [ 104.985255, 34.927351 ], [ 104.99007, 34.927351 ], [ 104.989942, 34.931911 ], [ 104.990948, 34.934605 ], [ 104.994479, 34.939109 ] ] ] ] } },
{ "type": "Feature", "properties": { "adcode": 620525, "name": "张家川回族自治县", "center": [ 106.212416, 34.993237 ], "centroid": [ 106.27515, 34.986457 ], "childrenNum": 0, "level": "district", "parent": { "adcode": 620500 }, "subFeatureIndex": 6, "acroutes": [ 100000, 620000, 620500 ] }, "geometry": { "type": "MultiPolygon", "coordinates": [ [ [ [ 106.500793, 34.743512 ], [ 106.505802, 34.746898 ], [ 106.51218, 34.746146 ], [ 106.522175, 34.745814 ], [ 106.527719, 34.745991 ], [ 106.53964, 34.745648 ], [ 106.544092, 34.746057 ], [ 106.546596, 34.747175 ], [ 106.55276, 34.751933 ], [ 106.552803, 34.756292 ], [ 106.548544, 34.761636 ], [ 106.55306, 34.764479 ], [ 106.55871, 34.766359 ], [ 106.562049, 34.764479 ], [ 106.56603, 34.765286 ], [ 106.575041, 34.770054 ], [ 106.575362, 34.772676 ], [ 106.57731, 34.776813 ], [ 106.579258, 34.778682 ], [ 106.578359, 34.789002 ], [ 106.574998, 34.791236 ], [ 106.573029, 34.793646 ], [ 106.570076, 34.79431 ], [ 106.565859, 34.796677 ], [ 106.565196, 34.798037 ], [ 106.566073, 34.803112 ], [ 106.564853, 34.808951 ], [ 106.561172, 34.811571 ], [ 106.555735, 34.812821 ], [ 106.553681, 34.814689 ], [ 106.55535, 34.817177 ], [ 106.554729, 34.819841 ], [ 106.552097, 34.825037 ], [ 106.550834, 34.829514 ], [ 106.552161, 34.830863 ], [ 106.555864, 34.830785 ], [ 106.555051, 34.836865 ], [ 106.556463, 34.841938 ], [ 106.559374, 34.846989 ], [ 106.559973, 34.85142 ], [ 106.558111, 34.857631 ], [ 106.555928, 34.861322 ], [ 106.551241, 34.864802 ], [ 106.542936, 34.869012 ], [ 106.535467, 34.871841 ], [ 106.531614, 34.874857 ], [ 106.528018, 34.876503 ], [ 106.523631, 34.882513 ], [ 106.520613, 34.885285 ], [ 106.517916, 34.892432 ], [ 106.516354, 34.90139 ], [ 106.51584, 34.906448 ], [ 106.513978, 34.91472 ], [ 106.510211, 34.925077 ], [ 106.503041, 34.930885 ], [ 106.499723, 34.932982 ], [ 106.496427, 34.936228 ], [ 106.493131, 34.941074 ], [ 106.493238, 34.950943 ], [ 106.493773, 34.956307 ], [ 106.492382, 34.962201 ], [ 106.49037, 34.965401 ], [ 106.489985, 34.970676 ], [ 106.486988, 34.973876 ], [ 106.483157, 34.9801 ], [ 106.484955, 34.983851 ], [ 106.488529, 34.986874 ], [ 106.496491, 34.98822 ], [ 106.500365, 34.991364 ], [ 106.502185, 34.995568 ], [ 106.49891, 34.996252 ], [ 106.495892, 34.998414 ], [ 106.494629, 35.001723 ], [ 106.495614, 35.003091 ], [ 106.494651, 35.005363 ], [ 106.496598, 35.012356 ], [ 106.498332, 35.016525 ], [ 106.492254, 35.017485 ], [ 106.488658, 35.020926 ], [ 106.483885, 35.022371 ], [ 106.481124, 35.0244 ], [ 106.478427, 35.030994 ], [ 106.474981, 35.032781 ], [ 106.472712, 35.035052 ], [ 106.468496, 35.036706 ], [ 106.464108, 35.040278 ], [ 106.462375, 35.040587 ], [ 106.455868, 35.037621 ], [ 106.451309, 35.034611 ], [ 106.44675, 35.033784 ], [ 106.442042, 35.035416 ], [ 106.438639, 35.037566 ], [ 106.431832, 35.038294 ], [ 106.429157, 35.038106 ], [ 106.413854, 35.032946 ], [ 106.410472, 35.034832 ], [ 106.40602, 35.035361 ], [ 106.404329, 35.03643 ], [ 106.400883, 35.040719 ], [ 106.39915, 35.044413 ], [ 106.396303, 35.045383 ], [ 106.395982, 35.050774 ], [ 106.388962, 35.052406 ], [ 106.387528, 35.05579 ], [ 106.385601, 35.057896 ], [ 106.382434, 35.059263 ], [ 106.383054, 35.065182 ], [ 106.385195, 35.070043 ], [ 106.390738, 35.073448 ], [ 106.395019, 35.078265 ], [ 106.398722, 35.083158 ], [ 106.398165, 35.083951 ], [ 106.386993, 35.085835 ], [ 106.379287, 35.094287 ], [ 106.376505, 35.09659 ], [ 106.370148, 35.104886 ], [ 106.368222, 35.109017 ], [ 106.368522, 35.111771 ], [ 106.370812, 35.116343 ], [ 106.373402, 35.125276 ], [ 106.373166, 35.129406 ], [ 106.370384, 35.133096 ], [ 106.365632, 35.132887 ], [ 106.362807, 35.13129 ], [ 106.359982, 35.127853 ], [ 106.352662, 35.122611 ], [ 106.345342, 35.116905 ], [ 106.336074, 35.113732 ], [ 106.330189, 35.112609 ], [ 106.325159, 35.115836 ], [ 106.323939, 35.119504 ], [ 106.319187, 35.116795 ], [ 106.316919, 35.116464 ], [ 106.315185, 35.121013 ], [ 106.317432, 35.125574 ], [ 106.316662, 35.130166 ], [ 106.318738, 35.131763 ], [ 106.317989, 35.135023 ], [ 106.311718, 35.134616 ], [ 106.307951, 35.133481 ], [ 106.306067, 35.139417 ], [ 106.306367, 35.144285 ], [ 106.305061, 35.148414 ], [ 106.303071, 35.150627 ], [ 106.293696, 35.156276 ], [ 106.290186, 35.15676 ], [ 106.284193, 35.159039 ], [ 106.278992, 35.165821 ], [ 106.277986, 35.168958 ], [ 106.274711, 35.171952 ], [ 106.26996, 35.17072 ], [ 106.266728, 35.171963 ], [ 106.26538, 35.171512 ], [ 106.261292, 35.167087 ], [ 106.257589, 35.167989 ], [ 106.248921, 35.168837 ], [ 106.247893, 35.166371 ], [ 106.241943, 35.160228 ], [ 106.236057, 35.15883 ], [ 106.232034, 35.157156 ], [ 106.222766, 35.155725 ], [ 106.219427, 35.153578 ], [ 106.215895, 35.154294 ], [ 106.211765, 35.152301 ], [ 106.205558, 35.158555 ], [ 106.200592, 35.158742 ], [ 106.19308, 35.162595 ], [ 106.191367, 35.162661 ], [ 106.18469, 35.159865 ], [ 106.183277, 35.157344 ], [ 106.179638, 35.154844 ], [ 106.177391, 35.152334 ], [ 106.171441, 35.13999 ], [ 106.165833, 35.134748 ], [ 106.164827, 35.128426 ], [ 106.165641, 35.122214 ], [ 106.163757, 35.12032 ], [ 106.161061, 35.120055 ], [ 106.157829, 35.12141 ], [ 106.155132, 35.128448 ], [ 106.155538, 35.137325 ], [ 106.154725, 35.141697 ], [ 106.153355, 35.143536 ], [ 106.147791, 35.144483 ], [ 106.143874, 35.141752 ], [ 106.131802, 35.131268 ], [ 106.126195, 35.127402 ], [ 106.116692, 35.122401 ], [ 106.104941, 35.120837 ], [ 106.092206, 35.11544 ], [ 106.087241, 35.114459 ], [ 106.081762, 35.116508 ], [ 106.076989, 35.117665 ], [ 106.072387, 35.120187 ], [ 106.066972, 35.121091 ], [ 106.064104, 35.124054 ], [ 106.0619, 35.12141 ], [ 106.055136, 35.116145 ], [ 106.050085, 35.113633 ], [ 106.04193, 35.107442 ], [ 106.034354, 35.100567 ], [ 106.029859, 35.098044 ], [ 106.022539, 35.091852 ], [ 106.018601, 35.08956 ], [ 106.00852, 35.087268 ], [ 106.005138, 35.08772 ], [ 106.004603, 35.090243 ], [ 106.009419, 35.100799 ], [ 106.009975, 35.103784 ], [ 106.008606, 35.109513 ], [ 106.006658, 35.112719 ], [ 106.00135, 35.118689 ], [ 105.997155, 35.12098 ], [ 105.991547, 35.120749 ], [ 105.983114, 35.116156 ], [ 105.978919, 35.114779 ], [ 105.973932, 35.111265 ], [ 105.9655, 35.103696 ], [ 105.962289, 35.09789 ], [ 105.956039, 35.097692 ], [ 105.94827, 35.09583 ], [ 105.942684, 35.09735 ], [ 105.934893, 35.096403 ], [ 105.934743, 35.088888 ], [ 105.933866, 35.077669 ], [ 105.932474, 35.07142 ], [ 105.9353, 35.067166 ], [ 105.935492, 35.063892 ], [ 105.934294, 35.06247 ], [ 105.93164, 35.062944 ], [ 105.929093, 35.060255 ], [ 105.914217, 35.054699 ], [ 105.909723, 35.057786 ], [ 105.907796, 35.055702 ], [ 105.909487, 35.052571 ], [ 105.913961, 35.050741 ], [ 105.916957, 35.05127 ], [ 105.919739, 35.05288 ], [ 105.924405, 35.054434 ], [ 105.932367, 35.056352 ], [ 105.937055, 35.061633 ], [ 105.939666, 35.065821 ], [ 105.943732, 35.067728 ], [ 105.959614, 35.067563 ], [ 105.964836, 35.065468 ], [ 105.967768, 35.061842 ], [ 105.969438, 35.056187 ], [ 105.968731, 35.051292 ], [ 105.965714, 35.047974 ], [ 105.975538, 35.037301 ], [ 105.979561, 35.038316 ], [ 105.983735, 35.03664 ], [ 105.99007, 35.03256 ], [ 105.993559, 35.03095 ], [ 105.992617, 35.026771 ], [ 105.995485, 35.020794 ], [ 106.007707, 35.022768 ], [ 106.015027, 35.021488 ], [ 106.017745, 35.018963 ], [ 106.015262, 35.0155 ], [ 106.012993, 35.010514 ], [ 106.015241, 35.004735 ], [ 106.018151, 35.000631 ], [ 106.021255, 35.000046 ], [ 106.026648, 35.002606 ], [ 106.029602, 35.002253 ], [ 106.034247, 34.998127 ], [ 106.038934, 34.998634 ], [ 106.040796, 34.994862 ], [ 106.042444, 34.989743 ], [ 106.045612, 34.985032 ], [ 106.046725, 34.980651 ], [ 106.046168, 34.975587 ], [ 106.047538, 34.972795 ], [ 106.050813, 34.971073 ], [ 106.055543, 34.971349 ], [ 106.055628, 34.967807 ], [ 106.054644, 34.966449 ], [ 106.059652, 34.95996 ], [ 106.061536, 34.960479 ], [ 106.065859, 34.963448 ], [ 106.072216, 34.963613 ], [ 106.075705, 34.961792 ], [ 106.080542, 34.963326 ], [ 106.083067, 34.963293 ], [ 106.084009, 34.961594 ], [ 106.081505, 34.957466 ], [ 106.079065, 34.94709 ], [ 106.075384, 34.940379 ], [ 106.074356, 34.93381 ], [ 106.074613, 34.931591 ], [ 106.076925, 34.929615 ], [ 106.081826, 34.930719 ], [ 106.08555, 34.933115 ], [ 106.088097, 34.933788 ], [ 106.100147, 34.934119 ], [ 106.107895, 34.93391 ], [ 106.108409, 34.932441 ], [ 106.10706, 34.93009 ], [ 106.107467, 34.922306 ], [ 106.106632, 34.918706 ], [ 106.104856, 34.916332 ], [ 106.101538, 34.915846 ], [ 106.094004, 34.91695 ], [ 106.088611, 34.918275 ], [ 106.082233, 34.915835 ], [ 106.080884, 34.912754 ], [ 106.082211, 34.905598 ], [ 106.080542, 34.902108 ], [ 106.080841, 34.900661 ], [ 106.084673, 34.900087 ], [ 106.087755, 34.897414 ], [ 106.088375, 34.890113 ], [ 106.092442, 34.887903 ], [ 106.10111, 34.888147 ], [ 106.118682, 34.8922 ], [ 106.133472, 34.897624 ], [ 106.145179, 34.900087 ], [ 106.153248, 34.900959 ], [ 106.154939, 34.903047 ], [ 106.157615, 34.902152 ], [ 106.15999, 34.906338 ], [ 106.162473, 34.90753 ], [ 106.164999, 34.910545 ], [ 106.169451, 34.908414 ], [ 106.16913, 34.905498 ], [ 106.169729, 34.897469 ], [ 106.173153, 34.89452 ], [ 106.176193, 34.887031 ], [ 106.17844, 34.886633 ], [ 106.184048, 34.887616 ], [ 106.185375, 34.889085 ], [ 106.189013, 34.888621 ], [ 106.19201, 34.889273 ], [ 106.195113, 34.891847 ], [ 106.194771, 34.895448 ], [ 106.197489, 34.896994 ], [ 106.198195, 34.901854 ], [ 106.20346, 34.900617 ], [ 106.209796, 34.90118 ], [ 106.212343, 34.90329 ], [ 106.213049, 34.908535 ], [ 106.216794, 34.909839 ], [ 106.216516, 34.914642 ], [ 106.215146, 34.916464 ], [ 106.210266, 34.918088 ], [ 106.204873, 34.916243 ], [ 106.199244, 34.917016 ], [ 106.199843, 34.919457 ], [ 106.198966, 34.922681 ], [ 106.201662, 34.92543 ], [ 106.205729, 34.923973 ], [ 106.209453, 34.92415 ], [ 106.216024, 34.917127 ], [ 106.220882, 34.920539 ], [ 106.223815, 34.921212 ], [ 106.228973, 34.923752 ], [ 106.231605, 34.921798 ], [ 106.232804, 34.922173 ], [ 106.235137, 34.916475 ], [ 106.236614, 34.911539 ], [ 106.236571, 34.908546 ], [ 106.234045, 34.899336 ], [ 106.234709, 34.893272 ], [ 106.234088, 34.890146 ], [ 106.236592, 34.88744 ], [ 106.243163, 34.889185 ], [ 106.243206, 34.886931 ], [ 106.245817, 34.881905 ], [ 106.24663, 34.877641 ], [ 106.24967, 34.878116 ], [ 106.252645, 34.880436 ], [ 106.255406, 34.881298 ], [ 106.260928, 34.880491 ], [ 106.265701, 34.877453 ], [ 106.269168, 34.877994 ], [ 106.271908, 34.880613 ], [ 106.273984, 34.881253 ], [ 106.279142, 34.88132 ], [ 106.284236, 34.879 ], [ 106.286376, 34.878679 ], [ 106.288731, 34.87995 ], [ 106.299496, 34.875818 ], [ 106.304783, 34.872128 ], [ 106.309449, 34.862018 ], [ 106.310241, 34.85857 ], [ 106.312445, 34.854205 ], [ 106.315228, 34.850757 ], [ 106.320493, 34.846834 ], [ 106.331409, 34.851608 ], [ 106.335903, 34.853885 ], [ 106.339542, 34.853874 ], [ 106.348146, 34.850161 ], [ 106.355915, 34.844624 ], [ 106.358698, 34.843695 ], [ 106.363171, 34.845519 ], [ 106.367387, 34.848017 ], [ 106.378538, 34.847508 ], [ 106.386607, 34.84448 ], [ 106.389925, 34.842402 ], [ 106.395789, 34.841452 ], [ 106.39855, 34.840059 ], [ 106.401354, 34.843021 ], [ 106.401975, 34.850127 ], [ 106.402852, 34.853796 ], [ 106.405378, 34.856073 ], [ 106.415437, 34.858537 ], [ 106.421816, 34.858029 ], [ 106.426824, 34.856846 ], [ 106.431832, 34.856802 ], [ 106.434893, 34.856095 ], [ 106.437354, 34.853089 ], [ 106.438446, 34.849873 ], [ 106.429756, 34.842833 ], [ 106.428622, 34.839628 ], [ 106.428857, 34.835947 ], [ 106.433866, 34.835914 ], [ 106.439709, 34.836787 ], [ 106.445809, 34.835129 ], [ 106.45026, 34.835549 ], [ 106.457195, 34.833648 ], [ 106.46383, 34.830155 ], [ 106.469331, 34.825512 ], [ 106.472327, 34.818603 ], [ 106.473633, 34.811936 ], [ 106.473868, 34.807801 ], [ 106.475473, 34.79953 ], [ 106.480589, 34.784113 ], [ 106.481081, 34.779755 ], [ 106.484613, 34.771227 ], [ 106.487566, 34.762023 ], [ 106.491933, 34.754643 ], [ 106.494094, 34.749576 ], [ 106.496021, 34.747031 ], [ 106.500793, 34.743512 ] ] ] ] } },
{ "type": "Feature", "properties": { "adcode": 621102, "name": "安定区", "center": [ 104.62577, 35.579764 ], "centroid": [ 104.631988, 35.638626 ], "childrenNum": 0, "level": "district", "parent": { "adcode": 621100 }, "subFeatureIndex": 0, "acroutes": [ 100000, 620000, 621100 ] }, "geometry": { "type": "MultiPolygon", "coordinates": [ [ [ [ 104.883478, 35.298288 ], [ 104.894126, 35.299034 ], [ 104.919865, 35.304447 ], [ 104.927965, 35.307717 ], [ 104.938831, 35.318331 ], [ 104.940399, 35.332577 ], [ 104.940029, 35.342194 ], [ 104.942795, 35.347031 ], [ 104.954053, 35.358806 ], [ 104.965572, 35.365132 ], [ 104.961739, 35.369222 ], [ 104.966813, 35.373771 ], [ 104.970754, 35.380134 ], [ 104.972671, 35.389306 ], [ 104.976569, 35.395878 ], [ 104.987674, 35.405029 ], [ 104.99706, 35.417693 ], [ 104.99412, 35.425371 ], [ 104.997364, 35.429286 ], [ 105.003614, 35.430394 ], [ 105.009602, 35.435683 ], [ 105.021252, 35.442061 ], [ 105.030921, 35.451149 ], [ 105.021122, 35.453211 ], [ 105.000369, 35.456228 ], [ 104.996014, 35.460714 ], [ 104.996646, 35.471308 ], [ 104.988023, 35.474114 ], [ 104.975502, 35.476366 ], [ 104.970646, 35.482302 ], [ 104.96677, 35.490031 ], [ 104.955816, 35.493484 ], [ 104.944471, 35.491767 ], [ 104.936175, 35.501746 ], [ 104.933322, 35.511992 ], [ 104.937612, 35.531353 ], [ 104.937111, 35.54457 ], [ 104.944994, 35.548136 ], [ 104.952158, 35.547735 ], [ 104.954945, 35.57214 ], [ 104.96052, 35.578659 ], [ 104.968882, 35.60174 ], [ 104.967162, 35.608485 ], [ 104.971517, 35.61443 ], [ 104.975806, 35.624566 ], [ 104.981947, 35.626776 ], [ 104.986673, 35.635062 ], [ 104.98578, 35.641691 ], [ 104.988088, 35.654432 ], [ 104.985845, 35.666676 ], [ 104.985736, 35.68225 ], [ 104.986825, 35.687085 ], [ 104.985584, 35.700352 ], [ 104.9821, 35.713617 ], [ 104.980379, 35.716585 ], [ 104.97045, 35.722237 ], [ 104.937264, 35.738256 ], [ 104.908324, 35.757791 ], [ 104.903533, 35.758666 ], [ 104.891883, 35.767091 ], [ 104.888464, 35.773252 ], [ 104.888682, 35.778747 ], [ 104.884327, 35.793406 ], [ 104.872481, 35.797683 ], [ 104.864816, 35.80407 ], [ 104.863335, 35.810475 ], [ 104.866928, 35.819655 ], [ 104.865665, 35.832482 ], [ 104.860766, 35.845059 ], [ 104.853645, 35.854881 ], [ 104.82207, 35.858186 ], [ 104.811923, 35.861111 ], [ 104.80735, 35.865898 ], [ 104.811466, 35.877919 ], [ 104.806283, 35.877938 ], [ 104.78307, 35.887357 ], [ 104.778911, 35.885933 ], [ 104.769047, 35.887471 ], [ 104.765258, 35.891135 ], [ 104.765454, 35.898008 ], [ 104.77031, 35.902584 ], [ 104.773119, 35.910766 ], [ 104.772182, 35.915302 ], [ 104.751757, 35.923767 ], [ 104.748425, 35.927715 ], [ 104.73806, 35.9317 ], [ 104.737472, 35.941245 ], [ 104.73205, 35.949025 ], [ 104.727912, 35.951947 ], [ 104.722839, 35.950903 ], [ 104.714063, 35.954166 ], [ 104.709359, 35.949575 ], [ 104.699604, 35.964126 ], [ 104.68926, 35.976398 ], [ 104.676979, 35.986829 ], [ 104.646471, 35.9965 ], [ 104.645535, 36.005867 ], [ 104.64878, 36.010796 ], [ 104.651828, 36.009905 ], [ 104.658339, 36.013299 ], [ 104.663718, 36.021583 ], [ 104.668726, 36.023744 ], [ 104.676108, 36.023042 ], [ 104.680964, 36.027099 ], [ 104.680768, 36.033733 ], [ 104.676282, 36.035002 ], [ 104.663347, 36.041522 ], [ 104.647386, 36.039987 ], [ 104.644555, 36.037978 ], [ 104.633275, 36.035571 ], [ 104.628877, 36.03703 ], [ 104.624696, 36.035571 ], [ 104.620319, 36.038262 ], [ 104.618642, 36.044819 ], [ 104.613851, 36.044762 ], [ 104.606056, 36.040972 ], [ 104.60194, 36.041958 ], [ 104.594732, 36.037902 ], [ 104.585216, 36.029904 ], [ 104.58526, 36.027288 ], [ 104.569865, 36.024104 ], [ 104.561873, 36.028065 ], [ 104.555754, 36.024957 ], [ 104.542514, 36.020711 ], [ 104.532127, 36.014512 ], [ 104.526487, 36.014512 ], [ 104.514249, 36.017223 ], [ 104.506105, 36.015498 ], [ 104.502926, 36.019138 ], [ 104.491298, 36.022872 ], [ 104.48568, 36.021412 ], [ 104.481956, 36.017299 ], [ 104.480062, 36.010322 ], [ 104.482762, 36.007687 ], [ 104.482087, 36.003326 ], [ 104.483785, 35.993732 ], [ 104.475663, 35.986014 ], [ 104.466147, 35.989731 ], [ 104.460747, 35.986924 ], [ 104.456827, 35.980078 ], [ 104.450708, 35.981462 ], [ 104.440953, 35.974729 ], [ 104.440604, 35.963121 ], [ 104.437969, 35.955893 ], [ 104.435291, 35.956633 ], [ 104.432395, 35.947773 ], [ 104.433549, 35.941606 ], [ 104.43185, 35.929575 ], [ 104.42608, 35.916156 ], [ 104.428061, 35.91124 ], [ 104.436184, 35.907652 ], [ 104.436989, 35.904444 ], [ 104.442804, 35.896547 ], [ 104.441083, 35.888572 ], [ 104.441671, 35.883768 ], [ 104.448814, 35.875602 ], [ 104.440082, 35.865043 ], [ 104.433788, 35.866353 ], [ 104.422182, 35.866277 ], [ 104.420244, 35.859459 ], [ 104.414865, 35.855185 ], [ 104.409117, 35.846522 ], [ 104.4121, 35.841678 ], [ 104.411163, 35.834838 ], [ 104.405197, 35.82889 ], [ 104.403956, 35.820054 ], [ 104.398599, 35.80886 ], [ 104.400602, 35.80291 ], [ 104.401016, 35.793919 ], [ 104.396639, 35.785364 ], [ 104.38856, 35.774754 ], [ 104.385751, 35.768061 ], [ 104.378805, 35.770381 ], [ 104.369964, 35.76673 ], [ 104.366828, 35.760739 ], [ 104.360927, 35.757335 ], [ 104.358662, 35.750735 ], [ 104.357378, 35.741053 ], [ 104.34564, 35.737781 ], [ 104.341242, 35.731141 ], [ 104.331225, 35.73234 ], [ 104.32822, 35.727869 ], [ 104.329113, 35.719953 ], [ 104.316744, 35.705338 ], [ 104.316722, 35.699534 ], [ 104.321078, 35.690645 ], [ 104.316918, 35.683049 ], [ 104.317528, 35.667895 ], [ 104.329853, 35.665838 ], [ 104.332619, 35.662487 ], [ 104.331726, 35.658526 ], [ 104.319771, 35.647443 ], [ 104.312737, 35.647804 ], [ 104.305943, 35.643348 ], [ 104.309645, 35.634776 ], [ 104.305682, 35.630681 ], [ 104.31032, 35.621956 ], [ 104.312694, 35.611725 ], [ 104.309863, 35.607818 ], [ 104.310255, 35.601778 ], [ 104.302895, 35.598938 ], [ 104.290025, 35.589562 ], [ 104.290744, 35.577153 ], [ 104.28223, 35.57113 ], [ 104.273563, 35.573665 ], [ 104.262131, 35.572331 ], [ 104.250873, 35.577554 ], [ 104.243142, 35.576524 ], [ 104.241052, 35.570138 ], [ 104.23772, 35.566059 ], [ 104.239223, 35.559576 ], [ 104.234454, 35.554142 ], [ 104.233169, 35.546553 ], [ 104.233496, 35.527539 ], [ 104.222238, 35.513671 ], [ 104.22631, 35.504761 ], [ 104.232015, 35.499323 ], [ 104.244209, 35.491424 ], [ 104.250742, 35.485756 ], [ 104.262, 35.466632 ], [ 104.275131, 35.454853 ], [ 104.283079, 35.44945 ], [ 104.289851, 35.448152 ], [ 104.308382, 35.448381 ], [ 104.320511, 35.445994 ], [ 104.327392, 35.437135 ], [ 104.326957, 35.429343 ], [ 104.321448, 35.422392 ], [ 104.313151, 35.414274 ], [ 104.311627, 35.403711 ], [ 104.314044, 35.393414 ], [ 104.312454, 35.387204 ], [ 104.312041, 35.376885 ], [ 104.314741, 35.366833 ], [ 104.320381, 35.365973 ], [ 104.324845, 35.368095 ], [ 104.341743, 35.382523 ], [ 104.355984, 35.388427 ], [ 104.361602, 35.389401 ], [ 104.367808, 35.388102 ], [ 104.380307, 35.377459 ], [ 104.400189, 35.381567 ], [ 104.418088, 35.382886 ], [ 104.426842, 35.378147 ], [ 104.429999, 35.372433 ], [ 104.433963, 35.369948 ], [ 104.444589, 35.371401 ], [ 104.456827, 35.375624 ], [ 104.462467, 35.372223 ], [ 104.464536, 35.363756 ], [ 104.464383, 35.355958 ], [ 104.46704, 35.344507 ], [ 104.470763, 35.33925 ], [ 104.478363, 35.333342 ], [ 104.49733, 35.33621 ], [ 104.512072, 35.340645 ], [ 104.520935, 35.345062 ], [ 104.527576, 35.350147 ], [ 104.539379, 35.366508 ], [ 104.552967, 35.376217 ], [ 104.569451, 35.377478 ], [ 104.581449, 35.381453 ], [ 104.592076, 35.383134 ], [ 104.600438, 35.387338 ], [ 104.644511, 35.38772 ], [ 104.654942, 35.384835 ], [ 104.663435, 35.381261 ], [ 104.675041, 35.374019 ], [ 104.688934, 35.364062 ], [ 104.697121, 35.360698 ], [ 104.714542, 35.360392 ], [ 104.724907, 35.362762 ], [ 104.737189, 35.368362 ], [ 104.73941, 35.371363 ], [ 104.753738, 35.369872 ], [ 104.769351, 35.378452 ], [ 104.776298, 35.383077 ], [ 104.77939, 35.383096 ], [ 104.790996, 35.398285 ], [ 104.796571, 35.401992 ], [ 104.801057, 35.400864 ], [ 104.804497, 35.39286 ], [ 104.805151, 35.38323 ], [ 104.808308, 35.377057 ], [ 104.819697, 35.385599 ], [ 104.823899, 35.385389 ], [ 104.828124, 35.381051 ], [ 104.830585, 35.359054 ], [ 104.828777, 35.34229 ], [ 104.830868, 35.328772 ], [ 104.837923, 35.321697 ], [ 104.851054, 35.323131 ], [ 104.867015, 35.321601 ], [ 104.871, 35.315425 ], [ 104.880059, 35.304925 ], [ 104.883478, 35.298288 ] ] ] ] } },
{ "type": "Feature", "properties": { "adcode": 621121, "name": "通渭县", "center": [ 105.250102, 35.208922 ], "centroid": [ 105.189069, 35.207875 ], "childrenNum": 0, "level": "district", "parent": { "adcode": 621100 }, "subFeatureIndex": 1, "acroutes": [ 100000, 620000, 621100 ] }, "geometry": { "type": "MultiPolygon", "coordinates": [ [ [ [ 104.899875, 34.92758 ], [ 104.907344, 34.930078 ], [ 104.909935, 34.934478 ], [ 104.907866, 34.936842 ], [ 104.909151, 34.941799 ], [ 104.915488, 34.944642 ], [ 104.921389, 34.950213 ], [ 104.930078, 34.944719 ], [ 104.934694, 34.935804 ], [ 104.944929, 34.937591 ], [ 104.955163, 34.945007 ], [ 104.956622, 34.949694 ], [ 104.967641, 34.95321 ], [ 104.971299, 34.95321 ], [ 104.973912, 34.947139 ], [ 104.969753, 34.939531 ], [ 104.981141, 34.938359 ], [ 104.99007, 34.941549 ], [ 104.996232, 34.937764 ], [ 105.007294, 34.939474 ], [ 105.011061, 34.9315 ], [ 105.009341, 34.926792 ], [ 105.015634, 34.925332 ], [ 105.022385, 34.92735 ], [ 105.022624, 34.922834 ], [ 105.031944, 34.922161 ], [ 105.035385, 34.925428 ], [ 105.055919, 34.935132 ], [ 105.059817, 34.936073 ], [ 105.072055, 34.946025 ], [ 105.073666, 34.955668 ], [ 105.070291, 34.96001 ], [ 105.065805, 34.961815 ], [ 105.057639, 34.970477 ], [ 105.05618, 34.979177 ], [ 105.058118, 34.981942 ], [ 105.072665, 34.979734 ], [ 105.079698, 34.976796 ], [ 105.092589, 34.969075 ], [ 105.130588, 34.963928 ], [ 105.145352, 34.964197 ], [ 105.168173, 34.969306 ], [ 105.180149, 34.96702 ], [ 105.186094, 34.963217 ], [ 105.193476, 34.954939 ], [ 105.191124, 34.94078 ], [ 105.19291, 34.937533 ], [ 105.20358, 34.937053 ], [ 105.207783, 34.934478 ], [ 105.217734, 34.932096 ], [ 105.231562, 34.939147 ], [ 105.24123, 34.955918 ], [ 105.250419, 34.963044 ], [ 105.2546, 34.964677 ], [ 105.258759, 34.972244 ], [ 105.259826, 34.97983 ], [ 105.2573, 34.988528 ], [ 105.249657, 35.009608 ], [ 105.252423, 35.016269 ], [ 105.261873, 35.028227 ], [ 105.267709, 35.031911 ], [ 105.276093, 35.033562 ], [ 105.28256, 35.028073 ], [ 105.285696, 35.013179 ], [ 105.290203, 35.006767 ], [ 105.294101, 35.00932 ], [ 105.29911, 35.019647 ], [ 105.297651, 35.034329 ], [ 105.297324, 35.046706 ], [ 105.301222, 35.049949 ], [ 105.311609, 35.043559 ], [ 105.313852, 35.040585 ], [ 105.32143, 35.03834 ], [ 105.329509, 35.045478 ], [ 105.336499, 35.049412 ], [ 105.346036, 35.046917 ], [ 105.354442, 35.048337 ], [ 105.361976, 35.055475 ], [ 105.373408, 35.068596 ], [ 105.379832, 35.072049 ], [ 105.388521, 35.065431 ], [ 105.391591, 35.064971 ], [ 105.396599, 35.074619 ], [ 105.396556, 35.089522 ], [ 105.403568, 35.087009 ], [ 105.411124, 35.079472 ], [ 105.415283, 35.093012 ], [ 105.414412, 35.104479 ], [ 105.416089, 35.110211 ], [ 105.42027, 35.114333 ], [ 105.437015, 35.122845 ], [ 105.446771, 35.130168 ], [ 105.456504, 35.130858 ], [ 105.459313, 35.128788 ], [ 105.469091, 35.116864 ], [ 105.474121, 35.113413 ], [ 105.478019, 35.107431 ], [ 105.485009, 35.093223 ], [ 105.490017, 35.089311 ], [ 105.500622, 35.085839 ], [ 105.50563, 35.085609 ], [ 105.524314, 35.063321 ], [ 105.531826, 35.062151 ], [ 105.536007, 35.064913 ], [ 105.54156, 35.072452 ], [ 105.546285, 35.085763 ], [ 105.5499, 35.106166 ], [ 105.561049, 35.11464 ], [ 105.563553, 35.120602 ], [ 105.559917, 35.127714 ], [ 105.550292, 35.132794 ], [ 105.544848, 35.133694 ], [ 105.535659, 35.138754 ], [ 105.536769, 35.148835 ], [ 105.539535, 35.152744 ], [ 105.558501, 35.161424 ], [ 105.555431, 35.172901 ], [ 105.558218, 35.182058 ], [ 105.572438, 35.181368 ], [ 105.58559, 35.171272 ], [ 105.589771, 35.165755 ], [ 105.609065, 35.152917 ], [ 105.6225, 35.147666 ], [ 105.633693, 35.140786 ], [ 105.641815, 35.138735 ], [ 105.648261, 35.145865 ], [ 105.648544, 35.152054 ], [ 105.646584, 35.154565 ], [ 105.642381, 35.169012 ], [ 105.638745, 35.173131 ], [ 105.626137, 35.174951 ], [ 105.62054, 35.176771 ], [ 105.617187, 35.182058 ], [ 105.616076, 35.193052 ], [ 105.61747, 35.197419 ], [ 105.616621, 35.20889 ], [ 105.614661, 35.216454 ], [ 105.607388, 35.223328 ], [ 105.587528, 35.211629 ], [ 105.581932, 35.207492 ], [ 105.573548, 35.207512 ], [ 105.569346, 35.216454 ], [ 105.561528, 35.225395 ], [ 105.555649, 35.235504 ], [ 105.545872, 35.257993 ], [ 105.544739, 35.268767 ], [ 105.549465, 35.283672 ], [ 105.556171, 35.291688 ], [ 105.559525, 35.293276 ], [ 105.557848, 35.297637 ], [ 105.551686, 35.300851 ], [ 105.536486, 35.30481 ], [ 105.532697, 35.311887 ], [ 105.535768, 35.322672 ], [ 105.53714, 35.33252 ], [ 105.540493, 35.342137 ], [ 105.536835, 35.34835 ], [ 105.521483, 35.352268 ], [ 105.506937, 35.35894 ], [ 105.500513, 35.366757 ], [ 105.494067, 35.377535 ], [ 105.489581, 35.387643 ], [ 105.485357, 35.389745 ], [ 105.477801, 35.388446 ], [ 105.47473, 35.384223 ], [ 105.479608, 35.375834 ], [ 105.476516, 35.37077 ], [ 105.474752, 35.361807 ], [ 105.477256, 35.352135 ], [ 105.471116, 35.347184 ], [ 105.455895, 35.345501 ], [ 105.450276, 35.352192 ], [ 105.454109, 35.355881 ], [ 105.455524, 35.362495 ], [ 105.452911, 35.366986 ], [ 105.445769, 35.360316 ], [ 105.442437, 35.354983 ], [ 105.432878, 35.356761 ], [ 105.443744, 35.364368 ], [ 105.44026, 35.373809 ], [ 105.435208, 35.374879 ], [ 105.427434, 35.381338 ], [ 105.429023, 35.384835 ], [ 105.425844, 35.389268 ], [ 105.426933, 35.398304 ], [ 105.420749, 35.398878 ], [ 105.404439, 35.40736 ], [ 105.393442, 35.424989 ], [ 105.39146, 35.434156 ], [ 105.390001, 35.450882 ], [ 105.383839, 35.458939 ], [ 105.364371, 35.468464 ], [ 105.354572, 35.47419 ], [ 105.349847, 35.472778 ], [ 105.345492, 35.485298 ], [ 105.338633, 35.487855 ], [ 105.334691, 35.491519 ], [ 105.319797, 35.482836 ], [ 105.314984, 35.484954 ], [ 105.313612, 35.489191 ], [ 105.303378, 35.500258 ], [ 105.296693, 35.498846 ], [ 105.288113, 35.488962 ], [ 105.281972, 35.485317 ], [ 105.271411, 35.475145 ], [ 105.262156, 35.47629 ], [ 105.257758, 35.482225 ], [ 105.242798, 35.484363 ], [ 105.232977, 35.482741 ], [ 105.23019, 35.480431 ], [ 105.216471, 35.474438 ], [ 105.20726, 35.465257 ], [ 105.187161, 35.450328 ], [ 105.183002, 35.445517 ], [ 105.175184, 35.441832 ], [ 105.169849, 35.441584 ], [ 105.153561, 35.44798 ], [ 105.142064, 35.450481 ], [ 105.135357, 35.449087 ], [ 105.129347, 35.441374 ], [ 105.119831, 35.442672 ], [ 105.117871, 35.440266 ], [ 105.125667, 35.429343 ], [ 105.122966, 35.418935 ], [ 105.115911, 35.417158 ], [ 105.103303, 35.416662 ], [ 105.086166, 35.417712 ], [ 105.083618, 35.418629 ], [ 105.079916, 35.427777 ], [ 105.076432, 35.442882 ], [ 105.071358, 35.450328 ], [ 105.070683, 35.454815 ], [ 105.050083, 35.457373 ], [ 105.048864, 35.449641 ], [ 105.044574, 35.448877 ], [ 105.03619, 35.453078 ], [ 105.030921, 35.451149 ], [ 105.021252, 35.442061 ], [ 105.009602, 35.435683 ], [ 105.003614, 35.430394 ], [ 104.997364, 35.429286 ], [ 104.99412, 35.425371 ], [ 104.99706, 35.417693 ], [ 104.987674, 35.405029 ], [ 104.976569, 35.395878 ], [ 104.972671, 35.389306 ], [ 104.970754, 35.380134 ], [ 104.966813, 35.373771 ], [ 104.961739, 35.369222 ], [ 104.965572, 35.365132 ], [ 104.954053, 35.358806 ], [ 104.942795, 35.347031 ], [ 104.940029, 35.342194 ], [ 104.940399, 35.332577 ], [ 104.938831, 35.318331 ], [ 104.927965, 35.307717 ], [ 104.919865, 35.304447 ], [ 104.894126, 35.299034 ], [ 104.883478, 35.298288 ], [ 104.879297, 35.295055 ], [ 104.865186, 35.277339 ], [ 104.861593, 35.275024 ], [ 104.854015, 35.265916 ], [ 104.855431, 35.260596 ], [ 104.853275, 35.25541 ], [ 104.86033, 35.245591 ], [ 104.855975, 35.239485 ], [ 104.839099, 35.235676 ], [ 104.836442, 35.226295 ], [ 104.833677, 35.222313 ], [ 104.825881, 35.21699 ], [ 104.812141, 35.212126 ], [ 104.806283, 35.207665 ], [ 104.801405, 35.201326 ], [ 104.805281, 35.200924 ], [ 104.830389, 35.204026 ], [ 104.848005, 35.202494 ], [ 104.8553, 35.199085 ], [ 104.860395, 35.191999 ], [ 104.871218, 35.169797 ], [ 104.875268, 35.15307 ], [ 104.87958, 35.140249 ], [ 104.883303, 35.132238 ], [ 104.881692, 35.124206 ], [ 104.873875, 35.124168 ], [ 104.869084, 35.12804 ], [ 104.857608, 35.131893 ], [ 104.849508, 35.130934 ], [ 104.840928, 35.124475 ], [ 104.837923, 35.117113 ], [ 104.836899, 35.108179 ], [ 104.83764, 35.088448 ], [ 104.83666, 35.074447 ], [ 104.839208, 35.069882 ], [ 104.84757, 35.07015 ], [ 104.852578, 35.071992 ], [ 104.860983, 35.059618 ], [ 104.863901, 35.059273 ], [ 104.87039, 35.064261 ], [ 104.874854, 35.064146 ], [ 104.880407, 35.059158 ], [ 104.881932, 35.054803 ], [ 104.877163, 35.050333 ], [ 104.872437, 35.049143 ], [ 104.865034, 35.042101 ], [ 104.863248, 35.035116 ], [ 104.86523, 35.031259 ], [ 104.874332, 35.029647 ], [ 104.875225, 35.022738 ], [ 104.873461, 35.016135 ], [ 104.877468, 35.004905 ], [ 104.877511, 34.999395 ], [ 104.874005, 34.986301 ], [ 104.875747, 34.978966 ], [ 104.888421, 34.965503 ], [ 104.88633, 34.949425 ], [ 104.894148, 34.94543 ], [ 104.897392, 34.937956 ], [ 104.895999, 34.926543 ], [ 104.899875, 34.92758 ] ] ] ] } },
{ "type": "Feature", "properties": { "adcode": 621122, "name": "陇西县", "center": [ 104.637554, 35.003409 ], "centroid": [ 104.627503, 35.106143 ], "childrenNum": 0, "level": "district", "parent": { "adcode": 621100 }, "subFeatureIndex": 2, "acroutes": [ 100000, 620000, 621100 ] }, "geometry": { "type": "MultiPolygon", "coordinates": [ [ [ [ 104.883478, 35.298288 ], [ 104.880059, 35.304925 ], [ 104.871, 35.315425 ], [ 104.867015, 35.321601 ], [ 104.851054, 35.323131 ], [ 104.837923, 35.321697 ], [ 104.830868, 35.328772 ], [ 104.828777, 35.34229 ], [ 104.830585, 35.359054 ], [ 104.828124, 35.381051 ], [ 104.823899, 35.385389 ], [ 104.819697, 35.385599 ], [ 104.808308, 35.377057 ], [ 104.805151, 35.38323 ], [ 104.804497, 35.39286 ], [ 104.801057, 35.400864 ], [ 104.796571, 35.401992 ], [ 104.790996, 35.398285 ], [ 104.77939, 35.383096 ], [ 104.776298, 35.383077 ], [ 104.769351, 35.378452 ], [ 104.753738, 35.369872 ], [ 104.73941, 35.371363 ], [ 104.737189, 35.368362 ], [ 104.724907, 35.362762 ], [ 104.714542, 35.360392 ], [ 104.697121, 35.360698 ], [ 104.688934, 35.364062 ], [ 104.675041, 35.374019 ], [ 104.663435, 35.381261 ], [ 104.654942, 35.384835 ], [ 104.644511, 35.38772 ], [ 104.600438, 35.387338 ], [ 104.592076, 35.383134 ], [ 104.581449, 35.381453 ], [ 104.569451, 35.377478 ], [ 104.552967, 35.376217 ], [ 104.539379, 35.366508 ], [ 104.527576, 35.350147 ], [ 104.520935, 35.345062 ], [ 104.512072, 35.340645 ], [ 104.49733, 35.33621 ], [ 104.478363, 35.333342 ], [ 104.472571, 35.328026 ], [ 104.472418, 35.319326 ], [ 104.467105, 35.301157 ], [ 104.462206, 35.292185 ], [ 104.455847, 35.285719 ], [ 104.447681, 35.270757 ], [ 104.43969, 35.26427 ], [ 104.426559, 35.263237 ], [ 104.421463, 35.266184 ], [ 104.413668, 35.263352 ], [ 104.403498, 35.251333 ], [ 104.391957, 35.241131 ], [ 104.385446, 35.228631 ], [ 104.389627, 35.227233 ], [ 104.400297, 35.228171 ], [ 104.403324, 35.225414 ], [ 104.400755, 35.21519 ], [ 104.38978, 35.207167 ], [ 104.395028, 35.203739 ], [ 104.392306, 35.202341 ], [ 104.391152, 35.196615 ], [ 104.380656, 35.189394 ], [ 104.36942, 35.185199 ], [ 104.362909, 35.177882 ], [ 104.356006, 35.17338 ], [ 104.357922, 35.169376 ], [ 104.348689, 35.168341 ], [ 104.344508, 35.164701 ], [ 104.341133, 35.15855 ], [ 104.33717, 35.155025 ], [ 104.337126, 35.140709 ], [ 104.334557, 35.137202 ], [ 104.336538, 35.135094 ], [ 104.343093, 35.135879 ], [ 104.353001, 35.139732 ], [ 104.359294, 35.137988 ], [ 104.358401, 35.127216 ], [ 104.356093, 35.115273 ], [ 104.358357, 35.110882 ], [ 104.355309, 35.105188 ], [ 104.358336, 35.10235 ], [ 104.368592, 35.105552 ], [ 104.376279, 35.104344 ], [ 104.387864, 35.105092 ], [ 104.403085, 35.101507 ], [ 104.400036, 35.096905 ], [ 104.378435, 35.080584 ], [ 104.367765, 35.073181 ], [ 104.349713, 35.057547 ], [ 104.345532, 35.050601 ], [ 104.340893, 35.045958 ], [ 104.332074, 35.029704 ], [ 104.328329, 35.020204 ], [ 104.327327, 35.012853 ], [ 104.323495, 35.006614 ], [ 104.323016, 35.002467 ], [ 104.317964, 34.985667 ], [ 104.317376, 34.970055 ], [ 104.322384, 34.953363 ], [ 104.324322, 34.950809 ], [ 104.326325, 34.944911 ], [ 104.338084, 34.925082 ], [ 104.342439, 34.92145 ], [ 104.347557, 34.921489 ], [ 104.350736, 34.924141 ], [ 104.352478, 34.934901 ], [ 104.36047, 34.942567 ], [ 104.366654, 34.940108 ], [ 104.371205, 34.933748 ], [ 104.383312, 34.927196 ], [ 104.389802, 34.919894 ], [ 104.390215, 34.915416 ], [ 104.39407, 34.907421 ], [ 104.391565, 34.899982 ], [ 104.395028, 34.896811 ], [ 104.405545, 34.897983 ], [ 104.411664, 34.895407 ], [ 104.419482, 34.895023 ], [ 104.427299, 34.892562 ], [ 104.457328, 34.894869 ], [ 104.464579, 34.893543 ], [ 104.485418, 34.893004 ], [ 104.494891, 34.890755 ], [ 104.510744, 34.889025 ], [ 104.53633, 34.888045 ], [ 104.551943, 34.88493 ], [ 104.568493, 34.87449 ], [ 104.579032, 34.854837 ], [ 104.584411, 34.84799 ], [ 104.59029, 34.843681 ], [ 104.597759, 34.843393 ], [ 104.599893, 34.839142 ], [ 104.602811, 34.839834 ], [ 104.617945, 34.862491 ], [ 104.630967, 34.870644 ], [ 104.638501, 34.872548 ], [ 104.657773, 34.872279 ], [ 104.672907, 34.86876 ], [ 104.685537, 34.862914 ], [ 104.697317, 34.859568 ], [ 104.708184, 34.861049 ], [ 104.715696, 34.863414 ], [ 104.72408, 34.863722 ], [ 104.728849, 34.862145 ], [ 104.740934, 34.852837 ], [ 104.744854, 34.853106 ], [ 104.757854, 34.862145 ], [ 104.780239, 34.867722 ], [ 104.794306, 34.869279 ], [ 104.806522, 34.868164 ], [ 104.819914, 34.865703 ], [ 104.850226, 34.865837 ], [ 104.868365, 34.860645 ], [ 104.878709, 34.856106 ], [ 104.887049, 34.857991 ], [ 104.895912, 34.862395 ], [ 104.903293, 34.880104 ], [ 104.905863, 34.895869 ], [ 104.910153, 34.902558 ], [ 104.902205, 34.907075 ], [ 104.91024, 34.914763 ], [ 104.898568, 34.924929 ], [ 104.899875, 34.92758 ], [ 104.895999, 34.926543 ], [ 104.897392, 34.937956 ], [ 104.894148, 34.94543 ], [ 104.88633, 34.949425 ], [ 104.888421, 34.965503 ], [ 104.875747, 34.978966 ], [ 104.874005, 34.986301 ], [ 104.877511, 34.999395 ], [ 104.877468, 35.004905 ], [ 104.873461, 35.016135 ], [ 104.875225, 35.022738 ], [ 104.874332, 35.029647 ], [ 104.86523, 35.031259 ], [ 104.863248, 35.035116 ], [ 104.865034, 35.042101 ], [ 104.872437, 35.049143 ], [ 104.877163, 35.050333 ], [ 104.881932, 35.054803 ], [ 104.880407, 35.059158 ], [ 104.874854, 35.064146 ], [ 104.87039, 35.064261 ], [ 104.863901, 35.059273 ], [ 104.860983, 35.059618 ], [ 104.852578, 35.071992 ], [ 104.84757, 35.07015 ], [ 104.839208, 35.069882 ], [ 104.83666, 35.074447 ], [ 104.83764, 35.088448 ], [ 104.836899, 35.108179 ], [ 104.837923, 35.117113 ], [ 104.840928, 35.124475 ], [ 104.849508, 35.130934 ], [ 104.857608, 35.131893 ], [ 104.869084, 35.12804 ], [ 104.873875, 35.124168 ], [ 104.881692, 35.124206 ], [ 104.883303, 35.132238 ], [ 104.87958, 35.140249 ], [ 104.875268, 35.15307 ], [ 104.871218, 35.169797 ], [ 104.860395, 35.191999 ], [ 104.8553, 35.199085 ], [ 104.848005, 35.202494 ], [ 104.830389, 35.204026 ], [ 104.805281, 35.200924 ], [ 104.801405, 35.201326 ], [ 104.806283, 35.207665 ], [ 104.812141, 35.212126 ], [ 104.825881, 35.21699 ], [ 104.833677, 35.222313 ], [ 104.836442, 35.226295 ], [ 104.839099, 35.235676 ], [ 104.855975, 35.239485 ], [ 104.86033, 35.245591 ], [ 104.853275, 35.25541 ], [ 104.855431, 35.260596 ], [ 104.854015, 35.265916 ], [ 104.861593, 35.275024 ], [ 104.865186, 35.277339 ], [ 104.879297, 35.295055 ], [ 104.883478, 35.298288 ] ] ] ] } },
{ "type": "Feature", "properties": { "adcode": 621123, "name": "渭源县", "center": [ 104.211742, 35.133023 ], "centroid": [ 104.140362, 35.13615 ], "childrenNum": 0, "level": "district", "parent": { "adcode": 621100 }, "subFeatureIndex": 3, "acroutes": [ 100000, 620000, 621100 ] }, "geometry": { "type": "MultiPolygon", "coordinates": [ [ [ [ 103.748987, 35.088371 ], [ 103.743239, 35.084823 ], [ 103.746701, 35.07717 ], [ 103.739646, 35.069977 ], [ 103.738317, 35.064932 ], [ 103.746875, 35.056031 ], [ 103.743239, 35.050409 ], [ 103.743543, 35.044845 ], [ 103.74914, 35.037112 ], [ 103.757414, 35.032238 ], [ 103.757632, 35.029013 ], [ 103.767867, 35.026231 ], [ 103.774661, 35.02005 ], [ 103.785374, 35.016327 ], [ 103.784634, 35.00264 ], [ 103.789708, 34.996976 ], [ 103.796262, 34.99473 ], [ 103.799028, 34.998128 ], [ 103.805713, 34.991236 ], [ 103.816448, 34.993194 ], [ 103.825202, 34.985955 ], [ 103.829993, 34.984381 ], [ 103.834914, 34.978005 ], [ 103.849351, 34.981827 ], [ 103.860609, 34.98705 ], [ 103.868949, 34.987395 ], [ 103.875961, 34.985187 ], [ 103.889549, 34.975509 ], [ 103.895733, 34.972148 ], [ 103.911151, 34.969152 ], [ 103.925305, 34.95926 ], [ 103.93223, 34.948426 ], [ 103.928092, 34.941587 ], [ 103.937303, 34.935977 ], [ 103.942987, 34.936112 ], [ 103.950129, 34.947312 ], [ 103.958055, 34.952211 ], [ 103.968726, 34.947235 ], [ 103.981116, 34.946697 ], [ 103.985819, 34.943163 ], [ 103.984339, 34.938052 ], [ 104.001062, 34.934267 ], [ 104.017808, 34.936784 ], [ 104.023687, 34.932211 ], [ 104.026148, 34.924275 ], [ 104.024798, 34.917011 ], [ 104.011057, 34.912956 ], [ 104.011036, 34.910189 ], [ 104.027259, 34.893427 ], [ 104.044265, 34.892793 ], [ 104.051843, 34.890601 ], [ 104.061882, 34.889679 ], [ 104.07081, 34.89187 ], [ 104.076515, 34.896138 ], [ 104.083418, 34.909881 ], [ 104.090168, 34.933614 ], [ 104.090321, 34.939301 ], [ 104.085508, 34.951462 ], [ 104.086096, 34.957263 ], [ 104.092433, 34.960989 ], [ 104.10073, 34.961066 ], [ 104.130432, 34.956994 ], [ 104.136311, 34.954766 ], [ 104.145348, 34.947062 ], [ 104.150552, 34.936092 ], [ 104.161614, 34.934056 ], [ 104.176248, 34.93517 ], [ 104.186439, 34.93469 ], [ 104.194866, 34.931731 ], [ 104.200223, 34.927427 ], [ 104.211611, 34.91286 ], [ 104.218688, 34.905576 ], [ 104.230077, 34.903327 ], [ 104.250503, 34.903461 ], [ 104.260062, 34.905614 ], [ 104.274042, 34.913071 ], [ 104.287499, 34.92539 ], [ 104.292421, 34.934248 ], [ 104.298757, 34.939032 ], [ 104.315329, 34.948619 ], [ 104.324322, 34.950809 ], [ 104.322384, 34.953363 ], [ 104.317376, 34.970055 ], [ 104.317964, 34.985667 ], [ 104.323016, 35.002467 ], [ 104.323495, 35.006614 ], [ 104.327327, 35.012853 ], [ 104.328329, 35.020204 ], [ 104.332074, 35.029704 ], [ 104.340893, 35.045958 ], [ 104.345532, 35.050601 ], [ 104.349713, 35.057547 ], [ 104.367765, 35.073181 ], [ 104.378435, 35.080584 ], [ 104.400036, 35.096905 ], [ 104.403085, 35.101507 ], [ 104.387864, 35.105092 ], [ 104.376279, 35.104344 ], [ 104.368592, 35.105552 ], [ 104.358336, 35.10235 ], [ 104.355309, 35.105188 ], [ 104.358357, 35.110882 ], [ 104.356093, 35.115273 ], [ 104.358401, 35.127216 ], [ 104.359294, 35.137988 ], [ 104.353001, 35.139732 ], [ 104.343093, 35.135879 ], [ 104.336538, 35.135094 ], [ 104.334557, 35.137202 ], [ 104.337126, 35.140709 ], [ 104.33717, 35.155025 ], [ 104.341133, 35.15855 ], [ 104.344508, 35.164701 ], [ 104.348689, 35.168341 ], [ 104.357922, 35.169376 ], [ 104.356006, 35.17338 ], [ 104.362909, 35.177882 ], [ 104.36942, 35.185199 ], [ 104.380656, 35.189394 ], [ 104.391152, 35.196615 ], [ 104.392306, 35.202341 ], [ 104.395028, 35.203739 ], [ 104.38978, 35.207167 ], [ 104.400755, 35.21519 ], [ 104.403324, 35.225414 ], [ 104.400297, 35.228171 ], [ 104.389627, 35.227233 ], [ 104.385446, 35.228631 ], [ 104.391957, 35.241131 ], [ 104.403498, 35.251333 ], [ 104.413668, 35.263352 ], [ 104.421463, 35.266184 ], [ 104.426559, 35.263237 ], [ 104.43969, 35.26427 ], [ 104.447681, 35.270757 ], [ 104.455847, 35.285719 ], [ 104.462206, 35.292185 ], [ 104.467105, 35.301157 ], [ 104.472418, 35.319326 ], [ 104.472571, 35.328026 ], [ 104.478363, 35.333342 ], [ 104.470763, 35.33925 ], [ 104.46704, 35.344507 ], [ 104.464383, 35.355958 ], [ 104.464536, 35.363756 ], [ 104.462467, 35.372223 ], [ 104.456827, 35.375624 ], [ 104.444589, 35.371401 ], [ 104.433963, 35.369948 ], [ 104.429999, 35.372433 ], [ 104.426842, 35.378147 ], [ 104.418088, 35.382886 ], [ 104.400189, 35.381567 ], [ 104.380307, 35.377459 ], [ 104.367808, 35.388102 ], [ 104.361602, 35.389401 ], [ 104.355984, 35.388427 ], [ 104.341743, 35.382523 ], [ 104.324845, 35.368095 ], [ 104.320381, 35.365973 ], [ 104.314741, 35.366833 ], [ 104.311975, 35.364501 ], [ 104.299062, 35.363661 ], [ 104.282731, 35.367349 ], [ 104.275066, 35.372089 ], [ 104.272191, 35.376408 ], [ 104.251025, 35.384663 ], [ 104.236436, 35.385656 ], [ 104.229075, 35.389707 ], [ 104.227224, 35.400234 ], [ 104.224459, 35.406748 ], [ 104.217295, 35.414695 ], [ 104.210784, 35.413625 ], [ 104.197718, 35.406252 ], [ 104.195976, 35.398209 ], [ 104.191033, 35.387433 ], [ 104.182497, 35.389516 ], [ 104.17542, 35.393261 ], [ 104.169998, 35.381663 ], [ 104.164946, 35.38365 ], [ 104.158261, 35.382924 ], [ 104.155495, 35.388083 ], [ 104.143301, 35.384242 ], [ 104.143366, 35.377421 ], [ 104.140884, 35.370636 ], [ 104.141973, 35.365954 ], [ 104.13936, 35.362839 ], [ 104.140427, 35.358729 ], [ 104.138554, 35.349153 ], [ 104.141494, 35.342404 ], [ 104.145, 35.341544 ], [ 104.149442, 35.333438 ], [ 104.156889, 35.330053 ], [ 104.152817, 35.323208 ], [ 104.143628, 35.317777 ], [ 104.131891, 35.317872 ], [ 104.12771, 35.316687 ], [ 104.12305, 35.311141 ], [ 104.115885, 35.290636 ], [ 104.10552, 35.275847 ], [ 104.101165, 35.268232 ], [ 104.094589, 35.260577 ], [ 104.093827, 35.257132 ], [ 104.086684, 35.249687 ], [ 104.080957, 35.241361 ], [ 104.06885, 35.229052 ], [ 104.062492, 35.224132 ], [ 104.048185, 35.209484 ], [ 104.036339, 35.1983 ], [ 104.024711, 35.190543 ], [ 104.00766, 35.186617 ], [ 103.998928, 35.188532 ], [ 103.984687, 35.199085 ], [ 103.975977, 35.21318 ], [ 103.97099, 35.223883 ], [ 103.970598, 35.230067 ], [ 103.967441, 35.247678 ], [ 103.964501, 35.254051 ], [ 103.957424, 35.257381 ], [ 103.939982, 35.25895 ], [ 103.923541, 35.255257 ], [ 103.919708, 35.250395 ], [ 103.917792, 35.238241 ], [ 103.923541, 35.229952 ], [ 103.915332, 35.227329 ], [ 103.904705, 35.228267 ], [ 103.898521, 35.231637 ], [ 103.888678, 35.229531 ], [ 103.884671, 35.225089 ], [ 103.886283, 35.219575 ], [ 103.894231, 35.219766 ], [ 103.899087, 35.22463 ], [ 103.904291, 35.221088 ], [ 103.901831, 35.21385 ], [ 103.899479, 35.213007 ], [ 103.898499, 35.204409 ], [ 103.900611, 35.197994 ], [ 103.895407, 35.192918 ], [ 103.891378, 35.196998 ], [ 103.885782, 35.196749 ], [ 103.88306, 35.190639 ], [ 103.882842, 35.177652 ], [ 103.883953, 35.17428 ], [ 103.882254, 35.167996 ], [ 103.872586, 35.150445 ], [ 103.865814, 35.139808 ], [ 103.859194, 35.122979 ], [ 103.848742, 35.116883 ], [ 103.83842, 35.117439 ], [ 103.830537, 35.120775 ], [ 103.821326, 35.12066 ], [ 103.815142, 35.123114 ], [ 103.805125, 35.122059 ], [ 103.794324, 35.119395 ], [ 103.790513, 35.114774 ], [ 103.791297, 35.10444 ], [ 103.796763, 35.095562 ], [ 103.796524, 35.087585 ], [ 103.801031, 35.078973 ], [ 103.79685, 35.073104 ], [ 103.798723, 35.067618 ], [ 103.795043, 35.062611 ], [ 103.786006, 35.06265 ], [ 103.781085, 35.066947 ], [ 103.771569, 35.070937 ], [ 103.7619, 35.077496 ], [ 103.758133, 35.084228 ], [ 103.748987, 35.088371 ] ] ], [ [ [ 103.898499, 35.204409 ], [ 103.899479, 35.213007 ], [ 103.891291, 35.215382 ], [ 103.886871, 35.214022 ], [ 103.877464, 35.20686 ], [ 103.877812, 35.204907 ], [ 103.884846, 35.201077 ], [ 103.885782, 35.196749 ], [ 103.891378, 35.196998 ], [ 103.891117, 35.202379 ], [ 103.896321, 35.205788 ], [ 103.898499, 35.204409 ] ] ] ] } },
{ "type": "Feature", "properties": { "adcode": 621124, "name": "临洮县", "center": [ 103.862186, 35.376233 ], "centroid": [ 103.9053, 35.525162 ], "childrenNum": 0, "level": "district", "parent": { "adcode": 621100 }, "subFeatureIndex": 4, "acroutes": [ 100000, 620000, 621100 ] }, "geometry": { "type": "MultiPolygon", "coordinates": [ [ [ [ 104.243142, 35.576524 ], [ 104.225395, 35.578564 ], [ 104.223392, 35.583482 ], [ 104.227028, 35.586303 ], [ 104.22496, 35.590648 ], [ 104.217491, 35.58758 ], [ 104.206146, 35.594288 ], [ 104.198655, 35.593583 ], [ 104.19811, 35.599015 ], [ 104.202618, 35.605341 ], [ 104.208715, 35.607514 ], [ 104.210631, 35.612544 ], [ 104.20277, 35.614106 ], [ 104.200005, 35.620641 ], [ 104.186243, 35.636605 ], [ 104.185568, 35.641976 ], [ 104.179775, 35.647347 ], [ 104.173221, 35.649423 ], [ 104.169018, 35.644205 ], [ 104.16475, 35.643157 ], [ 104.161353, 35.646643 ], [ 104.15702, 35.637862 ], [ 104.148636, 35.635062 ], [ 104.147177, 35.631005 ], [ 104.138968, 35.618584 ], [ 104.13483, 35.620336 ], [ 104.121765, 35.629652 ], [ 104.11447, 35.636548 ], [ 104.110746, 35.638129 ], [ 104.104736, 35.635291 ], [ 104.099096, 35.638453 ], [ 104.094654, 35.646909 ], [ 104.092433, 35.65765 ], [ 104.081458, 35.658202 ], [ 104.070461, 35.662068 ], [ 104.067478, 35.664791 ], [ 104.067609, 35.671208 ], [ 104.061425, 35.676995 ], [ 104.058855, 35.682079 ], [ 104.053106, 35.686095 ], [ 104.040041, 35.689008 ], [ 104.0339, 35.695822 ], [ 104.027367, 35.699648 ], [ 104.026453, 35.706575 ], [ 104.019615, 35.71356 ], [ 104.012103, 35.715767 ], [ 104.000409, 35.715082 ], [ 103.995139, 35.718812 ], [ 103.98656, 35.728344 ], [ 103.984644, 35.73428 ], [ 103.980963, 35.735707 ], [ 103.963695, 35.735307 ], [ 103.952154, 35.743316 ], [ 103.952045, 35.74674 ], [ 103.94806, 35.748528 ], [ 103.934668, 35.751305 ], [ 103.919817, 35.757316 ], [ 103.915789, 35.76382 ], [ 103.901308, 35.77502 ], [ 103.887611, 35.780249 ], [ 103.882058, 35.786276 ], [ 103.870844, 35.794546 ], [ 103.864943, 35.79485 ], [ 103.860762, 35.788482 ], [ 103.854469, 35.782379 ], [ 103.851398, 35.774659 ], [ 103.849003, 35.775001 ], [ 103.849634, 35.78679 ], [ 103.848045, 35.797455 ], [ 103.849547, 35.803918 ], [ 103.845388, 35.808689 ], [ 103.844604, 35.81344 ], [ 103.837549, 35.815968 ], [ 103.8367, 35.821821 ], [ 103.840619, 35.827902 ], [ 103.835546, 35.834458 ], [ 103.837309, 35.841773 ], [ 103.830929, 35.844185 ], [ 103.81843, 35.846522 ], [ 103.804123, 35.844109 ], [ 103.79918, 35.841051 ], [ 103.79905, 35.847814 ], [ 103.794346, 35.852316 ], [ 103.782326, 35.845629 ], [ 103.779909, 35.848137 ], [ 103.780322, 35.863675 ], [ 103.777666, 35.868063 ], [ 103.778101, 35.877407 ], [ 103.781324, 35.887737 ], [ 103.776359, 35.8963 ], [ 103.77183, 35.895787 ], [ 103.767388, 35.890433 ], [ 103.749815, 35.895237 ], [ 103.742694, 35.900401 ], [ 103.737054, 35.900059 ], [ 103.732764, 35.904254 ], [ 103.72486, 35.909057 ], [ 103.719939, 35.907956 ], [ 103.714691, 35.910006 ], [ 103.714712, 35.922496 ], [ 103.702627, 35.927279 ], [ 103.693699, 35.920484 ], [ 103.68734, 35.924754 ], [ 103.668788, 35.92018 ], [ 103.665674, 35.915397 ], [ 103.660948, 35.914296 ], [ 103.649124, 35.928436 ], [ 103.643724, 35.93134 ], [ 103.623995, 35.934945 ], [ 103.618159, 35.933655 ], [ 103.616417, 35.926273 ], [ 103.611278, 35.917257 ], [ 103.60738, 35.91422 ], [ 103.595948, 35.909456 ], [ 103.568924, 35.907652 ], [ 103.558712, 35.911164 ], [ 103.553964, 35.920484 ], [ 103.552288, 35.930998 ], [ 103.549043, 35.937374 ], [ 103.542118, 35.943921 ], [ 103.529423, 35.946805 ], [ 103.509281, 35.940942 ], [ 103.505426, 35.937678 ], [ 103.498937, 35.927279 ], [ 103.48622, 35.918852 ], [ 103.476704, 35.917333 ], [ 103.472088, 35.910405 ], [ 103.471173, 35.902375 ], [ 103.473351, 35.89461 ], [ 103.473024, 35.884983 ], [ 103.470999, 35.881774 ], [ 103.506472, 35.857749 ], [ 103.51087, 35.855736 ], [ 103.517621, 35.849353 ], [ 103.523283, 35.838011 ], [ 103.537872, 35.822182 ], [ 103.541095, 35.814657 ], [ 103.547911, 35.803215 ], [ 103.554356, 35.803272 ], [ 103.564417, 35.807149 ], [ 103.579072, 35.795497 ], [ 103.58212, 35.794527 ], [ 103.591571, 35.781086 ], [ 103.589938, 35.769031 ], [ 103.595665, 35.757049 ], [ 103.612258, 35.75724 ], [ 103.621556, 35.753588 ], [ 103.627305, 35.740862 ], [ 103.637648, 35.729714 ], [ 103.640566, 35.719972 ], [ 103.65925, 35.706652 ], [ 103.664955, 35.696184 ], [ 103.678325, 35.68402 ], [ 103.685054, 35.680537 ], [ 103.692763, 35.674102 ], [ 103.720004, 35.659231 ], [ 103.749945, 35.633633 ], [ 103.756696, 35.626052 ], [ 103.760877, 35.624909 ], [ 103.771286, 35.617631 ], [ 103.785353, 35.598938 ], [ 103.793192, 35.564381 ], [ 103.811309, 35.534157 ], [ 103.821043, 35.534271 ], [ 103.827162, 35.523361 ], [ 103.831169, 35.52008 ], [ 103.829753, 35.517238 ], [ 103.832976, 35.506783 ], [ 103.84345, 35.504036 ], [ 103.845366, 35.500888 ], [ 103.849417, 35.501289 ], [ 103.854382, 35.498121 ], [ 103.856167, 35.493771 ], [ 103.854577, 35.487187 ], [ 103.854229, 35.47732 ], [ 103.849852, 35.47337 ], [ 103.840968, 35.468903 ], [ 103.828033, 35.458652 ], [ 103.827097, 35.449928 ], [ 103.823003, 35.445059 ], [ 103.807368, 35.442806 ], [ 103.802403, 35.440209 ], [ 103.800552, 35.435149 ], [ 103.811723, 35.422678 ], [ 103.815795, 35.415 ], [ 103.816514, 35.408143 ], [ 103.814031, 35.40352 ], [ 103.814118, 35.396337 ], [ 103.805604, 35.392497 ], [ 103.803252, 35.398648 ], [ 103.790339, 35.391197 ], [ 103.784765, 35.390815 ], [ 103.780606, 35.38751 ], [ 103.780279, 35.375318 ], [ 103.782239, 35.371726 ], [ 103.781085, 35.364731 ], [ 103.777056, 35.356875 ], [ 103.768868, 35.346113 ], [ 103.76349, 35.337185 ], [ 103.755564, 35.327893 ], [ 103.750424, 35.320244 ], [ 103.740212, 35.312766 ], [ 103.734681, 35.296394 ], [ 103.731741, 35.27776 ], [ 103.724969, 35.268251 ], [ 103.709944, 35.249879 ], [ 103.699557, 35.238471 ], [ 103.689997, 35.219786 ], [ 103.68758, 35.210288 ], [ 103.687754, 35.202954 ], [ 103.691565, 35.195676 ], [ 103.702866, 35.191961 ], [ 103.716019, 35.191961 ], [ 103.721114, 35.190218 ], [ 103.721877, 35.181502 ], [ 103.721006, 35.169797 ], [ 103.71652, 35.133254 ], [ 103.718196, 35.12503 ], [ 103.720483, 35.122423 ], [ 103.726253, 35.129248 ], [ 103.729455, 35.129976 ], [ 103.739188, 35.1248 ], [ 103.748508, 35.1151 ], [ 103.746135, 35.111132 ], [ 103.740103, 35.108773 ], [ 103.735334, 35.100471 ], [ 103.741475, 35.096022 ], [ 103.748987, 35.088371 ], [ 103.758133, 35.084228 ], [ 103.7619, 35.077496 ], [ 103.771569, 35.070937 ], [ 103.781085, 35.066947 ], [ 103.786006, 35.06265 ], [ 103.795043, 35.062611 ], [ 103.798723, 35.067618 ], [ 103.79685, 35.073104 ], [ 103.801031, 35.078973 ], [ 103.796524, 35.087585 ], [ 103.796763, 35.095562 ], [ 103.791297, 35.10444 ], [ 103.790513, 35.114774 ], [ 103.794324, 35.119395 ], [ 103.805125, 35.122059 ], [ 103.815142, 35.123114 ], [ 103.821326, 35.12066 ], [ 103.830537, 35.120775 ], [ 103.83842, 35.117439 ], [ 103.848742, 35.116883 ], [ 103.859194, 35.122979 ], [ 103.865814, 35.139808 ], [ 103.872586, 35.150445 ], [ 103.882254, 35.167996 ], [ 103.883953, 35.17428 ], [ 103.882842, 35.177652 ], [ 103.88306, 35.190639 ], [ 103.885782, 35.196749 ], [ 103.884846, 35.201077 ], [ 103.877812, 35.204907 ], [ 103.877464, 35.20686 ], [ 103.886871, 35.214022 ], [ 103.891291, 35.215382 ], [ 103.899479, 35.213007 ], [ 103.901831, 35.21385 ], [ 103.904291, 35.221088 ], [ 103.899087, 35.22463 ], [ 103.894231, 35.219766 ], [ 103.886283, 35.219575 ], [ 103.884671, 35.225089 ], [ 103.888678, 35.229531 ], [ 103.898521, 35.231637 ], [ 103.904705, 35.228267 ], [ 103.915332, 35.227329 ], [ 103.923541, 35.229952 ], [ 103.917792, 35.238241 ], [ 103.919708, 35.250395 ], [ 103.923541, 35.255257 ], [ 103.939982, 35.25895 ], [ 103.957424, 35.257381 ], [ 103.964501, 35.254051 ], [ 103.967441, 35.247678 ], [ 103.970598, 35.230067 ], [ 103.97099, 35.223883 ], [ 103.975977, 35.21318 ], [ 103.984687, 35.199085 ], [ 103.998928, 35.188532 ], [ 104.00766, 35.186617 ], [ 104.024711, 35.190543 ], [ 104.036339, 35.1983 ], [ 104.048185, 35.209484 ], [ 104.062492, 35.224132 ], [ 104.06885, 35.229052 ], [ 104.080957, 35.241361 ], [ 104.086684, 35.249687 ], [ 104.093827, 35.257132 ], [ 104.094589, 35.260577 ], [ 104.101165, 35.268232 ], [ 104.10552, 35.275847 ], [ 104.115885, 35.290636 ], [ 104.12305, 35.311141 ], [ 104.12771, 35.316687 ], [ 104.131891, 35.317872 ], [ 104.143628, 35.317777 ], [ 104.152817, 35.323208 ], [ 104.156889, 35.330053 ], [ 104.149442, 35.333438 ], [ 104.145, 35.341544 ], [ 104.141494, 35.342404 ], [ 104.138554, 35.349153 ], [ 104.140427, 35.358729 ], [ 104.13936, 35.362839 ], [ 104.141973, 35.365954 ], [ 104.140884, 35.370636 ], [ 104.143366, 35.377421 ], [ 104.143301, 35.384242 ], [ 104.155495, 35.388083 ], [ 104.158261, 35.382924 ], [ 104.164946, 35.38365 ], [ 104.169998, 35.381663 ], [ 104.17542, 35.393261 ], [ 104.182497, 35.389516 ], [ 104.191033, 35.387433 ], [ 104.195976, 35.398209 ], [ 104.197718, 35.406252 ], [ 104.210784, 35.413625 ], [ 104.217295, 35.414695 ], [ 104.224459, 35.406748 ], [ 104.227224, 35.400234 ], [ 104.229075, 35.389707 ], [ 104.236436, 35.385656 ], [ 104.251025, 35.384663 ], [ 104.272191, 35.376408 ], [ 104.275066, 35.372089 ], [ 104.282731, 35.367349 ], [ 104.299062, 35.363661 ], [ 104.311975, 35.364501 ], [ 104.314741, 35.366833 ], [ 104.312041, 35.376885 ], [ 104.312454, 35.387204 ], [ 104.314044, 35.393414 ], [ 104.311627, 35.403711 ], [ 104.313151, 35.414274 ], [ 104.321448, 35.422392 ], [ 104.326957, 35.429343 ], [ 104.327392, 35.437135 ], [ 104.320511, 35.445994 ], [ 104.308382, 35.448381 ], [ 104.289851, 35.448152 ], [ 104.283079, 35.44945 ], [ 104.275131, 35.454853 ], [ 104.262, 35.466632 ], [ 104.250742, 35.485756 ], [ 104.244209, 35.491424 ], [ 104.232015, 35.499323 ], [ 104.22631, 35.504761 ], [ 104.222238, 35.513671 ], [ 104.233496, 35.527539 ], [ 104.233169, 35.546553 ], [ 104.234454, 35.554142 ], [ 104.239223, 35.559576 ], [ 104.23772, 35.566059 ], [ 104.241052, 35.570138 ], [ 104.243142, 35.576524 ] ] ], [ [ [ 103.898499, 35.204409 ], [ 103.896321, 35.205788 ], [ 103.891117, 35.202379 ], [ 103.891378, 35.196998 ], [ 103.895407, 35.192918 ], [ 103.900611, 35.197994 ], [ 103.898499, 35.204409 ] ] ] ] } },
{ "type": "Feature", "properties": { "adcode": 621125, "name": "漳县", "center": [ 104.466756, 34.848642 ], "centroid": [ 104.360647, 34.72198 ], "childrenNum": 0, "level": "district", "parent": { "adcode": 621100 }, "subFeatureIndex": 5, "acroutes": [ 100000, 620000, 621100 ] }, "geometry": { "type": "MultiPolygon", "coordinates": [ [ [ [ 104.599893, 34.839142 ], [ 104.597759, 34.843393 ], [ 104.59029, 34.843681 ], [ 104.584411, 34.84799 ], [ 104.579032, 34.854837 ], [ 104.568493, 34.87449 ], [ 104.551943, 34.88493 ], [ 104.53633, 34.888045 ], [ 104.510744, 34.889025 ], [ 104.494891, 34.890755 ], [ 104.485418, 34.893004 ], [ 104.464579, 34.893543 ], [ 104.457328, 34.894869 ], [ 104.427299, 34.892562 ], [ 104.419482, 34.895023 ], [ 104.411664, 34.895407 ], [ 104.405545, 34.897983 ], [ 104.395028, 34.896811 ], [ 104.391565, 34.899982 ], [ 104.39407, 34.907421 ], [ 104.390215, 34.915416 ], [ 104.389802, 34.919894 ], [ 104.383312, 34.927196 ], [ 104.371205, 34.933748 ], [ 104.366654, 34.940108 ], [ 104.36047, 34.942567 ], [ 104.352478, 34.934901 ], [ 104.350736, 34.924141 ], [ 104.347557, 34.921489 ], [ 104.342439, 34.92145 ], [ 104.338084, 34.925082 ], [ 104.326325, 34.944911 ], [ 104.324322, 34.950809 ], [ 104.315329, 34.948619 ], [ 104.298757, 34.939032 ], [ 104.292421, 34.934248 ], [ 104.287499, 34.92539 ], [ 104.274042, 34.913071 ], [ 104.260062, 34.905614 ], [ 104.250503, 34.903461 ], [ 104.230077, 34.903327 ], [ 104.218688, 34.905576 ], [ 104.211611, 34.91286 ], [ 104.200223, 34.927427 ], [ 104.194866, 34.931731 ], [ 104.186439, 34.93469 ], [ 104.176248, 34.93517 ], [ 104.161614, 34.934056 ], [ 104.150552, 34.936092 ], [ 104.145348, 34.947062 ], [ 104.136311, 34.954766 ], [ 104.130432, 34.956994 ], [ 104.10073, 34.961066 ], [ 104.092433, 34.960989 ], [ 104.086096, 34.957263 ], [ 104.085508, 34.951462 ], [ 104.090321, 34.939301 ], [ 104.090168, 34.933614 ], [ 104.083418, 34.909881 ], [ 104.076515, 34.896138 ], [ 104.07081, 34.89187 ], [ 104.061882, 34.889679 ], [ 104.051843, 34.890601 ], [ 104.044265, 34.892793 ], [ 104.027259, 34.893427 ], [ 104.029044, 34.887949 ], [ 104.027498, 34.880566 ], [ 104.021227, 34.872452 ], [ 103.998014, 34.857395 ], [ 103.985231, 34.853067 ], [ 103.964588, 34.840604 ], [ 103.965394, 34.836679 ], [ 103.975367, 34.831947 ], [ 103.979417, 34.827753 ], [ 103.98362, 34.819865 ], [ 103.997687, 34.807704 ], [ 103.997361, 34.79404 ], [ 103.999037, 34.787688 ], [ 104.012342, 34.787399 ], [ 104.016, 34.785301 ], [ 104.023905, 34.774849 ], [ 104.018657, 34.767937 ], [ 104.019985, 34.761757 ], [ 104.02715, 34.756885 ], [ 104.020312, 34.75598 ], [ 104.014955, 34.751455 ], [ 104.014585, 34.743521 ], [ 104.016937, 34.739515 ], [ 104.024384, 34.735182 ], [ 104.025364, 34.731156 ], [ 104.038408, 34.722546 ], [ 104.039148, 34.718828 ], [ 104.042959, 34.717672 ], [ 104.054021, 34.719329 ], [ 104.072247, 34.728306 ], [ 104.079477, 34.728171 ], [ 104.085182, 34.722064 ], [ 104.088993, 34.71064 ], [ 104.089297, 34.693203 ], [ 104.091388, 34.685205 ], [ 104.090451, 34.676012 ], [ 104.087882, 34.664524 ], [ 104.088579, 34.656948 ], [ 104.091148, 34.652629 ], [ 104.098182, 34.647443 ], [ 104.117192, 34.641253 ], [ 104.14084, 34.637378 ], [ 104.156671, 34.635951 ], [ 104.180363, 34.628372 ], [ 104.200092, 34.6249 ], [ 104.20375, 34.622644 ], [ 104.211764, 34.607599 ], [ 104.209107, 34.599535 ], [ 104.196913, 34.584042 ], [ 104.195367, 34.577385 ], [ 104.202422, 34.57011 ], [ 104.219908, 34.567775 ], [ 104.233169, 34.553685 ], [ 104.250524, 34.544709 ], [ 104.273977, 34.536716 ], [ 104.286302, 34.530441 ], [ 104.31019, 34.514221 ], [ 104.32221, 34.509779 ], [ 104.329135, 34.511479 ], [ 104.332423, 34.51426 ], [ 104.338128, 34.523973 ], [ 104.341786, 34.539612 ], [ 104.352282, 34.563587 ], [ 104.358183, 34.571673 ], [ 104.353828, 34.57781 ], [ 104.356419, 34.581206 ], [ 104.365718, 34.58273 ], [ 104.379284, 34.580145 ], [ 104.379044, 34.577057 ], [ 104.397793, 34.580994 ], [ 104.403651, 34.578813 ], [ 104.402584, 34.568469 ], [ 104.413929, 34.562757 ], [ 104.421594, 34.56459 ], [ 104.426668, 34.563471 ], [ 104.42817, 34.565845 ], [ 104.427452, 34.57397 ], [ 104.440278, 34.572677 ], [ 104.450512, 34.572908 ], [ 104.454845, 34.56708 ], [ 104.458351, 34.556078 ], [ 104.461661, 34.556561 ], [ 104.468063, 34.552623 ], [ 104.474291, 34.551851 ], [ 104.477645, 34.548821 ], [ 104.47869, 34.541253 ], [ 104.481695, 34.537952 ], [ 104.487357, 34.538203 ], [ 104.498179, 34.546562 ], [ 104.508348, 34.542971 ], [ 104.520368, 34.542971 ], [ 104.528861, 34.541717 ], [ 104.539749, 34.530519 ], [ 104.539858, 34.526502 ], [ 104.543647, 34.525344 ], [ 104.567774, 34.513507 ], [ 104.572826, 34.508968 ], [ 104.573196, 34.500258 ], [ 104.557692, 34.477656 ], [ 104.550571, 34.472111 ], [ 104.548677, 34.46728 ], [ 104.556168, 34.466411 ], [ 104.562112, 34.469058 ], [ 104.5779, 34.47926 ], [ 104.582865, 34.481056 ], [ 104.596888, 34.490348 ], [ 104.608211, 34.495255 ], [ 104.616573, 34.493265 ], [ 104.629987, 34.487644 ], [ 104.638088, 34.482447 ], [ 104.644838, 34.475859 ], [ 104.650718, 34.472478 ], [ 104.660843, 34.46158 ], [ 104.676565, 34.449115 ], [ 104.693115, 34.43833 ], [ 104.706311, 34.433672 ], [ 104.71439, 34.435933 ], [ 104.723361, 34.442157 ], [ 104.732681, 34.45099 ], [ 104.741261, 34.466488 ], [ 104.748425, 34.472961 ], [ 104.745986, 34.488803 ], [ 104.750929, 34.497553 ], [ 104.754435, 34.506747 ], [ 104.754348, 34.516616 ], [ 104.752628, 34.529843 ], [ 104.746639, 34.535712 ], [ 104.747619, 34.541176 ], [ 104.744505, 34.544207 ], [ 104.745899, 34.551156 ], [ 104.738539, 34.555577 ], [ 104.73488, 34.554573 ], [ 104.729937, 34.548724 ], [ 104.721641, 34.545732 ], [ 104.716328, 34.541388 ], [ 104.710644, 34.539921 ], [ 104.700932, 34.541466 ], [ 104.695554, 34.545153 ], [ 104.689652, 34.55465 ], [ 104.684579, 34.556175 ], [ 104.679374, 34.562274 ], [ 104.671579, 34.575841 ], [ 104.67809, 34.591085 ], [ 104.683577, 34.599227 ], [ 104.68251, 34.608255 ], [ 104.683664, 34.612402 ], [ 104.690872, 34.61815 ], [ 104.690088, 34.623917 ], [ 104.686038, 34.628488 ], [ 104.69159, 34.63543 ], [ 104.69207, 34.639479 ], [ 104.68926, 34.644743 ], [ 104.691808, 34.653073 ], [ 104.69821, 34.664312 ], [ 104.699495, 34.67368 ], [ 104.692004, 34.672465 ], [ 104.67552, 34.666451 ], [ 104.665329, 34.661304 ], [ 104.654354, 34.657526 ], [ 104.644207, 34.655675 ], [ 104.642247, 34.65743 ], [ 104.63162, 34.657198 ], [ 104.623041, 34.658181 ], [ 104.619448, 34.653439 ], [ 104.59961, 34.653285 ], [ 104.594123, 34.656273 ], [ 104.595516, 34.664813 ], [ 104.600046, 34.669632 ], [ 104.601701, 34.679038 ], [ 104.598108, 34.694455 ], [ 104.591771, 34.696594 ], [ 104.58931, 34.699504 ], [ 104.60157, 34.710082 ], [ 104.582211, 34.718231 ], [ 104.57803, 34.719079 ], [ 104.577922, 34.722739 ], [ 104.582625, 34.725416 ], [ 104.591858, 34.72609 ], [ 104.598195, 34.732158 ], [ 104.605598, 34.742366 ], [ 104.606339, 34.745736 ], [ 104.602245, 34.752322 ], [ 104.59532, 34.75883 ], [ 104.592903, 34.763162 ], [ 104.583975, 34.768399 ], [ 104.583148, 34.776196 ], [ 104.584367, 34.787342 ], [ 104.588592, 34.794656 ], [ 104.597345, 34.804394 ], [ 104.599763, 34.815266 ], [ 104.597389, 34.824309 ], [ 104.597019, 34.833717 ], [ 104.599893, 34.839142 ] ] ] ] } },
{ "type": "Feature", "properties": { "adcode": 621126, "name": "岷县", "center": [ 104.039882, 34.439105 ], "centroid": [ 104.24039, 34.423916 ], "childrenNum": 0, "level": "district", "parent": { "adcode": 621100 }, "subFeatureIndex": 6, "acroutes": [ 100000, 620000, 621100 ] }, "geometry": { "type": "MultiPolygon", "coordinates": [ [ [ [ 104.014585, 34.743521 ], [ 104.008357, 34.743598 ], [ 104.004699, 34.73522 ], [ 104.001759, 34.73445 ], [ 103.994312, 34.73784 ], [ 103.989129, 34.738206 ], [ 103.981682, 34.733025 ], [ 103.972819, 34.729673 ], [ 103.96363, 34.728614 ], [ 103.954397, 34.729847 ], [ 103.950173, 34.732081 ], [ 103.931141, 34.736838 ], [ 103.923541, 34.74017 ], [ 103.908973, 34.744734 ], [ 103.902332, 34.743213 ], [ 103.881144, 34.747353 ], [ 103.870691, 34.746082 ], [ 103.853053, 34.738591 ], [ 103.849046, 34.726649 ], [ 103.841577, 34.723779 ], [ 103.833412, 34.716882 ], [ 103.842144, 34.709542 ], [ 103.844299, 34.700332 ], [ 103.84872, 34.696864 ], [ 103.852879, 34.689773 ], [ 103.861742, 34.68721 ], [ 103.862939, 34.682488 ], [ 103.855253, 34.666856 ], [ 103.857365, 34.658393 ], [ 103.852552, 34.653246 ], [ 103.850462, 34.641408 ], [ 103.842013, 34.635565 ], [ 103.839857, 34.621757 ], [ 103.834653, 34.604802 ], [ 103.834326, 34.594481 ], [ 103.838921, 34.586956 ], [ 103.839422, 34.575494 ], [ 103.834391, 34.56488 ], [ 103.833172, 34.556368 ], [ 103.82836, 34.545346 ], [ 103.815142, 34.538492 ], [ 103.808326, 34.544496 ], [ 103.798636, 34.541176 ], [ 103.789664, 34.540327 ], [ 103.779081, 34.536543 ], [ 103.768738, 34.538956 ], [ 103.767497, 34.534805 ], [ 103.768629, 34.523297 ], [ 103.778058, 34.515148 ], [ 103.780736, 34.508987 ], [ 103.789425, 34.503058 ], [ 103.796981, 34.490155 ], [ 103.810351, 34.485422 ], [ 103.804798, 34.470971 ], [ 103.808195, 34.454449 ], [ 103.81144, 34.445095 ], [ 103.811309, 34.42447 ], [ 103.807629, 34.415016 ], [ 103.802795, 34.408751 ], [ 103.782413, 34.391269 ], [ 103.774204, 34.387034 ], [ 103.759483, 34.376492 ], [ 103.754061, 34.371598 ], [ 103.749205, 34.364885 ], [ 103.744545, 34.350587 ], [ 103.733309, 34.331835 ], [ 103.729259, 34.327422 ], [ 103.71885, 34.321286 ], [ 103.706699, 34.318789 ], [ 103.69849, 34.314976 ], [ 103.694156, 34.309401 ], [ 103.692414, 34.300205 ], [ 103.698315, 34.284927 ], [ 103.702017, 34.280648 ], [ 103.711446, 34.28057 ], [ 103.736771, 34.288316 ], [ 103.745089, 34.287542 ], [ 103.76079, 34.278614 ], [ 103.773071, 34.273288 ], [ 103.783611, 34.271139 ], [ 103.792735, 34.270577 ], [ 103.802643, 34.272998 ], [ 103.816013, 34.28028 ], [ 103.821783, 34.281267 ], [ 103.832345, 34.277975 ], [ 103.837135, 34.273676 ], [ 103.845976, 34.273095 ], [ 103.862526, 34.27445 ], [ 103.868057, 34.273618 ], [ 103.879511, 34.267342 ], [ 103.886, 34.261009 ], [ 103.894057, 34.246208 ], [ 103.898586, 34.240086 ], [ 103.908385, 34.231173 ], [ 103.924303, 34.213616 ], [ 103.935126, 34.197508 ], [ 103.936868, 34.193631 ], [ 103.952307, 34.18355 ], [ 103.965176, 34.177792 ], [ 103.99098, 34.161697 ], [ 104.000039, 34.15198 ], [ 104.004808, 34.149536 ], [ 104.020617, 34.134212 ], [ 104.028783, 34.127228 ], [ 104.035207, 34.129867 ], [ 104.05045, 34.144067 ], [ 104.06027, 34.151786 ], [ 104.067391, 34.171606 ], [ 104.066999, 34.178024 ], [ 104.074882, 34.185237 ], [ 104.088905, 34.189773 ], [ 104.105694, 34.194116 ], [ 104.134417, 34.193302 ], [ 104.149855, 34.194368 ], [ 104.153448, 34.19303 ], [ 104.159415, 34.199059 ], [ 104.165839, 34.210359 ], [ 104.167799, 34.22505 ], [ 104.162616, 34.236695 ], [ 104.162442, 34.247468 ], [ 104.157629, 34.253609 ], [ 104.144542, 34.260815 ], [ 104.136943, 34.269454 ], [ 104.133916, 34.284327 ], [ 104.130475, 34.29186 ], [ 104.11974, 34.303883 ], [ 104.115189, 34.311395 ], [ 104.116081, 34.323087 ], [ 104.129408, 34.326145 ], [ 104.132043, 34.329377 ], [ 104.130889, 34.333209 ], [ 104.138532, 34.337912 ], [ 104.148723, 34.339034 ], [ 104.149333, 34.35078 ], [ 104.169301, 34.357436 ], [ 104.185132, 34.369663 ], [ 104.191403, 34.37301 ], [ 104.202792, 34.375138 ], [ 104.215553, 34.372043 ], [ 104.224023, 34.364324 ], [ 104.234693, 34.361364 ], [ 104.251461, 34.360048 ], [ 104.264352, 34.350316 ], [ 104.269731, 34.348594 ], [ 104.277374, 34.352502 ], [ 104.28027, 34.364943 ], [ 104.28419, 34.374093 ], [ 104.287173, 34.376318 ], [ 104.302176, 34.375583 ], [ 104.315198, 34.374035 ], [ 104.324431, 34.37626 ], [ 104.333315, 34.376144 ], [ 104.34919, 34.372894 ], [ 104.353959, 34.369509 ], [ 104.357966, 34.361654 ], [ 104.358009, 34.356682 ], [ 104.366676, 34.336635 ], [ 104.371423, 34.333267 ], [ 104.378652, 34.332183 ], [ 104.385838, 34.333422 ], [ 104.392436, 34.337622 ], [ 104.406264, 34.338899 ], [ 104.4197, 34.328932 ], [ 104.427365, 34.315479 ], [ 104.433004, 34.307271 ], [ 104.43749, 34.298172 ], [ 104.441889, 34.293215 ], [ 104.438231, 34.286612 ], [ 104.442999, 34.278963 ], [ 104.445155, 34.271119 ], [ 104.440887, 34.264456 ], [ 104.43516, 34.258684 ], [ 104.440474, 34.251497 ], [ 104.438688, 34.248494 ], [ 104.443718, 34.243728 ], [ 104.450294, 34.240338 ], [ 104.452777, 34.234661 ], [ 104.452145, 34.229216 ], [ 104.458722, 34.224391 ], [ 104.465951, 34.223209 ], [ 104.472418, 34.218248 ], [ 104.476229, 34.220496 ], [ 104.486006, 34.220534 ], [ 104.492408, 34.212201 ], [ 104.499703, 34.21222 ], [ 104.504407, 34.208693 ], [ 104.511157, 34.208034 ], [ 104.527598, 34.191479 ], [ 104.532171, 34.19493 ], [ 104.535524, 34.205087 ], [ 104.535198, 34.217337 ], [ 104.538355, 34.219081 ], [ 104.54356, 34.214565 ], [ 104.547828, 34.206793 ], [ 104.552313, 34.204235 ], [ 104.565096, 34.206754 ], [ 104.565967, 34.202005 ], [ 104.570997, 34.201676 ], [ 104.578814, 34.206871 ], [ 104.587198, 34.215457 ], [ 104.594427, 34.218926 ], [ 104.592076, 34.225844 ], [ 104.602506, 34.2266 ], [ 104.605163, 34.222821 ], [ 104.615441, 34.230456 ], [ 104.623694, 34.234971 ], [ 104.629486, 34.229158 ], [ 104.636476, 34.229274 ], [ 104.643183, 34.226677 ], [ 104.651349, 34.228557 ], [ 104.654485, 34.233285 ], [ 104.66546, 34.226154 ], [ 104.66755, 34.231619 ], [ 104.673604, 34.235882 ], [ 104.680136, 34.236889 ], [ 104.683359, 34.235358 ], [ 104.693877, 34.239137 ], [ 104.689848, 34.247991 ], [ 104.691111, 34.25109 ], [ 104.695902, 34.252795 ], [ 104.699517, 34.250722 ], [ 104.711711, 34.252969 ], [ 104.719964, 34.25295 ], [ 104.728892, 34.245937 ], [ 104.738147, 34.235455 ], [ 104.741217, 34.233421 ], [ 104.750646, 34.233033 ], [ 104.755328, 34.234428 ], [ 104.766107, 34.234971 ], [ 104.779325, 34.23964 ], [ 104.78344, 34.243089 ], [ 104.789167, 34.252524 ], [ 104.792738, 34.254151 ], [ 104.805172, 34.253764 ], [ 104.814275, 34.255178 ], [ 104.815886, 34.261144 ], [ 104.814144, 34.268485 ], [ 104.815777, 34.272611 ], [ 104.821548, 34.276077 ], [ 104.844151, 34.281461 ], [ 104.850204, 34.284463 ], [ 104.857325, 34.290466 ], [ 104.863357, 34.297378 ], [ 104.863313, 34.301734 ], [ 104.852926, 34.320474 ], [ 104.85506, 34.329435 ], [ 104.855474, 34.343195 ], [ 104.846742, 34.360339 ], [ 104.844477, 34.367903 ], [ 104.847722, 34.375254 ], [ 104.856824, 34.379432 ], [ 104.865665, 34.379703 ], [ 104.895868, 34.37802 ], [ 104.918841, 34.381831 ], [ 104.938265, 34.386318 ], [ 104.949109, 34.386163 ], [ 104.966356, 34.382624 ], [ 104.981555, 34.38392 ], [ 104.979683, 34.389877 ], [ 104.989743, 34.393977 ], [ 104.992987, 34.398231 ], [ 104.983646, 34.405676 ], [ 104.986542, 34.413256 ], [ 104.989003, 34.42561 ], [ 104.978224, 34.433401 ], [ 104.96677, 34.437209 ], [ 104.950917, 34.438233 ], [ 104.930339, 34.437866 ], [ 104.918101, 34.438678 ], [ 104.908149, 34.434715 ], [ 104.89491, 34.425475 ], [ 104.885786, 34.422904 ], [ 104.870499, 34.427872 ], [ 104.857717, 34.434232 ], [ 104.851576, 34.439239 ], [ 104.837945, 34.445617 ], [ 104.828821, 34.446023 ], [ 104.816953, 34.441384 ], [ 104.809244, 34.436068 ], [ 104.798792, 34.430965 ], [ 104.791563, 34.431854 ], [ 104.790125, 34.437576 ], [ 104.791171, 34.445385 ], [ 104.790169, 34.461425 ], [ 104.793087, 34.476574 ], [ 104.793022, 34.482312 ], [ 104.789646, 34.488011 ], [ 104.783266, 34.487064 ], [ 104.768132, 34.476419 ], [ 104.761229, 34.472478 ], [ 104.748425, 34.472961 ], [ 104.741261, 34.466488 ], [ 104.732681, 34.45099 ], [ 104.723361, 34.442157 ], [ 104.71439, 34.435933 ], [ 104.706311, 34.433672 ], [ 104.693115, 34.43833 ], [ 104.676565, 34.449115 ], [ 104.660843, 34.46158 ], [ 104.650718, 34.472478 ], [ 104.644838, 34.475859 ], [ 104.638088, 34.482447 ], [ 104.629987, 34.487644 ], [ 104.616573, 34.493265 ], [ 104.608211, 34.495255 ], [ 104.596888, 34.490348 ], [ 104.582865, 34.481056 ], [ 104.5779, 34.47926 ], [ 104.562112, 34.469058 ], [ 104.556168, 34.466411 ], [ 104.548677, 34.46728 ], [ 104.550571, 34.472111 ], [ 104.557692, 34.477656 ], [ 104.573196, 34.500258 ], [ 104.572826, 34.508968 ], [ 104.567774, 34.513507 ], [ 104.543647, 34.525344 ], [ 104.539858, 34.526502 ], [ 104.539749, 34.530519 ], [ 104.528861, 34.541717 ], [ 104.520368, 34.542971 ], [ 104.508348, 34.542971 ], [ 104.498179, 34.546562 ], [ 104.487357, 34.538203 ], [ 104.481695, 34.537952 ], [ 104.47869, 34.541253 ], [ 104.477645, 34.548821 ], [ 104.474291, 34.551851 ], [ 104.468063, 34.552623 ], [ 104.461661, 34.556561 ], [ 104.458351, 34.556078 ], [ 104.454845, 34.56708 ], [ 104.450512, 34.572908 ], [ 104.440278, 34.572677 ], [ 104.427452, 34.57397 ], [ 104.42817, 34.565845 ], [ 104.426668, 34.563471 ], [ 104.421594, 34.56459 ], [ 104.413929, 34.562757 ], [ 104.402584, 34.568469 ], [ 104.403651, 34.578813 ], [ 104.397793, 34.580994 ], [ 104.379044, 34.577057 ], [ 104.379284, 34.580145 ], [ 104.365718, 34.58273 ], [ 104.356419, 34.581206 ], [ 104.353828, 34.57781 ], [ 104.358183, 34.571673 ], [ 104.352282, 34.563587 ], [ 104.341786, 34.539612 ], [ 104.338128, 34.523973 ], [ 104.332423, 34.51426 ], [ 104.329135, 34.511479 ], [ 104.32221, 34.509779 ], [ 104.31019, 34.514221 ], [ 104.286302, 34.530441 ], [ 104.273977, 34.536716 ], [ 104.250524, 34.544709 ], [ 104.233169, 34.553685 ], [ 104.219908, 34.567775 ], [ 104.202422, 34.57011 ], [ 104.195367, 34.577385 ], [ 104.196913, 34.584042 ], [ 104.209107, 34.599535 ], [ 104.211764, 34.607599 ], [ 104.20375, 34.622644 ], [ 104.200092, 34.6249 ], [ 104.180363, 34.628372 ], [ 104.156671, 34.635951 ], [ 104.14084, 34.637378 ], [ 104.117192, 34.641253 ], [ 104.098182, 34.647443 ], [ 104.091148, 34.652629 ], [ 104.088579, 34.656948 ], [ 104.087882, 34.664524 ], [ 104.090451, 34.676012 ], [ 104.091388, 34.685205 ], [ 104.089297, 34.693203 ], [ 104.088993, 34.71064 ], [ 104.085182, 34.722064 ], [ 104.079477, 34.728171 ], [ 104.072247, 34.728306 ], [ 104.054021, 34.719329 ], [ 104.042959, 34.717672 ], [ 104.039148, 34.718828 ], [ 104.038408, 34.722546 ], [ 104.025364, 34.731156 ], [ 104.024384, 34.735182 ], [ 104.016937, 34.739515 ], [ 104.014585, 34.743521 ] ] ] ] } },
{ "type": "Feature", "properties": { "adcode": 622901, "name": "临夏市", "center": [ 103.211634, 35.59941 ], "centroid": [ 103.187295, 35.574698 ], "childrenNum": 0, "level": "district", "parent": { "adcode": 622900 }, "subFeatureIndex": 0, "acroutes": [ 100000, 620000, 622900 ] }, "geometry": { "type": "MultiPolygon", "coordinates": [ [ [ [ 103.271962, 35.602266 ], [ 103.270078, 35.609456 ], [ 103.270569, 35.611237 ], [ 103.275987, 35.612662 ], [ 103.276771, 35.615578 ], [ 103.274536, 35.619179 ], [ 103.273834, 35.621712 ], [ 103.275039, 35.624047 ], [ 103.279615, 35.629376 ], [ 103.283558, 35.632291 ], [ 103.273729, 35.634467 ], [ 103.269867, 35.636142 ], [ 103.266509, 35.641813 ], [ 103.262167, 35.64569 ], [ 103.263022, 35.647945 ], [ 103.261383, 35.6502 ], [ 103.258633, 35.651571 ], [ 103.257768, 35.655105 ], [ 103.2496, 35.652547 ], [ 103.242567, 35.647576 ], [ 103.235897, 35.646046 ], [ 103.235183, 35.640784 ], [ 103.232094, 35.636142 ], [ 103.219596, 35.626447 ], [ 103.215688, 35.619971 ], [ 103.212236, 35.616699 ], [ 103.20814, 35.610973 ], [ 103.201821, 35.605828 ], [ 103.193126, 35.600484 ], [ 103.179821, 35.593992 ], [ 103.162865, 35.5842 ], [ 103.155856, 35.578393 ], [ 103.152638, 35.577865 ], [ 103.148718, 35.578486 ], [ 103.14598, 35.581323 ], [ 103.143885, 35.581561 ], [ 103.144096, 35.577324 ], [ 103.143183, 35.575437 ], [ 103.140023, 35.57281 ], [ 103.133014, 35.569669 ], [ 103.129796, 35.565669 ], [ 103.128251, 35.560864 ], [ 103.126987, 35.560072 ], [ 103.12384, 35.560587 ], [ 103.10672, 35.557035 ], [ 103.088512, 35.556837 ], [ 103.085914, 35.55594 ], [ 103.086429, 35.554751 ], [ 103.08953, 35.554131 ], [ 103.100073, 35.549748 ], [ 103.11057, 35.546526 ], [ 103.113156, 35.544506 ], [ 103.11442, 35.53995 ], [ 103.113109, 35.536715 ], [ 103.105702, 35.530838 ], [ 103.101899, 35.526625 ], [ 103.097768, 35.523799 ], [ 103.092245, 35.520933 ], [ 103.089506, 35.518133 ], [ 103.082321, 35.514316 ], [ 103.078237, 35.509402 ], [ 103.073685, 35.502202 ], [ 103.074645, 35.498331 ], [ 103.074434, 35.495795 ], [ 103.076728, 35.494698 ], [ 103.080671, 35.494777 ], [ 103.088991, 35.498173 ], [ 103.103408, 35.504646 ], [ 103.110593, 35.508239 ], [ 103.11745, 35.513642 ], [ 103.126905, 35.513642 ], [ 103.1323, 35.514606 ], [ 103.137355, 35.51425 ], [ 103.145137, 35.516905 ], [ 103.15011, 35.519295 ], [ 103.152018, 35.520933 ], [ 103.156043, 35.526969 ], [ 103.15678, 35.53064 ], [ 103.158641, 35.533889 ], [ 103.166013, 35.540439 ], [ 103.173198, 35.544466 ], [ 103.176486, 35.547265 ], [ 103.187779, 35.553893 ], [ 103.196637, 35.557484 ], [ 103.205565, 35.559478 ], [ 103.212832, 35.560521 ], [ 103.218449, 35.560164 ], [ 103.221585, 35.55862 ], [ 103.227237, 35.557577 ], [ 103.231953, 35.559266 ], [ 103.240999, 35.567227 ], [ 103.246112, 35.574882 ], [ 103.246873, 35.577878 ], [ 103.251016, 35.583804 ], [ 103.252197, 35.588885 ], [ 103.255649, 35.592818 ], [ 103.260424, 35.596249 ], [ 103.265982, 35.599152 ], [ 103.268299, 35.602068 ], [ 103.271962, 35.602266 ] ] ] ] } },
{ "type": "Feature", "properties": { "adcode": 622921, "name": "临夏县", "center": [ 102.993873, 35.49236 ], "centroid": [ 103.045652, 35.514564 ], "childrenNum": 0, "level": "district", "parent": { "adcode": 622900 }, "subFeatureIndex": 1, "acroutes": [ 100000, 620000, 622900 ] }, "geometry": { "type": "MultiPolygon", "coordinates": [ [ [ [ 103.165732, 35.806782 ], [ 103.163298, 35.801794 ], [ 103.159799, 35.797556 ], [ 103.154253, 35.792448 ], [ 103.14516, 35.785617 ], [ 103.139122, 35.780509 ], [ 103.131984, 35.777902 ], [ 103.123395, 35.770647 ], [ 103.117263, 35.769318 ], [ 103.104508, 35.764512 ], [ 103.096668, 35.76355 ], [ 103.094807, 35.75906 ], [ 103.092081, 35.747089 ], [ 103.090887, 35.739963 ], [ 103.092619, 35.738383 ], [ 103.094129, 35.734747 ], [ 103.098283, 35.728187 ], [ 103.099839, 35.723418 ], [ 103.100986, 35.713576 ], [ 103.103151, 35.707198 ], [ 103.101009, 35.703258 ], [ 103.100202, 35.692926 ], [ 103.10067, 35.686982 ], [ 103.101887, 35.683568 ], [ 103.101173, 35.679429 ], [ 103.101372, 35.673009 ], [ 103.102308, 35.670056 ], [ 103.104649, 35.667117 ], [ 103.1083, 35.658019 ], [ 103.10899, 35.653681 ], [ 103.106228, 35.643079 ], [ 103.104344, 35.639835 ], [ 103.099991, 35.63539 ], [ 103.096013, 35.6351 ], [ 103.093976, 35.635838 ], [ 103.090676, 35.635258 ], [ 103.087306, 35.635614 ], [ 103.082731, 35.640243 ], [ 103.079782, 35.641391 ], [ 103.07908, 35.638239 ], [ 103.079571, 35.632291 ], [ 103.081116, 35.62931 ], [ 103.080976, 35.624838 ], [ 103.078799, 35.620037 ], [ 103.07915, 35.616369 ], [ 103.075628, 35.616778 ], [ 103.073311, 35.615169 ], [ 103.065997, 35.615565 ], [ 103.052212, 35.613704 ], [ 103.048983, 35.608599 ], [ 103.045109, 35.606765 ], [ 103.040534, 35.60852 ], [ 103.037924, 35.608176 ], [ 103.032858, 35.605934 ], [ 103.027861, 35.606316 ], [ 103.024268, 35.605564 ], [ 103.022864, 35.603611 ], [ 103.026386, 35.5996 ], [ 103.026597, 35.597093 ], [ 103.020477, 35.59456 ], [ 103.017446, 35.591802 ], [ 103.017727, 35.590429 ], [ 103.022525, 35.585982 ], [ 103.023157, 35.583752 ], [ 103.015586, 35.579291 ], [ 103.010378, 35.580386 ], [ 103.008892, 35.580056 ], [ 103.004738, 35.582696 ], [ 103.004656, 35.585718 ], [ 103.000689, 35.588212 ], [ 103.00152, 35.592013 ], [ 102.998583, 35.598017 ], [ 102.991222, 35.594692 ], [ 102.98928, 35.590271 ], [ 102.985032, 35.587341 ], [ 102.976185, 35.588978 ], [ 102.972944, 35.589136 ], [ 102.96879, 35.587922 ], [ 102.961476, 35.584068 ], [ 102.954689, 35.581178 ], [ 102.950055, 35.577654 ], [ 102.94459, 35.572718 ], [ 102.937394, 35.568877 ], [ 102.932947, 35.567174 ], [ 102.929355, 35.565022 ], [ 102.924896, 35.563557 ], [ 102.920414, 35.562989 ], [ 102.913733, 35.561009 ], [ 102.909532, 35.56023 ], [ 102.898532, 35.561603 ], [ 102.888398, 35.561841 ], [ 102.882208, 35.562395 ], [ 102.880277, 35.561207 ], [ 102.873338, 35.558778 ], [ 102.867007, 35.555213 ], [ 102.863649, 35.554672 ], [ 102.854357, 35.55586 ], [ 102.850379, 35.557392 ], [ 102.848331, 35.560098 ], [ 102.845464, 35.561867 ], [ 102.843404, 35.564811 ], [ 102.835681, 35.569471 ], [ 102.829935, 35.573483 ], [ 102.819111, 35.578076 ], [ 102.815179, 35.578684 ], [ 102.808931, 35.580611 ], [ 102.802062, 35.584372 ], [ 102.793262, 35.587394 ], [ 102.787551, 35.590482 ], [ 102.778646, 35.596249 ], [ 102.770595, 35.603361 ], [ 102.770853, 35.598254 ], [ 102.773755, 35.593913 ], [ 102.780214, 35.587816 ], [ 102.801675, 35.574711 ], [ 102.806672, 35.56753 ], [ 102.80872, 35.560441 ], [ 102.807678, 35.557999 ], [ 102.804753, 35.556732 ], [ 102.792548, 35.55924 ], [ 102.790231, 35.557709 ], [ 102.785691, 35.552388 ], [ 102.781735, 35.54947 ], [ 102.776633, 35.550619 ], [ 102.772947, 35.549959 ], [ 102.762509, 35.546315 ], [ 102.753019, 35.546592 ], [ 102.74629, 35.545285 ], [ 102.743856, 35.543093 ], [ 102.741902, 35.539713 ], [ 102.736987, 35.536596 ], [ 102.735396, 35.536266 ], [ 102.727275, 35.53208 ], [ 102.727193, 35.530429 ], [ 102.728983, 35.52755 ], [ 102.72944, 35.523641 ], [ 102.736906, 35.521726 ], [ 102.741902, 35.521977 ], [ 102.745343, 35.524631 ], [ 102.747976, 35.528329 ], [ 102.751088, 35.529439 ], [ 102.773568, 35.534219 ], [ 102.775475, 35.535659 ], [ 102.779395, 35.535183 ], [ 102.781572, 35.533519 ], [ 102.781525, 35.530918 ], [ 102.782847, 35.528052 ], [ 102.780752, 35.525622 ], [ 102.778354, 35.524631 ], [ 102.776926, 35.520418 ], [ 102.772549, 35.519599 ], [ 102.765961, 35.515914 ], [ 102.764545, 35.513365 ], [ 102.760052, 35.511687 ], [ 102.756576, 35.508556 ], [ 102.753241, 35.501476 ], [ 102.74574, 35.495041 ], [ 102.74237, 35.495293 ], [ 102.747753, 35.487352 ], [ 102.76004, 35.48122 ], [ 102.768267, 35.478419 ], [ 102.772269, 35.47645 ], [ 102.776797, 35.475393 ], [ 102.78672, 35.471943 ], [ 102.795462, 35.470529 ], [ 102.801114, 35.469036 ], [ 102.809843, 35.468084 ], [ 102.814676, 35.465877 ], [ 102.820433, 35.46096 ], [ 102.822528, 35.4571 ], [ 102.829795, 35.448997 ], [ 102.835388, 35.441091 ], [ 102.838852, 35.43772 ], [ 102.841509, 35.433648 ], [ 102.844411, 35.430726 ], [ 102.848214, 35.425754 ], [ 102.85314, 35.420583 ], [ 102.857447, 35.417687 ], [ 102.865497, 35.411206 ], [ 102.871185, 35.408561 ], [ 102.877071, 35.408693 ], [ 102.889322, 35.411246 ], [ 102.893184, 35.413164 ], [ 102.897011, 35.415994 ], [ 102.900545, 35.419975 ], [ 102.907648, 35.425859 ], [ 102.917068, 35.429972 ], [ 102.926956, 35.428121 ], [ 102.9307, 35.425688 ], [ 102.934503, 35.420504 ], [ 102.943467, 35.412913 ], [ 102.949002, 35.407305 ], [ 102.95064, 35.399778 ], [ 102.953016, 35.395929 ], [ 102.955426, 35.390717 ], [ 102.957299, 35.38479 ], [ 102.957182, 35.379974 ], [ 102.958597, 35.370831 ], [ 102.959323, 35.356856 ], [ 102.957123, 35.346029 ], [ 102.95676, 35.339834 ], [ 102.954806, 35.330607 ], [ 102.954069, 35.318214 ], [ 102.95318, 35.311077 ], [ 102.951717, 35.304164 ], [ 102.95263, 35.292946 ], [ 102.952044, 35.284668 ], [ 102.950523, 35.279594 ], [ 102.950675, 35.274785 ], [ 102.951916, 35.271142 ], [ 102.953273, 35.263828 ], [ 102.955087, 35.259972 ], [ 102.96054, 35.25597 ], [ 102.967374, 35.253148 ], [ 102.971037, 35.253002 ], [ 102.97656, 35.256116 ], [ 102.983441, 35.260648 ], [ 102.986027, 35.267816 ], [ 102.986623, 35.275633 ], [ 102.989771, 35.283051 ], [ 102.996172, 35.285039 ], [ 103.001988, 35.288151 ], [ 103.005885, 35.289397 ], [ 103.014895, 35.289158 ], [ 103.019424, 35.288575 ], [ 103.031699, 35.282217 ], [ 103.036579, 35.279117 ], [ 103.04477, 35.2777 ], [ 103.047906, 35.276388 ], [ 103.060076, 35.27346 ], [ 103.071813, 35.27509 ], [ 103.080215, 35.275726 ], [ 103.085083, 35.272387 ], [ 103.089623, 35.275023 ], [ 103.091788, 35.27713 ], [ 103.096586, 35.285264 ], [ 103.100553, 35.293145 ], [ 103.101746, 35.300271 ], [ 103.101103, 35.303012 ], [ 103.101548, 35.306694 ], [ 103.10115, 35.310587 ], [ 103.102062, 35.317486 ], [ 103.101115, 35.321141 ], [ 103.101899, 35.331931 ], [ 103.103139, 35.33724 ], [ 103.105901, 35.338894 ], [ 103.109938, 35.344017 ], [ 103.11621, 35.349881 ], [ 103.122962, 35.358259 ], [ 103.123594, 35.365379 ], [ 103.120505, 35.374721 ], [ 103.119065, 35.385703 ], [ 103.12109, 35.39286 ], [ 103.123769, 35.396802 ], [ 103.131422, 35.403151 ], [ 103.139391, 35.408561 ], [ 103.150883, 35.414447 ], [ 103.152474, 35.416021 ], [ 103.153457, 35.419499 ], [ 103.155481, 35.421615 ], [ 103.159121, 35.423096 ], [ 103.160314, 35.424458 ], [ 103.161426, 35.428464 ], [ 103.161999, 35.435684 ], [ 103.164375, 35.439571 ], [ 103.164726, 35.44363 ], [ 103.164036, 35.446208 ], [ 103.160829, 35.450055 ], [ 103.15279, 35.454946 ], [ 103.151678, 35.45792 ], [ 103.153633, 35.46055 ], [ 103.154838, 35.465137 ], [ 103.163298, 35.472551 ], [ 103.16393, 35.475075 ], [ 103.162608, 35.47793 ], [ 103.159249, 35.480639 ], [ 103.159051, 35.482013 ], [ 103.162748, 35.484339 ], [ 103.168775, 35.489651 ], [ 103.172203, 35.493192 ], [ 103.175632, 35.494103 ], [ 103.178218, 35.493813 ], [ 103.184221, 35.491672 ], [ 103.190599, 35.490272 ], [ 103.192693, 35.491131 ], [ 103.194027, 35.496046 ], [ 103.197877, 35.49878 ], [ 103.20257, 35.499058 ], [ 103.207461, 35.501502 ], [ 103.213066, 35.503497 ], [ 103.217829, 35.501898 ], [ 103.219233, 35.503774 ], [ 103.224979, 35.508926 ], [ 103.2375, 35.512823 ], [ 103.239688, 35.514474 ], [ 103.243316, 35.515676 ], [ 103.254245, 35.516574 ], [ 103.260857, 35.511423 ], [ 103.264941, 35.506231 ], [ 103.267515, 35.504448 ], [ 103.270721, 35.500154 ], [ 103.271927, 35.49742 ], [ 103.274817, 35.4945 ], [ 103.281897, 35.492795 ], [ 103.291422, 35.494592 ], [ 103.289842, 35.5003 ], [ 103.287736, 35.505293 ], [ 103.28735, 35.50919 ], [ 103.286086, 35.513985 ], [ 103.283968, 35.518978 ], [ 103.282564, 35.52928 ], [ 103.282447, 35.5334 ], [ 103.280984, 35.538088 ], [ 103.282049, 35.539765 ], [ 103.287642, 35.543304 ], [ 103.297928, 35.54815 ], [ 103.298034, 35.551794 ], [ 103.296419, 35.558276 ], [ 103.294488, 35.561273 ], [ 103.28852, 35.562857 ], [ 103.28735, 35.565405 ], [ 103.283067, 35.570447 ], [ 103.281101, 35.5771 ], [ 103.281394, 35.58168 ], [ 103.278304, 35.585639 ], [ 103.278749, 35.591247 ], [ 103.277918, 35.597146 ], [ 103.274618, 35.601329 ], [ 103.271962, 35.602266 ], [ 103.268299, 35.602068 ], [ 103.265982, 35.599152 ], [ 103.260424, 35.596249 ], [ 103.255649, 35.592818 ], [ 103.252197, 35.588885 ], [ 103.251016, 35.583804 ], [ 103.246873, 35.577878 ], [ 103.246112, 35.574882 ], [ 103.240999, 35.567227 ], [ 103.231953, 35.559266 ], [ 103.227237, 35.557577 ], [ 103.221585, 35.55862 ], [ 103.218449, 35.560164 ], [ 103.212832, 35.560521 ], [ 103.205565, 35.559478 ], [ 103.196637, 35.557484 ], [ 103.187779, 35.553893 ], [ 103.176486, 35.547265 ], [ 103.173198, 35.544466 ], [ 103.166013, 35.540439 ], [ 103.158641, 35.533889 ], [ 103.15678, 35.53064 ], [ 103.156043, 35.526969 ], [ 103.152018, 35.520933 ], [ 103.15011, 35.519295 ], [ 103.145137, 35.516905 ], [ 103.137355, 35.51425 ], [ 103.1323, 35.514606 ], [ 103.126905, 35.513642 ], [ 103.11745, 35.513642 ], [ 103.110593, 35.508239 ], [ 103.103408, 35.504646 ], [ 103.088991, 35.498173 ], [ 103.080671, 35.494777 ], [ 103.076728, 35.494698 ], [ 103.074434, 35.495795 ], [ 103.074645, 35.498331 ], [ 103.073685, 35.502202 ], [ 103.078237, 35.509402 ], [ 103.082321, 35.514316 ], [ 103.089506, 35.518133 ], [ 103.092245, 35.520933 ], [ 103.097768, 35.523799 ], [ 103.101899, 35.526625 ], [ 103.105702, 35.530838 ], [ 103.113109, 35.536715 ], [ 103.11442, 35.53995 ], [ 103.113156, 35.544506 ], [ 103.11057, 35.546526 ], [ 103.100073, 35.549748 ], [ 103.08953, 35.554131 ], [ 103.086429, 35.554751 ], [ 103.085914, 35.55594 ], [ 103.088512, 35.556837 ], [ 103.10672, 35.557035 ], [ 103.12384, 35.560587 ], [ 103.126987, 35.560072 ], [ 103.128251, 35.560864 ], [ 103.129796, 35.565669 ], [ 103.133014, 35.569669 ], [ 103.140023, 35.57281 ], [ 103.143183, 35.575437 ], [ 103.144096, 35.577324 ], [ 103.143885, 35.581561 ], [ 103.14598, 35.581323 ], [ 103.148718, 35.578486 ], [ 103.152638, 35.577865 ], [ 103.155856, 35.578393 ], [ 103.162865, 35.5842 ], [ 103.179821, 35.593992 ], [ 103.193126, 35.600484 ], [ 103.201821, 35.605828 ], [ 103.20814, 35.610973 ], [ 103.212236, 35.616699 ], [ 103.215688, 35.619971 ], [ 103.219596, 35.626447 ], [ 103.232094, 35.636142 ], [ 103.235183, 35.640784 ], [ 103.235897, 35.646046 ], [ 103.242567, 35.647576 ], [ 103.2496, 35.652547 ], [ 103.257768, 35.655105 ], [ 103.260096, 35.659681 ], [ 103.26287, 35.661012 ], [ 103.265105, 35.663254 ], [ 103.267644, 35.667749 ], [ 103.269083, 35.672917 ], [ 103.269399, 35.677426 ], [ 103.270253, 35.67968 ], [ 103.274454, 35.684161 ], [ 103.275028, 35.686191 ], [ 103.273682, 35.690251 ], [ 103.269586, 35.695681 ], [ 103.266836, 35.698171 ], [ 103.259967, 35.702283 ], [ 103.253052, 35.702547 ], [ 103.244275, 35.710031 ], [ 103.243468, 35.712298 ], [ 103.243772, 35.715684 ], [ 103.242146, 35.71795 ], [ 103.239384, 35.719096 ], [ 103.230011, 35.720691 ], [ 103.22746, 35.725144 ], [ 103.224546, 35.728292 ], [ 103.219853, 35.735089 ], [ 103.209404, 35.745903 ], [ 103.207929, 35.748393 ], [ 103.203307, 35.752673 ], [ 103.197199, 35.759666 ], [ 103.193466, 35.762352 ], [ 103.188762, 35.76937 ], [ 103.186679, 35.773465 ], [ 103.180535, 35.781378 ], [ 103.175328, 35.786327 ], [ 103.173561, 35.789052 ], [ 103.17053, 35.796555 ], [ 103.165732, 35.806782 ] ] ] ] } },
{ "type": "Feature", "properties": { "adcode": 622922, "name": "康乐县", "center": [ 103.709852, 35.371906 ], "centroid": [ 103.654026, 35.24447 ], "childrenNum": 0, "level": "district", "parent": { "adcode": 622900 }, "subFeatureIndex": 2, "acroutes": [ 100000, 620000, 622900 ] }, "geometry": { "type": "MultiPolygon", "coordinates": [ [ [ [ 103.676917, 35.052387 ], [ 103.675793, 35.046435 ], [ 103.679526, 35.041108 ], [ 103.680404, 35.036763 ], [ 103.6823, 35.036152 ], [ 103.68808, 35.036471 ], [ 103.690117, 35.037892 ], [ 103.692796, 35.035766 ], [ 103.699911, 35.040483 ], [ 103.704323, 35.04144 ], [ 103.708301, 35.039739 ], [ 103.709214, 35.036816 ], [ 103.709507, 35.031528 ], [ 103.712373, 35.027196 ], [ 103.714176, 35.023382 ], [ 103.721712, 35.016245 ], [ 103.725047, 35.016218 ], [ 103.72679, 35.01469 ], [ 103.729681, 35.010291 ], [ 103.727059, 35.007699 ], [ 103.72115, 35.006915 ], [ 103.713953, 35.00831 ], [ 103.707985, 35.008403 ], [ 103.700765, 35.006383 ], [ 103.685284, 34.99624 ], [ 103.679304, 34.99652 ], [ 103.677982, 34.995789 ], [ 103.677876, 34.992811 ], [ 103.680287, 34.991548 ], [ 103.686384, 34.990325 ], [ 103.692714, 34.987134 ], [ 103.697945, 34.989301 ], [ 103.699525, 34.992412 ], [ 103.701456, 34.9941 ], [ 103.707974, 34.997969 ], [ 103.713965, 34.997822 ], [ 103.716949, 35.001106 ], [ 103.719383, 35.002555 ], [ 103.725234, 35.00419 ], [ 103.730137, 35.003897 ], [ 103.731611, 35.000428 ], [ 103.729716, 34.997065 ], [ 103.729564, 34.991933 ], [ 103.731038, 34.984289 ], [ 103.733098, 34.980792 ], [ 103.733051, 34.978465 ], [ 103.727375, 34.969183 ], [ 103.723783, 34.971843 ], [ 103.724075, 34.97308 ], [ 103.720272, 34.972987 ], [ 103.716083, 34.970061 ], [ 103.717183, 34.967401 ], [ 103.713848, 34.963359 ], [ 103.712689, 34.960193 ], [ 103.704662, 34.957148 ], [ 103.698635, 34.955977 ], [ 103.694739, 34.955871 ], [ 103.690596, 34.954262 ], [ 103.686735, 34.954488 ], [ 103.683985, 34.952426 ], [ 103.683751, 34.949726 ], [ 103.67742, 34.941838 ], [ 103.669884, 34.936065 ], [ 103.66869, 34.934242 ], [ 103.669275, 34.930676 ], [ 103.673032, 34.927031 ], [ 103.672283, 34.923412 ], [ 103.670352, 34.91958 ], [ 103.672821, 34.917251 ], [ 103.674307, 34.913592 ], [ 103.67804, 34.911277 ], [ 103.68567, 34.907963 ], [ 103.685705, 34.909493 ], [ 103.691369, 34.90964 ], [ 103.696342, 34.911237 ], [ 103.703644, 34.916001 ], [ 103.710536, 34.916386 ], [ 103.718131, 34.918236 ], [ 103.722238, 34.919726 ], [ 103.728499, 34.92119 ], [ 103.732548, 34.921576 ], [ 103.738679, 34.920804 ], [ 103.748872, 34.924184 ], [ 103.753892, 34.926845 ], [ 103.757168, 34.927137 ], [ 103.768191, 34.925953 ], [ 103.778887, 34.927883 ], [ 103.782526, 34.927949 ], [ 103.789957, 34.930158 ], [ 103.793912, 34.929958 ], [ 103.797587, 34.928747 ], [ 103.803847, 34.929107 ], [ 103.805649, 34.927816 ], [ 103.806983, 34.925062 ], [ 103.813326, 34.925102 ], [ 103.822453, 34.922068 ], [ 103.825144, 34.920325 ], [ 103.827344, 34.916679 ], [ 103.828269, 34.913738 ], [ 103.828269, 34.908336 ], [ 103.832318, 34.904902 ], [ 103.835231, 34.904423 ], [ 103.841995, 34.901735 ], [ 103.8399, 34.905368 ], [ 103.838824, 34.908988 ], [ 103.833652, 34.914856 ], [ 103.834717, 34.919261 ], [ 103.835325, 34.924916 ], [ 103.836589, 34.925594 ], [ 103.838379, 34.934761 ], [ 103.840591, 34.937089 ], [ 103.843446, 34.938166 ], [ 103.846395, 34.941426 ], [ 103.846699, 34.947106 ], [ 103.848139, 34.9495 ], [ 103.848338, 34.954182 ], [ 103.845517, 34.960273 ], [ 103.842709, 34.962255 ], [ 103.8421, 34.965101 ], [ 103.843364, 34.968053 ], [ 103.839994, 34.969409 ], [ 103.83646, 34.974529 ], [ 103.834518, 34.97913 ], [ 103.830001, 34.984382 ], [ 103.825215, 34.985964 ], [ 103.821997, 34.989155 ], [ 103.819095, 34.990697 ], [ 103.81645, 34.993196 ], [ 103.814121, 34.993236 ], [ 103.810166, 34.991335 ], [ 103.805719, 34.991229 ], [ 103.802209, 34.993821 ], [ 103.799014, 34.998115 ], [ 103.796264, 34.994738 ], [ 103.789711, 34.996985 ], [ 103.786552, 34.99963 ], [ 103.784644, 35.002648 ], [ 103.784691, 35.010118 ], [ 103.78654, 35.014411 ], [ 103.782994, 35.017667 ], [ 103.780443, 35.017734 ], [ 103.774663, 35.020059 ], [ 103.769806, 35.02394 ], [ 103.767875, 35.026226 ], [ 103.764365, 35.027993 ], [ 103.760679, 35.027528 ], [ 103.758163, 35.028338 ], [ 103.757414, 35.032232 ], [ 103.752862, 35.033959 ], [ 103.749141, 35.037108 ], [ 103.743536, 35.044841 ], [ 103.742635, 35.047923 ], [ 103.743231, 35.050408 ], [ 103.746882, 35.05604 ], [ 103.746555, 35.057236 ], [ 103.740669, 35.061606 ], [ 103.738317, 35.064927 ], [ 103.738328, 35.067503 ], [ 103.739639, 35.069987 ], [ 103.7424, 35.071568 ], [ 103.746707, 35.077159 ], [ 103.746683, 35.078195 ], [ 103.743547, 35.082484 ], [ 103.743231, 35.084835 ], [ 103.748989, 35.08838 ], [ 103.747924, 35.09012 ], [ 103.741488, 35.096015 ], [ 103.738387, 35.097754 ], [ 103.735333, 35.100476 ], [ 103.740095, 35.108774 ], [ 103.746122, 35.111123 ], [ 103.748497, 35.115106 ], [ 103.746847, 35.118185 ], [ 103.743032, 35.120322 ], [ 103.739182, 35.124809 ], [ 103.734127, 35.126587 ], [ 103.729447, 35.129972 ], [ 103.726252, 35.129255 ], [ 103.720483, 35.122433 ], [ 103.718189, 35.125034 ], [ 103.716516, 35.13325 ], [ 103.716656, 35.139673 ], [ 103.718412, 35.148643 ], [ 103.718318, 35.15277 ], [ 103.719605, 35.157387 ], [ 103.721009, 35.169791 ], [ 103.720623, 35.174606 ], [ 103.721875, 35.181503 ], [ 103.722016, 35.187233 ], [ 103.721115, 35.190204 ], [ 103.716024, 35.191954 ], [ 103.709015, 35.192299 ], [ 103.70286, 35.191968 ], [ 103.694376, 35.195256 ], [ 103.691568, 35.195668 ], [ 103.687753, 35.202948 ], [ 103.687589, 35.21028 ], [ 103.69, 35.219786 ], [ 103.69179, 35.222517 ], [ 103.693101, 35.226428 ], [ 103.69956, 35.238477 ], [ 103.703925, 35.243818 ], [ 103.709951, 35.249874 ], [ 103.717031, 35.259177 ], [ 103.724965, 35.268253 ], [ 103.730137, 35.274984 ], [ 103.731752, 35.277766 ], [ 103.733519, 35.286045 ], [ 103.734689, 35.29639 ], [ 103.739194, 35.30815 ], [ 103.740212, 35.312759 ], [ 103.742681, 35.315315 ], [ 103.750416, 35.320254 ], [ 103.753693, 35.323974 ], [ 103.755577, 35.327893 ], [ 103.758584, 35.330687 ], [ 103.763487, 35.337187 ], [ 103.768882, 35.346109 ], [ 103.770661, 35.347578 ], [ 103.77705, 35.356869 ], [ 103.781087, 35.36473 ], [ 103.782245, 35.371731 ], [ 103.780279, 35.375317 ], [ 103.780607, 35.387515 ], [ 103.784761, 35.390823 ], [ 103.790343, 35.391206 ], [ 103.796873, 35.394289 ], [ 103.800313, 35.397358 ], [ 103.80325, 35.398641 ], [ 103.805602, 35.39249 ], [ 103.80648, 35.392371 ], [ 103.812729, 35.395056 ], [ 103.814133, 35.396339 ], [ 103.814028, 35.403509 ], [ 103.814507, 35.405678 ], [ 103.81652, 35.408138 ], [ 103.815795, 35.415002 ], [ 103.811734, 35.422686 ], [ 103.807428, 35.427671 ], [ 103.803718, 35.430831 ], [ 103.800547, 35.435142 ], [ 103.789629, 35.434705 ], [ 103.779261, 35.434798 ], [ 103.772802, 35.435393 ], [ 103.76942, 35.436252 ], [ 103.759427, 35.444132 ], [ 103.755167, 35.446604 ], [ 103.751727, 35.449526 ], [ 103.748052, 35.451311 ], [ 103.741254, 35.453492 ], [ 103.736479, 35.453888 ], [ 103.733086, 35.45521 ], [ 103.726299, 35.456704 ], [ 103.722367, 35.456638 ], [ 103.712795, 35.457629 ], [ 103.706347, 35.457061 ], [ 103.695172, 35.453888 ], [ 103.691802, 35.453835 ], [ 103.687039, 35.452844 ], [ 103.676414, 35.449909 ], [ 103.670294, 35.447503 ], [ 103.666081, 35.447424 ], [ 103.65851, 35.446155 ], [ 103.645099, 35.442704 ], [ 103.640068, 35.4417 ], [ 103.624645, 35.440298 ], [ 103.610988, 35.436173 ], [ 103.602399, 35.43144 ], [ 103.591797, 35.429205 ], [ 103.585385, 35.427512 ], [ 103.577825, 35.427393 ], [ 103.571436, 35.425225 ], [ 103.569529, 35.423135 ], [ 103.565492, 35.416417 ], [ 103.563303, 35.414566 ], [ 103.552549, 35.408204 ], [ 103.54396, 35.404646 ], [ 103.540414, 35.401379 ], [ 103.533335, 35.393945 ], [ 103.52622, 35.387886 ], [ 103.524055, 35.384869 ], [ 103.516695, 35.377434 ], [ 103.511757, 35.373927 ], [ 103.505742, 35.369018 ], [ 103.49748, 35.364095 ], [ 103.495035, 35.361528 ], [ 103.488996, 35.357544 ], [ 103.483286, 35.351734 ], [ 103.478687, 35.345712 ], [ 103.476499, 35.34407 ], [ 103.469513, 35.332964 ], [ 103.468752, 35.329972 ], [ 103.462562, 35.320929 ], [ 103.460339, 35.315301 ], [ 103.455389, 35.309395 ], [ 103.453856, 35.30823 ], [ 103.451059, 35.302827 ], [ 103.449444, 35.301436 ], [ 103.446121, 35.293105 ], [ 103.442727, 35.288668 ], [ 103.438749, 35.287714 ], [ 103.438082, 35.285727 ], [ 103.435297, 35.283595 ], [ 103.431388, 35.282376 ], [ 103.429504, 35.277209 ], [ 103.42748, 35.274268 ], [ 103.428053, 35.272029 ], [ 103.42425, 35.265723 ], [ 103.426157, 35.265087 ], [ 103.430417, 35.26616 ], [ 103.431037, 35.259005 ], [ 103.434981, 35.258965 ], [ 103.442189, 35.259866 ], [ 103.446554, 35.257984 ], [ 103.450497, 35.258793 ], [ 103.457378, 35.258024 ], [ 103.456067, 35.252869 ], [ 103.458981, 35.247515 ], [ 103.461556, 35.246376 ], [ 103.461953, 35.244136 ], [ 103.469384, 35.237019 ], [ 103.479904, 35.238715 ], [ 103.490483, 35.236462 ], [ 103.493291, 35.232499 ], [ 103.498136, 35.234182 ], [ 103.505285, 35.233997 ], [ 103.510306, 35.240836 ], [ 103.515068, 35.242943 ], [ 103.524161, 35.244706 ], [ 103.524324, 35.242956 ], [ 103.520849, 35.240451 ], [ 103.516227, 35.238278 ], [ 103.510926, 35.234461 ], [ 103.510586, 35.232592 ], [ 103.515981, 35.233268 ], [ 103.520907, 35.231955 ], [ 103.521083, 35.227223 ], [ 103.522464, 35.224015 ], [ 103.526466, 35.223471 ], [ 103.528502, 35.220475 ], [ 103.530737, 35.22208 ], [ 103.5366, 35.222716 ], [ 103.54712, 35.221324 ], [ 103.553638, 35.220064 ], [ 103.558962, 35.221828 ], [ 103.560191, 35.218421 ], [ 103.557581, 35.214682 ], [ 103.555487, 35.213475 ], [ 103.553532, 35.208888 ], [ 103.554246, 35.207164 ], [ 103.559407, 35.207403 ], [ 103.564672, 35.205812 ], [ 103.565983, 35.204393 ], [ 103.563221, 35.19637 ], [ 103.563701, 35.194726 ], [ 103.566077, 35.193307 ], [ 103.569271, 35.192922 ], [ 103.571015, 35.194487 ], [ 103.571284, 35.198492 ], [ 103.574514, 35.201661 ], [ 103.581547, 35.200349 ], [ 103.589937, 35.200375 ], [ 103.592031, 35.198757 ], [ 103.592359, 35.193082 ], [ 103.591868, 35.191304 ], [ 103.589047, 35.187923 ], [ 103.590159, 35.182472 ], [ 103.594805, 35.185111 ], [ 103.598678, 35.189872 ], [ 103.600913, 35.191755 ], [ 103.603909, 35.191318 ], [ 103.60722, 35.185708 ], [ 103.609807, 35.182485 ], [ 103.612311, 35.181835 ], [ 103.621813, 35.183042 ], [ 103.635995, 35.18088 ], [ 103.637821, 35.179859 ], [ 103.638102, 35.1771 ], [ 103.634837, 35.172988 ], [ 103.627816, 35.169897 ], [ 103.625569, 35.166886 ], [ 103.625815, 35.161181 ], [ 103.628518, 35.157957 ], [ 103.633152, 35.149731 ], [ 103.634696, 35.14311 ], [ 103.637493, 35.134364 ], [ 103.642595, 35.130091 ], [ 103.644315, 35.126667 ], [ 103.644105, 35.123256 ], [ 103.640723, 35.119606 ], [ 103.640758, 35.115398 ], [ 103.643204, 35.114084 ], [ 103.648516, 35.11261 ], [ 103.651594, 35.109291 ], [ 103.653548, 35.105282 ], [ 103.654508, 35.099865 ], [ 103.657737, 35.09243 ], [ 103.662945, 35.087902 ], [ 103.664583, 35.085047 ], [ 103.664618, 35.080944 ], [ 103.662032, 35.076973 ], [ 103.662172, 35.075671 ], [ 103.664876, 35.073971 ], [ 103.673828, 35.072497 ], [ 103.685354, 35.0702 ], [ 103.690351, 35.065113 ], [ 103.697395, 35.061792 ], [ 103.702755, 35.057488 ], [ 103.704685, 35.05422 ], [ 103.70637, 35.048189 ], [ 103.706487, 35.043313 ], [ 103.705259, 35.042396 ], [ 103.701444, 35.044708 ], [ 103.698156, 35.049331 ], [ 103.696295, 35.050022 ], [ 103.685506, 35.051244 ], [ 103.681328, 35.050288 ], [ 103.676917, 35.052387 ] ] ] ] } },
{ "type": "Feature", "properties": { "adcode": 622923, "name": "永靖县", "center": [ 103.319871, 35.938933 ], "centroid": [ 103.219728, 36.002814 ], "childrenNum": 0, "level": "district", "parent": { "adcode": 622900 }, "subFeatureIndex": 3, "acroutes": [ 100000, 620000, 622900 ] }, "geometry": { "type": "MultiPolygon", "coordinates": [ [ [ [ 103.470999, 35.881762 ], [ 103.473023, 35.884983 ], [ 103.473351, 35.894607 ], [ 103.47245, 35.896421 ], [ 103.471186, 35.902363 ], [ 103.472087, 35.910394 ], [ 103.473421, 35.913627 ], [ 103.476698, 35.917333 ], [ 103.483953, 35.919502 ], [ 103.486211, 35.918858 ], [ 103.493712, 35.922853 ], [ 103.498943, 35.927281 ], [ 103.504092, 35.934679 ], [ 103.505426, 35.937675 ], [ 103.509288, 35.940933 ], [ 103.518228, 35.943127 ], [ 103.521832, 35.94523 ], [ 103.529415, 35.946793 ], [ 103.534751, 35.946333 ], [ 103.542111, 35.943916 ], [ 103.54499, 35.941669 ], [ 103.549039, 35.937373 ], [ 103.550256, 35.93372 ], [ 103.552292, 35.931 ], [ 103.554152, 35.92393 ], [ 103.553965, 35.920487 ], [ 103.558705, 35.911169 ], [ 103.564672, 35.908738 ], [ 103.56892, 35.90766 ], [ 103.582693, 35.909014 ], [ 103.588053, 35.908869 ], [ 103.59594, 35.909447 ], [ 103.607384, 35.914218 ], [ 103.611269, 35.917254 ], [ 103.612603, 35.920487 ], [ 103.616418, 35.926283 ], [ 103.618162, 35.933654 ], [ 103.624001, 35.934942 ], [ 103.623521, 35.941984 ], [ 103.621157, 35.946083 ], [ 103.620736, 35.951562 ], [ 103.616839, 35.959286 ], [ 103.617097, 35.96123 ], [ 103.620537, 35.966431 ], [ 103.63046, 35.977883 ], [ 103.632859, 35.982374 ], [ 103.63204, 35.984423 ], [ 103.6286, 35.988677 ], [ 103.622351, 35.994441 ], [ 103.621801, 35.99687 ], [ 103.623931, 35.99985 ], [ 103.623217, 36.00455 ], [ 103.623814, 36.006349 ], [ 103.629115, 36.008764 ], [ 103.630648, 36.012584 ], [ 103.633351, 36.014395 ], [ 103.633316, 36.01748 ], [ 103.631794, 36.019528 ], [ 103.628471, 36.021693 ], [ 103.624645, 36.022979 ], [ 103.624411, 36.024922 ], [ 103.622152, 36.025329 ], [ 103.618267, 36.033006 ], [ 103.614405, 36.037061 ], [ 103.612147, 36.043268 ], [ 103.6088, 36.047519 ], [ 103.608976, 36.052583 ], [ 103.606963, 36.05589 ], [ 103.604073, 36.058448 ], [ 103.601791, 36.065164 ], [ 103.597531, 36.069244 ], [ 103.592581, 36.068837 ], [ 103.589399, 36.067053 ], [ 103.583782, 36.066332 ], [ 103.577615, 36.06296 ], [ 103.575064, 36.062895 ], [ 103.574865, 36.065086 ], [ 103.576608, 36.069178 ], [ 103.574724, 36.081783 ], [ 103.572244, 36.083514 ], [ 103.570804, 36.086006 ], [ 103.571202, 36.091828 ], [ 103.570207, 36.092602 ], [ 103.564895, 36.092208 ], [ 103.554012, 36.097532 ], [ 103.548653, 36.098568 ], [ 103.538858, 36.105058 ], [ 103.521844, 36.101728 ], [ 103.512529, 36.103734 ], [ 103.509732, 36.102751 ], [ 103.505777, 36.103183 ], [ 103.501681, 36.10515 ], [ 103.499353, 36.107261 ], [ 103.495081, 36.108192 ], [ 103.493396, 36.105701 ], [ 103.495924, 36.099774 ], [ 103.492542, 36.098516 ], [ 103.487674, 36.099433 ], [ 103.482537, 36.098765 ], [ 103.481905, 36.100469 ], [ 103.477927, 36.105124 ], [ 103.477365, 36.108048 ], [ 103.475036, 36.111194 ], [ 103.470227, 36.110578 ], [ 103.465768, 36.109096 ], [ 103.462351, 36.105163 ], [ 103.461602, 36.103328 ], [ 103.461696, 36.0963 ], [ 103.460479, 36.089717 ], [ 103.457706, 36.085206 ], [ 103.453692, 36.082937 ], [ 103.448637, 36.077848 ], [ 103.445419, 36.073559 ], [ 103.438304, 36.069231 ], [ 103.433541, 36.071303 ], [ 103.426789, 36.070569 ], [ 103.419359, 36.072064 ], [ 103.419148, 36.074097 ], [ 103.41586, 36.07655 ], [ 103.412033, 36.077205 ], [ 103.409904, 36.078425 ], [ 103.410477, 36.081061 ], [ 103.4094, 36.084629 ], [ 103.406838, 36.087317 ], [ 103.410746, 36.093664 ], [ 103.410512, 36.098411 ], [ 103.409201, 36.102908 ], [ 103.412876, 36.107903 ], [ 103.414245, 36.114917 ], [ 103.413449, 36.120593 ], [ 103.412326, 36.123005 ], [ 103.409541, 36.125692 ], [ 103.405387, 36.126675 ], [ 103.402812, 36.125797 ], [ 103.399524, 36.126453 ], [ 103.396657, 36.128995 ], [ 103.394258, 36.126728 ], [ 103.390911, 36.125024 ], [ 103.384499, 36.122927 ], [ 103.376846, 36.123215 ], [ 103.365682, 36.119886 ], [ 103.360604, 36.122822 ], [ 103.352167, 36.122297 ], [ 103.347989, 36.122756 ], [ 103.342992, 36.125221 ], [ 103.339552, 36.12952 ], [ 103.33507, 36.13741 ], [ 103.333818, 36.138773 ], [ 103.329219, 36.139808 ], [ 103.323977, 36.137436 ], [ 103.321437, 36.137541 ], [ 103.320419, 36.139087 ], [ 103.319869, 36.144919 ], [ 103.317424, 36.149767 ], [ 103.31293, 36.152519 ], [ 103.310859, 36.152336 ], [ 103.308039, 36.150436 ], [ 103.303756, 36.148772 ], [ 103.298361, 36.145089 ], [ 103.288497, 36.148955 ], [ 103.284658, 36.149007 ], [ 103.277485, 36.151851 ], [ 103.272067, 36.147841 ], [ 103.266485, 36.145994 ], [ 103.260986, 36.146164 ], [ 103.259312, 36.147579 ], [ 103.260763, 36.152663 ], [ 103.260447, 36.156424 ], [ 103.259172, 36.158468 ], [ 103.256621, 36.160079 ], [ 103.252443, 36.159372 ], [ 103.246733, 36.156306 ], [ 103.242777, 36.157315 ], [ 103.238518, 36.159608 ], [ 103.232784, 36.159883 ], [ 103.231157, 36.161232 ], [ 103.23042, 36.168281 ], [ 103.223891, 36.168582 ], [ 103.218133, 36.168137 ], [ 103.21041, 36.170167 ], [ 103.20718, 36.16701 ], [ 103.200861, 36.170272 ], [ 103.199574, 36.173848 ], [ 103.196543, 36.178105 ], [ 103.192729, 36.180254 ], [ 103.19006, 36.180096 ], [ 103.187299, 36.178538 ], [ 103.180605, 36.177608 ], [ 103.17706, 36.175341 ], [ 103.171618, 36.17466 ], [ 103.165124, 36.176743 ], [ 103.164398, 36.182127 ], [ 103.163099, 36.184772 ], [ 103.160104, 36.187759 ], [ 103.155715, 36.190103 ], [ 103.151245, 36.188178 ], [ 103.146506, 36.187575 ], [ 103.143651, 36.188374 ], [ 103.140878, 36.193377 ], [ 103.136045, 36.196874 ], [ 103.132581, 36.195525 ], [ 103.128111, 36.1947 ], [ 103.123161, 36.19563 ], [ 103.122435, 36.202675 ], [ 103.120025, 36.204809 ], [ 103.116327, 36.2057 ], [ 103.114396, 36.20714 ], [ 103.115648, 36.212849 ], [ 103.115098, 36.216698 ], [ 103.112875, 36.219644 ], [ 103.110125, 36.221424 ], [ 103.10748, 36.221582 ], [ 103.10528, 36.219618 ], [ 103.103654, 36.21645 ], [ 103.102729, 36.211841 ], [ 103.098809, 36.209576 ], [ 103.094725, 36.208319 ], [ 103.087084, 36.210204 ], [ 103.084533, 36.210021 ], [ 103.075932, 36.20663 ], [ 103.070971, 36.206931 ], [ 103.066571, 36.203015 ], [ 103.057595, 36.202348 ], [ 103.054904, 36.201758 ], [ 103.049135, 36.199231 ], [ 103.042125, 36.200292 ], [ 103.038123, 36.200043 ], [ 103.037129, 36.200855 ], [ 103.031886, 36.202007 ], [ 103.028434, 36.201981 ], [ 103.018874, 36.204823 ], [ 103.012403, 36.20295 ], [ 103.009629, 36.202727 ], [ 103.004083, 36.196913 ], [ 102.9998, 36.193495 ], [ 102.996945, 36.194215 ], [ 102.987443, 36.193796 ], [ 102.988168, 36.18992 ], [ 102.987384, 36.188571 ], [ 102.98199, 36.184982 ], [ 102.983733, 36.181747 ], [ 102.981791, 36.179049 ], [ 102.978011, 36.17542 ], [ 102.977859, 36.171608 ], [ 102.975659, 36.170115 ], [ 102.972148, 36.169316 ], [ 102.969597, 36.163197 ], [ 102.969901, 36.159529 ], [ 102.965736, 36.151707 ], [ 102.961909, 36.151877 ], [ 102.953999, 36.150475 ], [ 102.951296, 36.151654 ], [ 102.949107, 36.151052 ], [ 102.948569, 36.148889 ], [ 102.953449, 36.140948 ], [ 102.953484, 36.139467 ], [ 102.950991, 36.13623 ], [ 102.946755, 36.134042 ], [ 102.945889, 36.132429 ], [ 102.946708, 36.126217 ], [ 102.944848, 36.119322 ], [ 102.942215, 36.112925 ], [ 102.942121, 36.108729 ], [ 102.941162, 36.10494 ], [ 102.934901, 36.101033 ], [ 102.932163, 36.10144 ], [ 102.929413, 36.099551 ], [ 102.919232, 36.096221 ], [ 102.91722, 36.095093 ], [ 102.914973, 36.091553 ], [ 102.910093, 36.088248 ], [ 102.904816, 36.087907 ], [ 102.90024, 36.089219 ], [ 102.896964, 36.091631 ], [ 102.89171, 36.092182 ], [ 102.885133, 36.090255 ], [ 102.883963, 36.088996 ], [ 102.88195, 36.083435 ], [ 102.885203, 36.078491 ], [ 102.888445, 36.077481 ], [ 102.892997, 36.07752 ], [ 102.893371, 36.073795 ], [ 102.894635, 36.071382 ], [ 102.895185, 36.066489 ], [ 102.896063, 36.065623 ], [ 102.901984, 36.065768 ], [ 102.903528, 36.06927 ], [ 102.90526, 36.070529 ], [ 102.909379, 36.070857 ], [ 102.910421, 36.066699 ], [ 102.91289, 36.065886 ], [ 102.918425, 36.065479 ], [ 102.921023, 36.061137 ], [ 102.923913, 36.061045 ], [ 102.927178, 36.056572 ], [ 102.928922, 36.052321 ], [ 102.93242, 36.048621 ], [ 102.933696, 36.048555 ], [ 102.944029, 36.051153 ], [ 102.946556, 36.050497 ], [ 102.947539, 36.047506 ], [ 102.953156, 36.045826 ], [ 102.969211, 36.044094 ], [ 102.970194, 36.041667 ], [ 102.975507, 36.036759 ], [ 102.975542, 36.035447 ], [ 102.972464, 36.034095 ], [ 102.965291, 36.035408 ], [ 102.962401, 36.034712 ], [ 102.955859, 36.027153 ], [ 102.952864, 36.024318 ], [ 102.951857, 36.021549 ], [ 102.953554, 36.0158 ], [ 102.958668, 36.01072 ], [ 102.963852, 36.007832 ], [ 102.966309, 36.002016 ], [ 102.967093, 35.997461 ], [ 102.971774, 35.995308 ], [ 102.971493, 35.993063 ], [ 102.969012, 35.990489 ], [ 102.96549, 35.983595 ], [ 102.961254, 35.980549 ], [ 102.958223, 35.976544 ], [ 102.955543, 35.97087 ], [ 102.950956, 35.966155 ], [ 102.950114, 35.963121 ], [ 102.950839, 35.953571 ], [ 102.949072, 35.950419 ], [ 102.94548, 35.948067 ], [ 102.944356, 35.945886 ], [ 102.944649, 35.938161 ], [ 102.942262, 35.928214 ], [ 102.943139, 35.92581 ], [ 102.94837, 35.920448 ], [ 102.947387, 35.91155 ], [ 102.948979, 35.91063 ], [ 102.950383, 35.906661 ], [ 102.948534, 35.903362 ], [ 102.950008, 35.894778 ], [ 102.947949, 35.890058 ], [ 102.947855, 35.884339 ], [ 102.949014, 35.882459 ], [ 102.951272, 35.871256 ], [ 102.954361, 35.868126 ], [ 102.95607, 35.861551 ], [ 102.950886, 35.853633 ], [ 102.949131, 35.852199 ], [ 102.947645, 35.846214 ], [ 102.948908, 35.843478 ], [ 102.950535, 35.835927 ], [ 102.955614, 35.837019 ], [ 102.96762, 35.838006 ], [ 102.982586, 35.83227 ], [ 103.005358, 35.810124 ], [ 103.024034, 35.803702 ], [ 103.030517, 35.80382 ], [ 103.048959, 35.807163 ], [ 103.051077, 35.79516 ], [ 103.055934, 35.785472 ], [ 103.065447, 35.774347 ], [ 103.076716, 35.76625 ], [ 103.084533, 35.763537 ], [ 103.096668, 35.76355 ], [ 103.104508, 35.764512 ], [ 103.117263, 35.769318 ], [ 103.123395, 35.770647 ], [ 103.131984, 35.777902 ], [ 103.139122, 35.780509 ], [ 103.14516, 35.785617 ], [ 103.154253, 35.792448 ], [ 103.159799, 35.797556 ], [ 103.163298, 35.801794 ], [ 103.165732, 35.806782 ], [ 103.211452, 35.831651 ], [ 103.237898, 35.853028 ], [ 103.243737, 35.854698 ], [ 103.253438, 35.859644 ], [ 103.263501, 35.863076 ], [ 103.275823, 35.866522 ], [ 103.283605, 35.871032 ], [ 103.286648, 35.873386 ], [ 103.29973, 35.880289 ], [ 103.306108, 35.88476 ], [ 103.308214, 35.890531 ], [ 103.31114, 35.896776 ], [ 103.313305, 35.90026 ], [ 103.320443, 35.9021 ], [ 103.328236, 35.90557 ], [ 103.34511, 35.91736 ], [ 103.34944, 35.917596 ], [ 103.360557, 35.917018 ], [ 103.382568, 35.927111 ], [ 103.390841, 35.929476 ], [ 103.401022, 35.928871 ], [ 103.419675, 35.919318 ], [ 103.446835, 35.897814 ], [ 103.470999, 35.881762 ] ] ] ] } },
{ "type": "Feature", "properties": { "adcode": 622924, "name": "广河县", "center": [ 103.576188, 35.481688 ], "centroid": [ 103.619802, 35.471909 ], "childrenNum": 0, "level": "district", "parent": { "adcode": 622900 }, "subFeatureIndex": 4, "acroutes": [ 100000, 620000, 622900 ] }, "geometry": { "type": "MultiPolygon", "coordinates": [ [ [ [ 103.800547, 35.435142 ], [ 103.802396, 35.440219 ], [ 103.807381, 35.442797 ], [ 103.823003, 35.445058 ], [ 103.825215, 35.446697 ], [ 103.827099, 35.449936 ], [ 103.82697, 35.456347 ], [ 103.828035, 35.45866 ], [ 103.840977, 35.468904 ], [ 103.844581, 35.470556 ], [ 103.846781, 35.472419 ], [ 103.849847, 35.473371 ], [ 103.854235, 35.477322 ], [ 103.854996, 35.481234 ], [ 103.854586, 35.48718 ], [ 103.856178, 35.493773 ], [ 103.854387, 35.49812 ], [ 103.849414, 35.501277 ], [ 103.845377, 35.500894 ], [ 103.843458, 35.504025 ], [ 103.836132, 35.504831 ], [ 103.832985, 35.506786 ], [ 103.83206, 35.508583 ], [ 103.829755, 35.517248 ], [ 103.831007, 35.520946 ], [ 103.827157, 35.523363 ], [ 103.824945, 35.528686 ], [ 103.822547, 35.531103 ], [ 103.821037, 35.534272 ], [ 103.81817, 35.535487 ], [ 103.811325, 35.534166 ], [ 103.809686, 35.535593 ], [ 103.809066, 35.539026 ], [ 103.803917, 35.546526 ], [ 103.803508, 35.549404 ], [ 103.800875, 35.553233 ], [ 103.798698, 35.554751 ], [ 103.795843, 35.560547 ], [ 103.793198, 35.564375 ], [ 103.785346, 35.59894 ], [ 103.771281, 35.617622 ], [ 103.760866, 35.624917 ], [ 103.7567, 35.626052 ], [ 103.750276, 35.63328 ], [ 103.747503, 35.630048 ], [ 103.742904, 35.627094 ], [ 103.735087, 35.619113 ], [ 103.72273, 35.61191 ], [ 103.711016, 35.600616 ], [ 103.710092, 35.597463 ], [ 103.710501, 35.588925 ], [ 103.712619, 35.583791 ], [ 103.713111, 35.573892 ], [ 103.718868, 35.569589 ], [ 103.718763, 35.564784 ], [ 103.715954, 35.551913 ], [ 103.712397, 35.548176 ], [ 103.707108, 35.545338 ], [ 103.70348, 35.544136 ], [ 103.698156, 35.543581 ], [ 103.693955, 35.542142 ], [ 103.67687, 35.538405 ], [ 103.66676, 35.537771 ], [ 103.658919, 35.535804 ], [ 103.65026, 35.533136 ], [ 103.641589, 35.530918 ], [ 103.637973, 35.529029 ], [ 103.635165, 35.528752 ], [ 103.631549, 35.527075 ], [ 103.627629, 35.526559 ], [ 103.614803, 35.521752 ], [ 103.597297, 35.514355 ], [ 103.585256, 35.513259 ], [ 103.577112, 35.513127 ], [ 103.573496, 35.512149 ], [ 103.565363, 35.512268 ], [ 103.554211, 35.510498 ], [ 103.54664, 35.510393 ], [ 103.534973, 35.507011 ], [ 103.530234, 35.506033 ], [ 103.526922, 35.504382 ], [ 103.522171, 35.503854 ], [ 103.518286, 35.502651 ], [ 103.515501, 35.502612 ], [ 103.509861, 35.503906 ], [ 103.505379, 35.504078 ], [ 103.5003, 35.505848 ], [ 103.482362, 35.506971 ], [ 103.477915, 35.50598 ], [ 103.474556, 35.505941 ], [ 103.462737, 35.504382 ], [ 103.452767, 35.498979 ], [ 103.448356, 35.497525 ], [ 103.441077, 35.498252 ], [ 103.44371, 35.490853 ], [ 103.445793, 35.488607 ], [ 103.44708, 35.480229 ], [ 103.451188, 35.475855 ], [ 103.44859, 35.473807 ], [ 103.44474, 35.472987 ], [ 103.442575, 35.474824 ], [ 103.440902, 35.474547 ], [ 103.438152, 35.469631 ], [ 103.435484, 35.466855 ], [ 103.432652, 35.45989 ], [ 103.430335, 35.457048 ], [ 103.427527, 35.456426 ], [ 103.420599, 35.457087 ], [ 103.418879, 35.458132 ], [ 103.410863, 35.45866 ], [ 103.396985, 35.460603 ], [ 103.39104, 35.459678 ], [ 103.388314, 35.458026 ], [ 103.389788, 35.455594 ], [ 103.399863, 35.454364 ], [ 103.402999, 35.45291 ], [ 103.403585, 35.450663 ], [ 103.401701, 35.443207 ], [ 103.399372, 35.436636 ], [ 103.401034, 35.431757 ], [ 103.401373, 35.428729 ], [ 103.398763, 35.423188 ], [ 103.39881, 35.419234 ], [ 103.404333, 35.417396 ], [ 103.408101, 35.415372 ], [ 103.409541, 35.409315 ], [ 103.40995, 35.404514 ], [ 103.411752, 35.399699 ], [ 103.416211, 35.396233 ], [ 103.420002, 35.396273 ], [ 103.42439, 35.39794 ], [ 103.429422, 35.399051 ], [ 103.434489, 35.399038 ], [ 103.438152, 35.397464 ], [ 103.439778, 35.3945 ], [ 103.440317, 35.387132 ], [ 103.438573, 35.380847 ], [ 103.43635, 35.376322 ], [ 103.434618, 35.368872 ], [ 103.435156, 35.363857 ], [ 103.434396, 35.360866 ], [ 103.432488, 35.359 ], [ 103.428627, 35.356869 ], [ 103.423419, 35.352886 ], [ 103.420049, 35.342283 ], [ 103.419862, 35.32829 ], [ 103.420225, 35.325086 ], [ 103.418937, 35.320704 ], [ 103.420505, 35.31689 ], [ 103.425163, 35.311541 ], [ 103.427199, 35.297714 ], [ 103.426508, 35.296761 ], [ 103.426953, 35.29137 ], [ 103.432137, 35.291065 ], [ 103.430873, 35.284177 ], [ 103.431388, 35.282376 ], [ 103.435297, 35.283595 ], [ 103.438082, 35.285727 ], [ 103.438749, 35.287714 ], [ 103.442727, 35.288668 ], [ 103.446121, 35.293105 ], [ 103.449444, 35.301436 ], [ 103.451059, 35.302827 ], [ 103.453856, 35.30823 ], [ 103.455389, 35.309395 ], [ 103.460339, 35.315301 ], [ 103.462562, 35.320929 ], [ 103.468752, 35.329972 ], [ 103.469513, 35.332964 ], [ 103.476499, 35.34407 ], [ 103.478687, 35.345712 ], [ 103.483286, 35.351734 ], [ 103.488996, 35.357544 ], [ 103.495035, 35.361528 ], [ 103.49748, 35.364095 ], [ 103.505742, 35.369018 ], [ 103.511757, 35.373927 ], [ 103.516695, 35.377434 ], [ 103.524055, 35.384869 ], [ 103.52622, 35.387886 ], [ 103.533335, 35.393945 ], [ 103.540414, 35.401379 ], [ 103.54396, 35.404646 ], [ 103.552549, 35.408204 ], [ 103.563303, 35.414566 ], [ 103.565492, 35.416417 ], [ 103.569529, 35.423135 ], [ 103.571436, 35.425225 ], [ 103.577825, 35.427393 ], [ 103.585385, 35.427512 ], [ 103.591797, 35.429205 ], [ 103.602399, 35.43144 ], [ 103.610988, 35.436173 ], [ 103.624645, 35.440298 ], [ 103.640068, 35.4417 ], [ 103.645099, 35.442704 ], [ 103.65851, 35.446155 ], [ 103.666081, 35.447424 ], [ 103.670294, 35.447503 ], [ 103.676414, 35.449909 ], [ 103.687039, 35.452844 ], [ 103.691802, 35.453835 ], [ 103.695172, 35.453888 ], [ 103.706347, 35.457061 ], [ 103.712795, 35.457629 ], [ 103.722367, 35.456638 ], [ 103.726299, 35.456704 ], [ 103.733086, 35.45521 ], [ 103.736479, 35.453888 ], [ 103.741254, 35.453492 ], [ 103.748052, 35.451311 ], [ 103.751727, 35.449526 ], [ 103.755167, 35.446604 ], [ 103.759427, 35.444132 ], [ 103.76942, 35.436252 ], [ 103.772802, 35.435393 ], [ 103.779261, 35.434798 ], [ 103.789629, 35.434705 ], [ 103.800547, 35.435142 ] ] ] ] } },
{ "type": "Feature", "properties": { "adcode": 622925, "name": "和政县", "center": [ 103.350357, 35.425971 ], "centroid": [ 103.333182, 35.31092 ], "childrenNum": 0, "level": "district", "parent": { "adcode": 622900 }, "subFeatureIndex": 5, "acroutes": [ 100000, 620000, 622900 ] }, "geometry": { "type": "MultiPolygon", "coordinates": [ [ [ [ 103.431388, 35.282376 ], [ 103.430873, 35.284177 ], [ 103.432137, 35.291065 ], [ 103.426953, 35.29137 ], [ 103.426508, 35.296761 ], [ 103.427199, 35.297714 ], [ 103.425163, 35.311541 ], [ 103.420505, 35.31689 ], [ 103.418937, 35.320704 ], [ 103.420225, 35.325086 ], [ 103.419862, 35.32829 ], [ 103.420049, 35.342283 ], [ 103.423419, 35.352886 ], [ 103.428627, 35.356869 ], [ 103.432488, 35.359 ], [ 103.434396, 35.360866 ], [ 103.435156, 35.363857 ], [ 103.434618, 35.368872 ], [ 103.43635, 35.376322 ], [ 103.438573, 35.380847 ], [ 103.440317, 35.387132 ], [ 103.439778, 35.3945 ], [ 103.438152, 35.397464 ], [ 103.434489, 35.399038 ], [ 103.429422, 35.399051 ], [ 103.42439, 35.39794 ], [ 103.420002, 35.396273 ], [ 103.416211, 35.396233 ], [ 103.411752, 35.399699 ], [ 103.40995, 35.404514 ], [ 103.409541, 35.409315 ], [ 103.408101, 35.415372 ], [ 103.404333, 35.417396 ], [ 103.39881, 35.419234 ], [ 103.398763, 35.423188 ], [ 103.401373, 35.428729 ], [ 103.401034, 35.431757 ], [ 103.399372, 35.436636 ], [ 103.401701, 35.443207 ], [ 103.403585, 35.450663 ], [ 103.402999, 35.45291 ], [ 103.399863, 35.454364 ], [ 103.389788, 35.455594 ], [ 103.388314, 35.458026 ], [ 103.39104, 35.459678 ], [ 103.396985, 35.460603 ], [ 103.410863, 35.45866 ], [ 103.418879, 35.458132 ], [ 103.420599, 35.457087 ], [ 103.427527, 35.456426 ], [ 103.430335, 35.457048 ], [ 103.432652, 35.45989 ], [ 103.435484, 35.466855 ], [ 103.438152, 35.469631 ], [ 103.440902, 35.474547 ], [ 103.442575, 35.474824 ], [ 103.44474, 35.472987 ], [ 103.44859, 35.473807 ], [ 103.451188, 35.475855 ], [ 103.44708, 35.480229 ], [ 103.445793, 35.488607 ], [ 103.44371, 35.490853 ], [ 103.441077, 35.498252 ], [ 103.439416, 35.501409 ], [ 103.435519, 35.505386 ], [ 103.430148, 35.509072 ], [ 103.427573, 35.513034 ], [ 103.428638, 35.514804 ], [ 103.438035, 35.520484 ], [ 103.439029, 35.523509 ], [ 103.439264, 35.527682 ], [ 103.437953, 35.530838 ], [ 103.435004, 35.53064 ], [ 103.431845, 35.528818 ], [ 103.427433, 35.527352 ], [ 103.421746, 35.526295 ], [ 103.416702, 35.524367 ], [ 103.412911, 35.523984 ], [ 103.409482, 35.525886 ], [ 103.406674, 35.524644 ], [ 103.406253, 35.523099 ], [ 103.39929, 35.52026 ], [ 103.392, 35.520339 ], [ 103.388711, 35.521501 ], [ 103.386465, 35.52059 ], [ 103.384124, 35.516535 ], [ 103.381526, 35.514699 ], [ 103.374494, 35.511753 ], [ 103.370901, 35.510776 ], [ 103.364594, 35.513259 ], [ 103.360814, 35.516297 ], [ 103.35625, 35.516812 ], [ 103.347954, 35.515003 ], [ 103.343179, 35.515808 ], [ 103.33878, 35.515386 ], [ 103.334005, 35.510247 ], [ 103.330319, 35.508715 ], [ 103.326001, 35.505835 ], [ 103.319858, 35.50388 ], [ 103.30901, 35.499309 ], [ 103.304844, 35.497155 ], [ 103.300936, 35.496165 ], [ 103.291422, 35.494592 ], [ 103.281897, 35.492795 ], [ 103.274817, 35.4945 ], [ 103.271927, 35.49742 ], [ 103.270721, 35.500154 ], [ 103.267515, 35.504448 ], [ 103.264941, 35.506231 ], [ 103.260857, 35.511423 ], [ 103.254245, 35.516574 ], [ 103.243316, 35.515676 ], [ 103.239688, 35.514474 ], [ 103.2375, 35.512823 ], [ 103.224979, 35.508926 ], [ 103.219233, 35.503774 ], [ 103.217829, 35.501898 ], [ 103.213066, 35.503497 ], [ 103.207461, 35.501502 ], [ 103.20257, 35.499058 ], [ 103.197877, 35.49878 ], [ 103.194027, 35.496046 ], [ 103.192693, 35.491131 ], [ 103.190599, 35.490272 ], [ 103.184221, 35.491672 ], [ 103.178218, 35.493813 ], [ 103.175632, 35.494103 ], [ 103.172203, 35.493192 ], [ 103.168775, 35.489651 ], [ 103.162748, 35.484339 ], [ 103.159051, 35.482013 ], [ 103.159249, 35.480639 ], [ 103.162608, 35.47793 ], [ 103.16393, 35.475075 ], [ 103.163298, 35.472551 ], [ 103.154838, 35.465137 ], [ 103.153633, 35.46055 ], [ 103.151678, 35.45792 ], [ 103.15279, 35.454946 ], [ 103.160829, 35.450055 ], [ 103.164036, 35.446208 ], [ 103.164726, 35.44363 ], [ 103.164375, 35.439571 ], [ 103.161999, 35.435684 ], [ 103.161426, 35.428464 ], [ 103.160314, 35.424458 ], [ 103.159121, 35.423096 ], [ 103.155481, 35.421615 ], [ 103.153457, 35.419499 ], [ 103.152474, 35.416021 ], [ 103.150883, 35.414447 ], [ 103.139391, 35.408561 ], [ 103.131422, 35.403151 ], [ 103.123769, 35.396802 ], [ 103.12109, 35.39286 ], [ 103.119065, 35.385703 ], [ 103.120505, 35.374721 ], [ 103.123594, 35.365379 ], [ 103.122962, 35.358259 ], [ 103.11621, 35.349881 ], [ 103.109938, 35.344017 ], [ 103.105901, 35.338894 ], [ 103.103139, 35.33724 ], [ 103.101899, 35.331931 ], [ 103.101115, 35.321141 ], [ 103.102062, 35.317486 ], [ 103.10115, 35.310587 ], [ 103.101548, 35.306694 ], [ 103.101103, 35.303012 ], [ 103.101746, 35.300271 ], [ 103.100553, 35.293145 ], [ 103.096586, 35.285264 ], [ 103.091788, 35.27713 ], [ 103.089623, 35.275023 ], [ 103.085083, 35.272387 ], [ 103.087997, 35.268783 ], [ 103.088675, 35.264901 ], [ 103.091683, 35.258077 ], [ 103.096434, 35.249225 ], [ 103.099032, 35.246071 ], [ 103.103584, 35.243871 ], [ 103.107047, 35.240505 ], [ 103.11016, 35.239418 ], [ 103.114724, 35.236754 ], [ 103.123734, 35.235097 ], [ 103.129059, 35.2345 ], [ 103.136407, 35.231664 ], [ 103.140959, 35.229225 ], [ 103.148285, 35.227289 ], [ 103.165334, 35.226918 ], [ 103.171174, 35.227939 ], [ 103.178663, 35.229901 ], [ 103.186129, 35.232326 ], [ 103.19975, 35.234871 ], [ 103.204781, 35.234951 ], [ 103.211171, 35.236449 ], [ 103.215652, 35.236064 ], [ 103.227366, 35.236966 ], [ 103.232702, 35.236382 ], [ 103.245012, 35.236608 ], [ 103.250079, 35.236025 ], [ 103.257054, 35.236846 ], [ 103.262086, 35.236939 ], [ 103.269762, 35.232724 ], [ 103.272407, 35.228416 ], [ 103.274431, 35.226401 ], [ 103.275367, 35.222968 ], [ 103.278585, 35.217758 ], [ 103.279826, 35.213886 ], [ 103.283945, 35.207085 ], [ 103.289281, 35.19641 ], [ 103.292206, 35.192113 ], [ 103.295962, 35.18783 ], [ 103.298069, 35.18283 ], [ 103.301755, 35.181066 ], [ 103.305757, 35.178161 ], [ 103.317997, 35.171529 ], [ 103.321168, 35.168385 ], [ 103.324878, 35.166395 ], [ 103.331197, 35.160783 ], [ 103.338031, 35.156803 ], [ 103.341717, 35.155503 ], [ 103.353711, 35.14725 ], [ 103.363927, 35.142632 ], [ 103.374599, 35.14169 ], [ 103.387424, 35.141292 ], [ 103.392175, 35.142128 ], [ 103.396072, 35.140814 ], [ 103.401502, 35.140681 ], [ 103.407973, 35.143362 ], [ 103.418891, 35.139553 ], [ 103.436549, 35.136143 ], [ 103.441066, 35.133927 ], [ 103.448087, 35.132427 ], [ 103.452908, 35.12952 ], [ 103.457121, 35.128432 ], [ 103.470262, 35.1268 ], [ 103.474159, 35.126853 ], [ 103.482455, 35.129043 ], [ 103.486574, 35.131405 ], [ 103.488762, 35.133489 ], [ 103.488915, 35.138306 ], [ 103.488435, 35.146334 ], [ 103.490799, 35.152332 ], [ 103.494403, 35.152836 ], [ 103.501365, 35.152703 ], [ 103.511792, 35.148723 ], [ 103.524945, 35.145697 ], [ 103.535933, 35.14104 ], [ 103.539642, 35.137656 ], [ 103.547038, 35.132015 ], [ 103.550993, 35.12956 ], [ 103.555838, 35.125499 ], [ 103.569412, 35.118132 ], [ 103.573098, 35.115438 ], [ 103.585209, 35.11103 ], [ 103.588018, 35.110619 ], [ 103.599544, 35.107605 ], [ 103.606331, 35.104273 ], [ 103.610029, 35.101578 ], [ 103.613703, 35.100264 ], [ 103.618524, 35.09713 ], [ 103.621918, 35.096042 ], [ 103.625031, 35.094037 ], [ 103.629068, 35.088818 ], [ 103.634498, 35.083879 ], [ 103.638195, 35.081873 ], [ 103.641975, 35.076774 ], [ 103.644947, 35.073799 ], [ 103.649932, 35.071674 ], [ 103.651851, 35.067012 ], [ 103.655772, 35.063612 ], [ 103.659493, 35.061805 ], [ 103.667766, 35.059999 ], [ 103.674038, 35.055748 ], [ 103.676917, 35.052387 ], [ 103.681328, 35.050288 ], [ 103.685506, 35.051244 ], [ 103.696295, 35.050022 ], [ 103.698156, 35.049331 ], [ 103.701444, 35.044708 ], [ 103.705259, 35.042396 ], [ 103.706487, 35.043313 ], [ 103.70637, 35.048189 ], [ 103.704685, 35.05422 ], [ 103.702755, 35.057488 ], [ 103.697395, 35.061792 ], [ 103.690351, 35.065113 ], [ 103.685354, 35.0702 ], [ 103.673828, 35.072497 ], [ 103.664876, 35.073971 ], [ 103.662172, 35.075671 ], [ 103.662032, 35.076973 ], [ 103.664618, 35.080944 ], [ 103.664583, 35.085047 ], [ 103.662945, 35.087902 ], [ 103.657737, 35.09243 ], [ 103.654508, 35.099865 ], [ 103.653548, 35.105282 ], [ 103.651594, 35.109291 ], [ 103.648516, 35.11261 ], [ 103.643204, 35.114084 ], [ 103.640758, 35.115398 ], [ 103.640723, 35.119606 ], [ 103.644105, 35.123256 ], [ 103.644315, 35.126667 ], [ 103.642595, 35.130091 ], [ 103.637493, 35.134364 ], [ 103.634696, 35.14311 ], [ 103.633152, 35.149731 ], [ 103.628518, 35.157957 ], [ 103.625815, 35.161181 ], [ 103.625569, 35.166886 ], [ 103.627816, 35.169897 ], [ 103.634837, 35.172988 ], [ 103.638102, 35.1771 ], [ 103.637821, 35.179859 ], [ 103.635995, 35.18088 ], [ 103.621813, 35.183042 ], [ 103.612311, 35.181835 ], [ 103.609807, 35.182485 ], [ 103.60722, 35.185708 ], [ 103.603909, 35.191318 ], [ 103.600913, 35.191755 ], [ 103.598678, 35.189872 ], [ 103.594805, 35.185111 ], [ 103.590159, 35.182472 ], [ 103.589047, 35.187923 ], [ 103.591868, 35.191304 ], [ 103.592359, 35.193082 ], [ 103.592031, 35.198757 ], [ 103.589937, 35.200375 ], [ 103.581547, 35.200349 ], [ 103.574514, 35.201661 ], [ 103.571284, 35.198492 ], [ 103.571015, 35.194487 ], [ 103.569271, 35.192922 ], [ 103.566077, 35.193307 ], [ 103.563701, 35.194726 ], [ 103.563221, 35.19637 ], [ 103.565983, 35.204393 ], [ 103.564672, 35.205812 ], [ 103.559407, 35.207403 ], [ 103.554246, 35.207164 ], [ 103.553532, 35.208888 ], [ 103.555487, 35.213475 ], [ 103.557581, 35.214682 ], [ 103.560191, 35.218421 ], [ 103.558962, 35.221828 ], [ 103.553638, 35.220064 ], [ 103.54712, 35.221324 ], [ 103.5366, 35.222716 ], [ 103.530737, 35.22208 ], [ 103.528502, 35.220475 ], [ 103.526466, 35.223471 ], [ 103.522464, 35.224015 ], [ 103.521083, 35.227223 ], [ 103.520907, 35.231955 ], [ 103.515981, 35.233268 ], [ 103.510586, 35.232592 ], [ 103.510926, 35.234461 ], [ 103.516227, 35.238278 ], [ 103.520849, 35.240451 ], [ 103.524324, 35.242956 ], [ 103.524161, 35.244706 ], [ 103.515068, 35.242943 ], [ 103.510306, 35.240836 ], [ 103.505285, 35.233997 ], [ 103.498136, 35.234182 ], [ 103.493291, 35.232499 ], [ 103.490483, 35.236462 ], [ 103.479904, 35.238715 ], [ 103.469384, 35.237019 ], [ 103.461953, 35.244136 ], [ 103.461556, 35.246376 ], [ 103.458981, 35.247515 ], [ 103.456067, 35.252869 ], [ 103.457378, 35.258024 ], [ 103.450497, 35.258793 ], [ 103.446554, 35.257984 ], [ 103.442189, 35.259866 ], [ 103.434981, 35.258965 ], [ 103.431037, 35.259005 ], [ 103.430417, 35.26616 ], [ 103.426157, 35.265087 ], [ 103.42425, 35.265723 ], [ 103.428053, 35.272029 ], [ 103.42748, 35.274268 ], [ 103.429504, 35.277209 ], [ 103.431388, 35.282376 ] ] ] ] } },
{ "type": "Feature", "properties": { "adcode": 622926, "name": "东乡族自治县", "center": [ 103.389568, 35.66383 ], "centroid": [ 103.446269, 35.69273 ], "childrenNum": 0, "level": "district", "parent": { "adcode": 622900 }, "subFeatureIndex": 6, "acroutes": [ 100000, 620000, 622900 ] }, "geometry": { "type": "MultiPolygon", "coordinates": [ [ [ [ 103.470999, 35.881762 ], [ 103.446835, 35.897814 ], [ 103.419675, 35.919318 ], [ 103.401022, 35.928871 ], [ 103.390841, 35.929476 ], [ 103.382568, 35.927111 ], [ 103.360557, 35.917018 ], [ 103.34944, 35.917596 ], [ 103.34511, 35.91736 ], [ 103.328236, 35.90557 ], [ 103.320443, 35.9021 ], [ 103.313305, 35.90026 ], [ 103.31114, 35.896776 ], [ 103.308214, 35.890531 ], [ 103.306108, 35.88476 ], [ 103.29973, 35.880289 ], [ 103.286648, 35.873386 ], [ 103.283605, 35.871032 ], [ 103.275823, 35.866522 ], [ 103.263501, 35.863076 ], [ 103.253438, 35.859644 ], [ 103.243737, 35.854698 ], [ 103.237898, 35.853028 ], [ 103.211452, 35.831651 ], [ 103.165732, 35.806782 ], [ 103.17053, 35.796555 ], [ 103.173561, 35.789052 ], [ 103.175328, 35.786327 ], [ 103.180535, 35.781378 ], [ 103.186679, 35.773465 ], [ 103.188762, 35.76937 ], [ 103.193466, 35.762352 ], [ 103.197199, 35.759666 ], [ 103.203307, 35.752673 ], [ 103.207929, 35.748393 ], [ 103.209404, 35.745903 ], [ 103.219853, 35.735089 ], [ 103.224546, 35.728292 ], [ 103.22746, 35.725144 ], [ 103.230011, 35.720691 ], [ 103.239384, 35.719096 ], [ 103.242146, 35.71795 ], [ 103.243772, 35.715684 ], [ 103.243468, 35.712298 ], [ 103.244275, 35.710031 ], [ 103.253052, 35.702547 ], [ 103.259967, 35.702283 ], [ 103.266836, 35.698171 ], [ 103.269586, 35.695681 ], [ 103.273682, 35.690251 ], [ 103.275028, 35.686191 ], [ 103.274454, 35.684161 ], [ 103.270253, 35.67968 ], [ 103.269399, 35.677426 ], [ 103.269083, 35.672917 ], [ 103.267644, 35.667749 ], [ 103.265105, 35.663254 ], [ 103.26287, 35.661012 ], [ 103.260096, 35.659681 ], [ 103.257768, 35.655105 ], [ 103.258633, 35.651571 ], [ 103.261383, 35.6502 ], [ 103.263022, 35.647945 ], [ 103.262167, 35.64569 ], [ 103.266509, 35.641813 ], [ 103.269867, 35.636142 ], [ 103.273729, 35.634467 ], [ 103.283558, 35.632291 ], [ 103.279615, 35.629376 ], [ 103.275039, 35.624047 ], [ 103.273834, 35.621712 ], [ 103.274536, 35.619179 ], [ 103.276771, 35.615578 ], [ 103.275987, 35.612662 ], [ 103.270569, 35.611237 ], [ 103.270078, 35.609456 ], [ 103.271962, 35.602266 ], [ 103.274618, 35.601329 ], [ 103.277918, 35.597146 ], [ 103.278749, 35.591247 ], [ 103.278304, 35.585639 ], [ 103.281394, 35.58168 ], [ 103.281101, 35.5771 ], [ 103.283067, 35.570447 ], [ 103.28735, 35.565405 ], [ 103.28852, 35.562857 ], [ 103.294488, 35.561273 ], [ 103.296419, 35.558276 ], [ 103.298034, 35.551794 ], [ 103.297928, 35.54815 ], [ 103.287642, 35.543304 ], [ 103.282049, 35.539765 ], [ 103.280984, 35.538088 ], [ 103.282447, 35.5334 ], [ 103.282564, 35.52928 ], [ 103.283968, 35.518978 ], [ 103.286086, 35.513985 ], [ 103.28735, 35.50919 ], [ 103.287736, 35.505293 ], [ 103.289842, 35.5003 ], [ 103.291422, 35.494592 ], [ 103.300936, 35.496165 ], [ 103.304844, 35.497155 ], [ 103.30901, 35.499309 ], [ 103.319858, 35.50388 ], [ 103.326001, 35.505835 ], [ 103.330319, 35.508715 ], [ 103.334005, 35.510247 ], [ 103.33878, 35.515386 ], [ 103.343179, 35.515808 ], [ 103.347954, 35.515003 ], [ 103.35625, 35.516812 ], [ 103.360814, 35.516297 ], [ 103.364594, 35.513259 ], [ 103.370901, 35.510776 ], [ 103.374494, 35.511753 ], [ 103.381526, 35.514699 ], [ 103.384124, 35.516535 ], [ 103.386465, 35.52059 ], [ 103.388711, 35.521501 ], [ 103.392, 35.520339 ], [ 103.39929, 35.52026 ], [ 103.406253, 35.523099 ], [ 103.406674, 35.524644 ], [ 103.409482, 35.525886 ], [ 103.412911, 35.523984 ], [ 103.416702, 35.524367 ], [ 103.421746, 35.526295 ], [ 103.427433, 35.527352 ], [ 103.431845, 35.528818 ], [ 103.435004, 35.53064 ], [ 103.437953, 35.530838 ], [ 103.439264, 35.527682 ], [ 103.439029, 35.523509 ], [ 103.438035, 35.520484 ], [ 103.428638, 35.514804 ], [ 103.427573, 35.513034 ], [ 103.430148, 35.509072 ], [ 103.435519, 35.505386 ], [ 103.439416, 35.501409 ], [ 103.441077, 35.498252 ], [ 103.448356, 35.497525 ], [ 103.452767, 35.498979 ], [ 103.462737, 35.504382 ], [ 103.474556, 35.505941 ], [ 103.477915, 35.50598 ], [ 103.482362, 35.506971 ], [ 103.5003, 35.505848 ], [ 103.505379, 35.504078 ], [ 103.509861, 35.503906 ], [ 103.515501, 35.502612 ], [ 103.518286, 35.502651 ], [ 103.522171, 35.503854 ], [ 103.526922, 35.504382 ], [ 103.530234, 35.506033 ], [ 103.534973, 35.507011 ], [ 103.54664, 35.510393 ], [ 103.554211, 35.510498 ], [ 103.565363, 35.512268 ], [ 103.573496, 35.512149 ], [ 103.577112, 35.513127 ], [ 103.585256, 35.513259 ], [ 103.597297, 35.514355 ], [ 103.614803, 35.521752 ], [ 103.627629, 35.526559 ], [ 103.631549, 35.527075 ], [ 103.635165, 35.528752 ], [ 103.637973, 35.529029 ], [ 103.641589, 35.530918 ], [ 103.65026, 35.533136 ], [ 103.658919, 35.535804 ], [ 103.66676, 35.537771 ], [ 103.67687, 35.538405 ], [ 103.693955, 35.542142 ], [ 103.698156, 35.543581 ], [ 103.70348, 35.544136 ], [ 103.707108, 35.545338 ], [ 103.712397, 35.548176 ], [ 103.715954, 35.551913 ], [ 103.718763, 35.564784 ], [ 103.718868, 35.569589 ], [ 103.713111, 35.573892 ], [ 103.712619, 35.583791 ], [ 103.710501, 35.588925 ], [ 103.710092, 35.597463 ], [ 103.711016, 35.600616 ], [ 103.72273, 35.61191 ], [ 103.735087, 35.619113 ], [ 103.742904, 35.627094 ], [ 103.747503, 35.630048 ], [ 103.750276, 35.63328 ], [ 103.747561, 35.634651 ], [ 103.742506, 35.640112 ], [ 103.738223, 35.642591 ], [ 103.733566, 35.647418 ], [ 103.720003, 35.659232 ], [ 103.692773, 35.674104 ], [ 103.686606, 35.678757 ], [ 103.685038, 35.680536 ], [ 103.678321, 35.684016 ], [ 103.672856, 35.688801 ], [ 103.668983, 35.693269 ], [ 103.664969, 35.696195 ], [ 103.659247, 35.706658 ], [ 103.640571, 35.719966 ], [ 103.637645, 35.729715 ], [ 103.627301, 35.740872 ], [ 103.621555, 35.753595 ], [ 103.612264, 35.757243 ], [ 103.595671, 35.757058 ], [ 103.589937, 35.769028 ], [ 103.591575, 35.781088 ], [ 103.58212, 35.794528 ], [ 103.579077, 35.795502 ], [ 103.573367, 35.799833 ], [ 103.572267, 35.801557 ], [ 103.564415, 35.807137 ], [ 103.554351, 35.803281 ], [ 103.547915, 35.803215 ], [ 103.541105, 35.814651 ], [ 103.540824, 35.816336 ], [ 103.537875, 35.822178 ], [ 103.523295, 35.838019 ], [ 103.52168, 35.840624 ], [ 103.517631, 35.849358 ], [ 103.515934, 35.851739 ], [ 103.510867, 35.855737 ], [ 103.506479, 35.857763 ], [ 103.470999, 35.881762 ] ] ] ] } },
{ "type": "Feature", "properties": { "adcode": 622927, "name": "积石山保安族东乡族撒拉族自治县", "center": [ 102.877473, 35.712906 ], "centroid": [ 102.897289, 35.712042 ], "childrenNum": 0, "level": "district", "parent": { "adcode": 622900 }, "subFeatureIndex": 7, "acroutes": [ 100000, 620000, 622900 ] }, "geometry": { "type": "MultiPolygon", "coordinates": [ [ [ [ 102.950535, 35.835927 ], [ 102.949014, 35.835309 ], [ 102.945784, 35.830375 ], [ 102.943654, 35.829823 ], [ 102.940647, 35.830481 ], [ 102.934445, 35.834783 ], [ 102.93125, 35.834467 ], [ 102.927201, 35.832783 ], [ 102.922801, 35.833467 ], [ 102.917875, 35.840755 ], [ 102.914072, 35.84507 ], [ 102.910538, 35.845978 ], [ 102.904781, 35.845149 ], [ 102.894928, 35.846188 ], [ 102.8891, 35.848701 ], [ 102.88635, 35.849306 ], [ 102.881389, 35.848872 ], [ 102.875842, 35.846004 ], [ 102.873045, 35.845649 ], [ 102.867147, 35.846188 ], [ 102.863976, 35.845188 ], [ 102.858628, 35.846464 ], [ 102.853304, 35.846859 ], [ 102.851677, 35.848227 ], [ 102.85128, 35.851752 ], [ 102.848413, 35.854777 ], [ 102.841684, 35.856448 ], [ 102.835143, 35.856869 ], [ 102.827513, 35.856001 ], [ 102.820059, 35.850384 ], [ 102.817297, 35.850108 ], [ 102.810943, 35.854449 ], [ 102.797942, 35.857289 ], [ 102.788792, 35.861985 ], [ 102.784064, 35.862313 ], [ 102.773965, 35.857539 ], [ 102.77207, 35.855474 ], [ 102.771496, 35.851016 ], [ 102.767295, 35.847346 ], [ 102.764171, 35.843136 ], [ 102.761421, 35.841189 ], [ 102.756869, 35.839519 ], [ 102.755079, 35.837887 ], [ 102.753943, 35.834901 ], [ 102.745998, 35.82981 ], [ 102.74223, 35.825718 ], [ 102.74044, 35.821968 ], [ 102.73721, 35.820599 ], [ 102.734425, 35.821139 ], [ 102.728901, 35.820362 ], [ 102.723097, 35.817217 ], [ 102.718054, 35.816888 ], [ 102.715152, 35.81548 ], [ 102.712636, 35.805518 ], [ 102.703579, 35.798543 ], [ 102.694826, 35.796437 ], [ 102.694147, 35.791303 ], [ 102.695598, 35.782615 ], [ 102.694486, 35.779943 ], [ 102.688249, 35.775453 ], [ 102.686002, 35.772162 ], [ 102.686892, 35.764301 ], [ 102.696148, 35.747286 ], [ 102.696581, 35.739265 ], [ 102.697494, 35.73476 ], [ 102.699015, 35.723233 ], [ 102.702221, 35.713141 ], [ 102.708037, 35.704971 ], [ 102.716451, 35.697842 ], [ 102.727017, 35.691371 ], [ 102.732997, 35.675092 ], [ 102.736379, 35.670399 ], [ 102.738134, 35.665745 ], [ 102.741832, 35.659733 ], [ 102.743962, 35.657795 ], [ 102.751989, 35.655554 ], [ 102.764534, 35.653338 ], [ 102.766792, 35.651888 ], [ 102.76843, 35.647892 ], [ 102.768688, 35.640323 ], [ 102.764639, 35.626329 ], [ 102.762673, 35.6234 ], [ 102.763457, 35.621039 ], [ 102.765762, 35.618124 ], [ 102.763516, 35.61476 ], [ 102.763176, 35.611871 ], [ 102.769238, 35.608097 ], [ 102.770537, 35.606211 ], [ 102.770595, 35.603361 ], [ 102.778646, 35.596249 ], [ 102.787551, 35.590482 ], [ 102.793262, 35.587394 ], [ 102.802062, 35.584372 ], [ 102.808931, 35.580611 ], [ 102.815179, 35.578684 ], [ 102.819111, 35.578076 ], [ 102.829935, 35.573483 ], [ 102.835681, 35.569471 ], [ 102.843404, 35.564811 ], [ 102.845464, 35.561867 ], [ 102.848331, 35.560098 ], [ 102.850379, 35.557392 ], [ 102.854357, 35.55586 ], [ 102.863649, 35.554672 ], [ 102.867007, 35.555213 ], [ 102.873338, 35.558778 ], [ 102.880277, 35.561207 ], [ 102.882208, 35.562395 ], [ 102.888398, 35.561841 ], [ 102.898532, 35.561603 ], [ 102.909532, 35.56023 ], [ 102.913733, 35.561009 ], [ 102.920414, 35.562989 ], [ 102.924896, 35.563557 ], [ 102.929355, 35.565022 ], [ 102.932947, 35.567174 ], [ 102.937394, 35.568877 ], [ 102.94459, 35.572718 ], [ 102.950055, 35.577654 ], [ 102.954689, 35.581178 ], [ 102.961476, 35.584068 ], [ 102.96879, 35.587922 ], [ 102.972944, 35.589136 ], [ 102.976185, 35.588978 ], [ 102.985032, 35.587341 ], [ 102.98928, 35.590271 ], [ 102.991222, 35.594692 ], [ 102.998583, 35.598017 ], [ 103.00152, 35.592013 ], [ 103.000689, 35.588212 ], [ 103.004656, 35.585718 ], [ 103.004738, 35.582696 ], [ 103.008892, 35.580056 ], [ 103.010378, 35.580386 ], [ 103.015586, 35.579291 ], [ 103.023157, 35.583752 ], [ 103.022525, 35.585982 ], [ 103.017727, 35.590429 ], [ 103.017446, 35.591802 ], [ 103.020477, 35.59456 ], [ 103.026597, 35.597093 ], [ 103.026386, 35.5996 ], [ 103.022864, 35.603611 ], [ 103.024268, 35.605564 ], [ 103.027861, 35.606316 ], [ 103.032858, 35.605934 ], [ 103.037924, 35.608176 ], [ 103.040534, 35.60852 ], [ 103.045109, 35.606765 ], [ 103.048983, 35.608599 ], [ 103.052212, 35.613704 ], [ 103.065997, 35.615565 ], [ 103.073311, 35.615169 ], [ 103.075628, 35.616778 ], [ 103.07915, 35.616369 ], [ 103.078799, 35.620037 ], [ 103.080976, 35.624838 ], [ 103.081116, 35.62931 ], [ 103.079571, 35.632291 ], [ 103.07908, 35.638239 ], [ 103.079782, 35.641391 ], [ 103.082731, 35.640243 ], [ 103.087306, 35.635614 ], [ 103.090676, 35.635258 ], [ 103.093976, 35.635838 ], [ 103.096013, 35.6351 ], [ 103.099991, 35.63539 ], [ 103.104344, 35.639835 ], [ 103.106228, 35.643079 ], [ 103.10899, 35.653681 ], [ 103.1083, 35.658019 ], [ 103.104649, 35.667117 ], [ 103.102308, 35.670056 ], [ 103.101372, 35.673009 ], [ 103.101173, 35.679429 ], [ 103.101887, 35.683568 ], [ 103.10067, 35.686982 ], [ 103.100202, 35.692926 ], [ 103.101009, 35.703258 ], [ 103.103151, 35.707198 ], [ 103.100986, 35.713576 ], [ 103.099839, 35.723418 ], [ 103.098283, 35.728187 ], [ 103.094129, 35.734747 ], [ 103.092619, 35.738383 ], [ 103.090887, 35.739963 ], [ 103.092081, 35.747089 ], [ 103.094807, 35.75906 ], [ 103.096668, 35.76355 ], [ 103.084533, 35.763537 ], [ 103.076716, 35.76625 ], [ 103.065447, 35.774347 ], [ 103.055934, 35.785472 ], [ 103.051077, 35.79516 ], [ 103.048959, 35.807163 ], [ 103.030517, 35.80382 ], [ 103.024034, 35.803702 ], [ 103.005358, 35.810124 ], [ 102.982586, 35.83227 ], [ 102.96762, 35.838006 ], [ 102.955614, 35.837019 ], [ 102.950535, 35.835927 ] ] ] ] } },
{ "type": "Feature", "properties": { "adcode": 620702, "name": "甘州区", "center": [ 100.454862, 38.931774 ], "centroid": [ 100.507318, 39.004448 ], "childrenNum": 0, "level": "district", "parent": { "adcode": 620700 }, "subFeatureIndex": 0, "acroutes": [ 100000, 620000, 620700 ] }, "geometry": { "type": "MultiPolygon", "coordinates": [ [ [ [ 100.101741, 38.988716 ], [ 100.105108, 38.98617 ], [ 100.103857, 38.980333 ], [ 100.109389, 38.973368 ], [ 100.113622, 38.959956 ], [ 100.112515, 38.946091 ], [ 100.117373, 38.939123 ], [ 100.121943, 38.937296 ], [ 100.132189, 38.936056 ], [ 100.141039, 38.93026 ], [ 100.141664, 38.926088 ], [ 100.13772, 38.91217 ], [ 100.128677, 38.887193 ], [ 100.12988, 38.879859 ], [ 100.122232, 38.865481 ], [ 100.128725, 38.861621 ], [ 100.140991, 38.849745 ], [ 100.146523, 38.8392 ], [ 100.151814, 38.834368 ], [ 100.15773, 38.821787 ], [ 100.162011, 38.816683 ], [ 100.159029, 38.810041 ], [ 100.151525, 38.806697 ], [ 100.15773, 38.802292 ], [ 100.16076, 38.79583 ], [ 100.163502, 38.783695 ], [ 100.176297, 38.780576 ], [ 100.180963, 38.771287 ], [ 100.185532, 38.766359 ], [ 100.189092, 38.757475 ], [ 100.183416, 38.746464 ], [ 100.181781, 38.728417 ], [ 100.180001, 38.721587 ], [ 100.1813, 38.717199 ], [ 100.185773, 38.712946 ], [ 100.192699, 38.710683 ], [ 100.212228, 38.708308 ], [ 100.22435, 38.705005 ], [ 100.232287, 38.698828 ], [ 100.237385, 38.688374 ], [ 100.245707, 38.677624 ], [ 100.250565, 38.67475 ], [ 100.269372, 38.675383 ], [ 100.275962, 38.671785 ], [ 100.28818, 38.668955 ], [ 100.292365, 38.659787 ], [ 100.299724, 38.657342 ], [ 100.295443, 38.647629 ], [ 100.299051, 38.642602 ], [ 100.297608, 38.635401 ], [ 100.303861, 38.627723 ], [ 100.313096, 38.623782 ], [ 100.31324, 38.617644 ], [ 100.316175, 38.615061 ], [ 100.317137, 38.609307 ], [ 100.324256, 38.60344 ], [ 100.339936, 38.597707 ], [ 100.347633, 38.593787 ], [ 100.362496, 38.592178 ], [ 100.364612, 38.590637 ], [ 100.360235, 38.579941 ], [ 100.366729, 38.568744 ], [ 100.371154, 38.565752 ], [ 100.373848, 38.560175 ], [ 100.383901, 38.557387 ], [ 100.386354, 38.545642 ], [ 100.398427, 38.552444 ], [ 100.407759, 38.556593 ], [ 100.425123, 38.568495 ], [ 100.446769, 38.579737 ], [ 100.452926, 38.581867 ], [ 100.461391, 38.587941 ], [ 100.46447, 38.594807 ], [ 100.471204, 38.601831 ], [ 100.486452, 38.612638 ], [ 100.49232, 38.615786 ], [ 100.512426, 38.632751 ], [ 100.515361, 38.640541 ], [ 100.519305, 38.66067 ], [ 100.516371, 38.663386 ], [ 100.512234, 38.655961 ], [ 100.509733, 38.656844 ], [ 100.513196, 38.668638 ], [ 100.507376, 38.673641 ], [ 100.50449, 38.683418 ], [ 100.505211, 38.689076 ], [ 100.514783, 38.694982 ], [ 100.524548, 38.706046 ], [ 100.527626, 38.732127 ], [ 100.530368, 38.734072 ], [ 100.57313, 38.736152 ], [ 100.582702, 38.739974 ], [ 100.590542, 38.740607 ], [ 100.598623, 38.736446 ], [ 100.608051, 38.73631 ], [ 100.611947, 38.73812 ], [ 100.631909, 38.757068 ], [ 100.63441, 38.763714 ], [ 100.644031, 38.766404 ], [ 100.647734, 38.770925 ], [ 100.691987, 38.797027 ], [ 100.68939, 38.805274 ], [ 100.705359, 38.820432 ], [ 100.71724, 38.836265 ], [ 100.72763, 38.852229 ], [ 100.735519, 38.865707 ], [ 100.733065, 38.873201 ], [ 100.73345, 38.878775 ], [ 100.738789, 38.884079 ], [ 100.745235, 38.893625 ], [ 100.760291, 38.904929 ], [ 100.771787, 38.917178 ], [ 100.783764, 38.932606 ], [ 100.790161, 38.942956 ], [ 100.800695, 38.954523 ], [ 100.811422, 38.962887 ], [ 100.822581, 38.973977 ], [ 100.835713, 38.983848 ], [ 100.843457, 38.991623 ], [ 100.858609, 39.0094 ], [ 100.867989, 39.006786 ], [ 100.835184, 39.026023 ], [ 100.829604, 39.03555 ], [ 100.830374, 39.057908 ], [ 100.829412, 39.074925 ], [ 100.831528, 39.077491 ], [ 100.864381, 39.106923 ], [ 100.866209, 39.112457 ], [ 100.863419, 39.116933 ], [ 100.86568, 39.124671 ], [ 100.863708, 39.13171 ], [ 100.858561, 39.139041 ], [ 100.853318, 39.151655 ], [ 100.852596, 39.163435 ], [ 100.846536, 39.175819 ], [ 100.845622, 39.180629 ], [ 100.847979, 39.18973 ], [ 100.847642, 39.193392 ], [ 100.842832, 39.200133 ], [ 100.842591, 39.212444 ], [ 100.84211, 39.405741 ], [ 100.723397, 39.403792 ], [ 100.707957, 39.404598 ], [ 100.689919, 39.400745 ], [ 100.674527, 39.395547 ], [ 100.650139, 39.390708 ], [ 100.638884, 39.390103 ], [ 100.619932, 39.387593 ], [ 100.601894, 39.388333 ], [ 100.569522, 39.395077 ], [ 100.561586, 39.396197 ], [ 100.5511, 39.395659 ], [ 100.532581, 39.399222 ], [ 100.523442, 39.399222 ], [ 100.499102, 39.400543 ], [ 100.49713, 39.401507 ], [ 100.495976, 39.389632 ], [ 100.497323, 39.373789 ], [ 100.497948, 39.356127 ], [ 100.499247, 39.34003 ], [ 100.497659, 39.324512 ], [ 100.492272, 39.304055 ], [ 100.490733, 39.29037 ], [ 100.490829, 39.278903 ], [ 100.488905, 39.270015 ], [ 100.488809, 39.254908 ], [ 100.486789, 39.249475 ], [ 100.4827, 39.244334 ], [ 100.466682, 39.228548 ], [ 100.461343, 39.221608 ], [ 100.453262, 39.199863 ], [ 100.438399, 39.183123 ], [ 100.437678, 39.174673 ], [ 100.446817, 39.161794 ], [ 100.44725, 39.152149 ], [ 100.439457, 39.142526 ], [ 100.417475, 39.131935 ], [ 100.409683, 39.129394 ], [ 100.401939, 39.128786 ], [ 100.401361, 39.134589 ], [ 100.388518, 39.146079 ], [ 100.382265, 39.146011 ], [ 100.369663, 39.153206 ], [ 100.359369, 39.156084 ], [ 100.35023, 39.156826 ], [ 100.349028, 39.159366 ], [ 100.335655, 39.159478 ], [ 100.325458, 39.161546 ], [ 100.319253, 39.165076 ], [ 100.312134, 39.172718 ], [ 100.305015, 39.177617 ], [ 100.287939, 39.180494 ], [ 100.282889, 39.182854 ], [ 100.27702, 39.190426 ], [ 100.277117, 39.197414 ], [ 100.275048, 39.201908 ], [ 100.262013, 39.212331 ], [ 100.229545, 39.217026 ], [ 100.221993, 39.214263 ], [ 100.219251, 39.200605 ], [ 100.220021, 39.193392 ], [ 100.222282, 39.187752 ], [ 100.222618, 39.17755 ], [ 100.225312, 39.174179 ], [ 100.225023, 39.167054 ], [ 100.215644, 39.158264 ], [ 100.211122, 39.156466 ], [ 100.20458, 39.147563 ], [ 100.194094, 39.143493 ], [ 100.191497, 39.139671 ], [ 100.193469, 39.133644 ], [ 100.189717, 39.126447 ], [ 100.18813, 39.117406 ], [ 100.183127, 39.107463 ], [ 100.19015, 39.105551 ], [ 100.198472, 39.100939 ], [ 100.196932, 39.096281 ], [ 100.197269, 39.088856 ], [ 100.193421, 39.08503 ], [ 100.196932, 39.079517 ], [ 100.201935, 39.06653 ], [ 100.211026, 39.052077 ], [ 100.218049, 39.037666 ], [ 100.222426, 39.03046 ], [ 100.232575, 39.019874 ], [ 100.233826, 39.007913 ], [ 100.229737, 39.001154 ], [ 100.216317, 38.997166 ], [ 100.197125, 38.995161 ], [ 100.176297, 38.995296 ], [ 100.15191, 38.994349 ], [ 100.145561, 38.992997 ], [ 100.129591, 38.992795 ], [ 100.127523, 38.995003 ], [ 100.107368, 38.992276 ], [ 100.101741, 38.988716 ] ] ] ] } },
{ "type": "Feature", "properties": { "adcode": 620721, "name": "肃南裕固族自治县", "center": [ 99.617086, 38.837269 ], "centroid": [ 98.867052, 39.053609 ], "childrenNum": 0, "level": "district", "parent": { "adcode": 620700 }, "subFeatureIndex": 1, "acroutes": [ 100000, 620000, 620700 ] }, "geometry": { "type": "MultiPolygon", "coordinates": [ [ [ [ 99.175365, 39.168312 ], [ 99.171324, 39.160108 ], [ 99.159924, 39.15433 ], [ 99.157231, 39.155409 ], [ 99.161319, 39.161209 ], [ 99.162137, 39.165413 ], [ 99.179165, 39.181595 ], [ 99.168294, 39.188696 ], [ 99.150929, 39.201481 ], [ 99.143618, 39.208176 ], [ 99.143378, 39.224393 ], [ 99.141309, 39.24604 ], [ 99.138519, 39.251923 ], [ 99.120433, 39.261127 ], [ 99.099077, 39.260745 ], [ 99.092727, 39.261576 ], [ 99.078826, 39.267008 ], [ 99.068436, 39.257692 ], [ 99.063915, 39.256278 ], [ 99.060307, 39.257894 ], [ 99.049917, 39.274684 ], [ 99.046406, 39.285545 ], [ 99.034525, 39.295261 ], [ 99.02351, 39.300354 ], [ 99.020528, 39.306074 ], [ 99.008599, 39.30603 ], [ 99.001143, 39.309215 ], [ 98.984548, 39.313903 ], [ 98.975698, 39.330769 ], [ 98.95131, 39.33124 ], [ 98.931445, 39.32967 ], [ 98.907875, 39.332832 ], [ 98.906432, 39.332518 ], [ 98.906673, 39.322516 ], [ 98.902103, 39.316527 ], [ 98.897678, 39.323884 ], [ 98.880939, 39.329984 ], [ 98.866605, 39.324265 ], [ 98.838706, 39.3442 ], [ 98.826921, 39.350366 ], [ 98.816147, 39.347563 ], [ 98.817638, 39.352742 ], [ 98.800322, 39.360431 ], [ 98.78315, 39.371459 ], [ 98.779061, 39.372669 ], [ 98.763621, 39.383896 ], [ 98.752509, 39.389767 ], [ 98.731682, 39.397362 ], [ 98.728459, 39.399244 ], [ 98.710421, 39.414813 ], [ 98.703687, 39.417635 ], [ 98.680695, 39.424533 ], [ 98.660444, 39.436446 ], [ 98.645725, 39.440252 ], [ 98.631199, 39.442021 ], [ 98.615855, 39.44473 ], [ 98.612199, 39.444529 ], [ 98.602964, 39.451782 ], [ 98.58911, 39.453842 ], [ 98.581366, 39.457401 ], [ 98.570255, 39.460602 ], [ 98.560971, 39.467563 ], [ 98.569966, 39.46989 ], [ 98.575786, 39.475373 ], [ 98.575979, 39.479088 ], [ 98.579731, 39.481952 ], [ 98.576075, 39.482914 ], [ 98.57189, 39.479424 ], [ 98.553371, 39.470159 ], [ 98.53062, 39.467451 ], [ 98.526435, 39.467518 ], [ 98.51263, 39.472665 ], [ 98.511139, 39.474098 ], [ 98.515564, 39.480364 ], [ 98.527301, 39.476604 ], [ 98.533506, 39.476201 ], [ 98.539759, 39.483183 ], [ 98.536969, 39.485689 ], [ 98.53062, 39.486763 ], [ 98.549716, 39.509761 ], [ 98.434177, 39.577479 ], [ 98.417919, 39.558818 ], [ 98.412484, 39.554571 ], [ 98.403874, 39.537491 ], [ 98.402816, 39.530068 ], [ 98.4032, 39.519333 ], [ 98.400555, 39.511953 ], [ 98.394735, 39.507323 ], [ 98.385836, 39.503363 ], [ 98.382325, 39.505533 ], [ 98.391704, 39.511662 ], [ 98.39536, 39.515688 ], [ 98.396562, 39.52962 ], [ 98.395119, 39.53852 ], [ 98.386221, 39.538698 ], [ 98.362315, 39.542611 ], [ 98.354666, 39.550123 ], [ 98.330135, 39.569546 ], [ 98.336436, 39.583043 ], [ 98.356975, 39.630374 ], [ 98.361449, 39.638323 ], [ 98.370732, 39.650534 ], [ 98.370732, 39.654262 ], [ 98.360968, 39.661761 ], [ 98.334079, 39.667474 ], [ 98.328836, 39.664506 ], [ 98.320852, 39.66531 ], [ 98.305026, 39.673879 ], [ 98.289345, 39.686553 ], [ 98.281072, 39.690925 ], [ 98.263804, 39.694405 ], [ 98.255915, 39.702101 ], [ 98.243409, 39.707923 ], [ 98.24288, 39.712651 ], [ 98.246391, 39.718003 ], [ 98.238791, 39.718985 ], [ 98.22489, 39.725429 ], [ 98.217579, 39.727436 ], [ 98.203678, 39.727369 ], [ 98.188237, 39.72592 ], [ 98.176116, 39.721772 ], [ 98.166255, 39.713075 ], [ 98.160916, 39.705737 ], [ 98.157549, 39.696926 ], [ 98.038355, 39.698599 ], [ 98.03595, 39.698287 ], [ 97.979575, 39.668211 ], [ 97.968368, 39.662899 ], [ 97.959902, 39.670353 ], [ 97.941143, 39.694919 ], [ 97.931234, 39.699068 ], [ 97.922239, 39.698845 ], [ 97.91233, 39.70141 ], [ 97.905163, 39.701499 ], [ 97.887654, 39.705113 ], [ 97.879237, 39.709328 ], [ 97.857495, 39.709707 ], [ 97.855619, 39.710465 ], [ 97.845181, 39.699625 ], [ 97.834118, 39.691885 ], [ 97.828971, 39.685348 ], [ 97.822333, 39.683764 ], [ 97.813387, 39.683451 ], [ 97.80824, 39.680194 ], [ 97.797465, 39.684031 ], [ 97.785536, 39.680662 ], [ 97.779187, 39.681644 ], [ 97.774906, 39.684612 ], [ 97.761726, 39.687869 ], [ 97.752972, 39.688271 ], [ 97.74465, 39.687177 ], [ 97.728633, 39.690078 ], [ 97.721851, 39.692152 ], [ 97.70718, 39.693848 ], [ 97.700205, 39.697082 ], [ 97.694577, 39.69184 ], [ 97.691306, 39.68334 ], [ 97.676588, 39.6791 ], [ 97.671681, 39.663256 ], [ 97.667352, 39.656828 ], [ 97.657203, 39.633031 ], [ 97.652922, 39.631379 ], [ 97.641089, 39.630329 ], [ 97.628679, 39.627583 ], [ 97.619011, 39.630597 ], [ 97.609775, 39.618137 ], [ 97.58534, 39.603105 ], [ 97.580241, 39.587914 ], [ 97.573507, 39.577166 ], [ 97.569419, 39.563333 ], [ 97.560472, 39.555845 ], [ 97.552102, 39.551062 ], [ 97.534257, 39.543595 ], [ 97.520596, 39.538743 ], [ 97.515738, 39.534182 ], [ 97.509196, 39.525439 ], [ 97.505108, 39.510991 ], [ 97.498229, 39.502446 ], [ 97.49212, 39.491238 ], [ 97.482164, 39.477454 ], [ 97.479999, 39.471658 ], [ 97.481779, 39.465974 ], [ 97.481057, 39.448267 ], [ 97.48048, 39.406435 ], [ 97.477257, 39.373207 ], [ 97.453928, 39.352249 ], [ 97.436083, 39.350702 ], [ 97.429253, 39.347474 ], [ 97.409531, 39.326665 ], [ 97.397121, 39.318008 ], [ 97.3964, 39.312131 ], [ 97.401691, 39.303854 ], [ 97.402124, 39.292995 ], [ 97.395053, 39.240337 ], [ 97.412802, 39.197998 ], [ 97.424202, 39.178494 ], [ 97.426318, 39.173774 ], [ 97.430263, 39.139536 ], [ 97.433004, 39.12602 ], [ 97.43969, 39.12078 ], [ 97.449166, 39.120195 ], [ 97.458835, 39.11808 ], [ 97.475526, 39.106068 ], [ 97.490677, 39.084693 ], [ 97.500586, 39.078211 ], [ 97.515834, 39.073305 ], [ 97.536902, 39.069276 ], [ 97.543348, 39.067182 ], [ 97.555662, 39.06115 ], [ 97.581444, 39.052325 ], [ 97.596692, 39.043544 ], [ 97.620165, 39.031789 ], [ 97.630411, 39.027622 ], [ 97.639261, 39.026001 ], [ 97.653932, 39.018635 ], [ 97.679233, 39.010301 ], [ 97.686881, 39.00548 ], [ 97.694962, 38.988739 ], [ 97.690441, 38.975915 ], [ 97.693327, 38.969041 ], [ 97.701552, 38.963293 ], [ 97.712423, 38.960948 ], [ 97.725362, 38.961129 ], [ 97.735944, 38.958108 ], [ 97.749653, 38.949563 ], [ 97.759081, 38.948142 ], [ 97.771346, 38.9444 ], [ 97.781351, 38.945256 ], [ 97.793329, 38.942889 ], [ 97.807663, 38.937048 ], [ 97.821371, 38.933282 ], [ 97.828971, 38.930012 ], [ 97.851675, 38.916095 ], [ 97.866827, 38.904274 ], [ 97.875822, 38.89825 ], [ 97.899776, 38.888931 ], [ 97.908819, 38.884508 ], [ 97.930512, 38.880491 ], [ 97.94374, 38.876992 ], [ 97.949079, 38.873765 ], [ 97.955284, 38.873675 ], [ 97.961586, 38.867941 ], [ 97.971975, 38.863336 ], [ 97.983375, 38.861034 ], [ 97.991312, 38.861666 ], [ 98.006608, 38.85977 ], [ 98.011995, 38.858054 ], [ 98.024117, 38.84751 ], [ 98.026714, 38.844258 ], [ 98.027821, 38.835519 ], [ 98.031861, 38.83177 ], [ 98.041385, 38.828473 ], [ 98.050957, 38.81928 ], [ 98.062501, 38.819687 ], [ 98.068754, 38.816231 ], [ 98.073468, 38.80681 ], [ 98.077846, 38.800778 ], [ 98.088476, 38.789096 ], [ 98.095018, 38.786271 ], [ 98.098433, 38.788531 ], [ 98.10459, 38.796214 ], [ 98.115461, 38.798089 ], [ 98.118395, 38.807533 ], [ 98.131334, 38.812775 ], [ 98.134893, 38.815824 ], [ 98.148554, 38.818444 ], [ 98.152306, 38.820161 ], [ 98.16207, 38.834187 ], [ 98.167746, 38.840149 ], [ 98.177078, 38.846065 ], [ 98.191075, 38.849745 ], [ 98.196895, 38.855367 ], [ 98.203485, 38.856631 ], [ 98.213779, 38.866248 ], [ 98.222437, 38.870853 ], [ 98.225467, 38.874261 ], [ 98.232827, 38.876225 ], [ 98.242351, 38.880694 ], [ 98.248075, 38.885749 ], [ 98.251298, 38.891255 ], [ 98.251538, 38.907839 ], [ 98.248171, 38.912757 ], [ 98.236579, 38.915938 ], [ 98.236194, 38.920855 ], [ 98.242591, 38.930418 ], [ 98.24947, 38.938446 ], [ 98.264141, 38.948887 ], [ 98.270105, 38.954568 ], [ 98.277657, 38.965254 ], [ 98.281024, 38.972557 ], [ 98.283237, 38.981482 ], [ 98.287518, 38.992209 ], [ 98.286507, 39.001154 ], [ 98.284487, 39.005052 ], [ 98.281024, 39.027082 ], [ 98.287037, 39.035505 ], [ 98.292376, 39.037982 ], [ 98.30392, 39.039941 ], [ 98.316907, 39.040526 ], [ 98.335715, 39.037374 ], [ 98.343411, 39.037554 ], [ 98.358418, 39.034897 ], [ 98.364816, 39.032082 ], [ 98.38396, 39.029379 ], [ 98.391512, 39.023366 ], [ 98.397284, 39.016879 ], [ 98.398294, 39.00771 ], [ 98.401132, 39.001492 ], [ 98.407529, 38.99845 ], [ 98.414889, 38.998585 ], [ 98.425182, 39.000546 ], [ 98.430714, 38.997955 ], [ 98.432734, 38.993583 ], [ 98.428405, 38.983082 ], [ 98.428261, 38.975983 ], [ 98.433696, 38.967914 ], [ 98.437208, 38.966494 ], [ 98.447357, 38.959032 ], [ 98.457506, 38.952945 ], [ 98.468906, 38.951164 ], [ 98.47944, 38.951254 ], [ 98.496179, 38.953531 ], [ 98.526435, 38.95556 ], [ 98.532544, 38.952922 ], [ 98.550582, 38.949383 ], [ 98.562799, 38.942009 ], [ 98.5729, 38.932403 ], [ 98.582665, 38.929832 ], [ 98.590121, 38.933124 ], [ 98.595941, 38.946136 ], [ 98.597769, 38.947624 ], [ 98.614844, 38.947376 ], [ 98.619077, 38.952359 ], [ 98.622973, 38.953599 ], [ 98.624032, 38.959257 ], [ 98.61749, 38.97152 ], [ 98.612343, 38.977087 ], [ 98.614556, 38.980513 ], [ 98.626004, 38.984592 ], [ 98.640146, 38.987229 ], [ 98.649573, 38.992367 ], [ 98.663282, 38.994507 ], [ 98.673576, 39.008949 ], [ 98.677905, 39.010819 ], [ 98.691854, 39.020843 ], [ 98.697626, 39.033635 ], [ 98.70537, 39.043296 ], [ 98.718887, 39.048745 ], [ 98.72158, 39.054441 ], [ 98.730527, 39.057165 ], [ 98.733125, 39.059957 ], [ 98.742456, 39.07551 ], [ 98.743803, 39.086876 ], [ 98.759773, 39.090273 ], [ 98.768286, 39.085773 ], [ 98.7806, 39.089598 ], [ 98.791856, 39.087798 ], [ 98.805517, 39.087933 ], [ 98.808691, 39.085998 ], [ 98.813213, 39.087663 ], [ 98.816965, 39.08566 ], [ 98.815377, 39.082082 ], [ 98.823314, 39.070986 ], [ 98.81783, 39.066485 ], [ 98.82317, 39.062185 ], [ 98.836157, 39.058066 ], [ 98.842121, 39.05336 ], [ 98.849144, 39.055274 ], [ 98.855157, 39.05309 ], [ 98.857177, 39.047507 ], [ 98.86141, 39.047101 ], [ 98.870453, 39.049285 ], [ 98.8794, 39.043791 ], [ 98.884306, 39.042643 ], [ 98.887144, 39.039243 ], [ 98.8908, 39.02992 ], [ 98.898784, 39.023816 ], [ 98.902825, 39.012553 ], [ 98.912974, 39.008611 ], [ 98.920237, 39.002799 ], [ 98.928944, 39.00192 ], [ 98.930483, 38.998518 ], [ 98.936111, 38.99444 ], [ 98.943037, 38.993809 ], [ 98.949627, 38.988468 ], [ 98.968146, 38.984863 ], [ 98.984163, 38.984795 ], [ 98.993255, 38.977403 ], [ 99.00528, 38.978913 ], [ 99.013938, 38.984682 ], [ 99.019421, 38.982992 ], [ 99.02654, 38.983127 ], [ 99.0415, 38.980175 ], [ 99.054391, 38.976546 ], [ 99.063001, 38.968184 ], [ 99.065502, 38.962639 ], [ 99.07392, 38.9568 ], [ 99.083251, 38.953441 ], [ 99.096816, 38.954816 ], [ 99.10735, 38.951885 ], [ 99.108937, 38.946361 ], [ 99.096335, 38.936507 ], [ 99.078393, 38.92602 ], [ 99.067234, 38.917494 ], [ 99.062087, 38.911606 ], [ 99.061654, 38.906801 ], [ 99.068773, 38.897077 ], [ 99.097345, 38.878302 ], [ 99.110621, 38.867986 ], [ 99.133228, 38.857963 ], [ 99.141309, 38.852771 ], [ 99.154729, 38.8406 ], [ 99.161896, 38.834977 ], [ 99.169304, 38.827276 ], [ 99.183349, 38.816457 ], [ 99.202878, 38.802337 ], [ 99.21399, 38.792508 ], [ 99.222119, 38.788915 ], [ 99.244871, 38.785277 ], [ 99.257713, 38.781616 ], [ 99.280273, 38.77045 ], [ 99.290999, 38.765929 ], [ 99.309085, 38.751868 ], [ 99.331308, 38.737532 ], [ 99.344872, 38.729503 ], [ 99.362141, 38.718216 ], [ 99.368634, 38.708489 ], [ 99.370751, 38.701815 ], [ 99.371568, 38.690569 ], [ 99.37407, 38.686405 ], [ 99.381525, 38.680295 ], [ 99.399226, 38.674252 ], [ 99.412406, 38.665514 ], [ 99.421497, 38.655485 ], [ 99.426211, 38.64738 ], [ 99.432176, 38.62342 ], [ 99.434052, 38.619026 ], [ 99.440497, 38.610417 ], [ 99.450839, 38.604482 ], [ 99.466327, 38.605048 ], [ 99.471089, 38.607223 ], [ 99.485183, 38.611029 ], [ 99.496054, 38.612932 ], [ 99.506155, 38.610984 ], [ 99.509378, 38.608718 ], [ 99.510773, 38.601672 ], [ 99.514284, 38.597685 ], [ 99.511398, 38.594059 ], [ 99.511494, 38.58708 ], [ 99.514765, 38.580122 ], [ 99.514043, 38.568449 ], [ 99.520248, 38.558497 ], [ 99.522221, 38.553215 ], [ 99.527512, 38.547501 ], [ 99.548676, 38.534236 ], [ 99.555699, 38.520423 ], [ 99.567868, 38.514639 ], [ 99.574843, 38.50983 ], [ 99.585377, 38.498531 ], [ 99.593554, 38.497805 ], [ 99.605676, 38.487594 ], [ 99.626119, 38.478017 ], [ 99.636268, 38.475974 ], [ 99.645984, 38.468915 ], [ 99.650361, 38.460584 ], [ 99.659645, 38.449187 ], [ 99.671045, 38.440944 ], [ 99.687736, 38.433291 ], [ 99.71525, 38.425161 ], [ 99.727179, 38.41553 ], [ 99.734971, 38.412599 ], [ 99.758252, 38.410487 ], [ 99.77148, 38.405148 ], [ 99.78134, 38.395992 ], [ 99.80871, 38.379744 ], [ 99.830692, 38.368652 ], [ 99.856282, 38.360241 ], [ 99.874175, 38.356126 ], [ 99.904912, 38.344622 ], [ 99.924633, 38.340961 ], [ 99.937187, 38.341575 ], [ 99.945172, 38.33614 ], [ 99.95359, 38.326338 ], [ 99.959795, 38.320697 ], [ 99.966385, 38.317809 ], [ 99.974225, 38.316944 ], [ 99.986587, 38.318286 ], [ 99.998516, 38.316444 ], [ 100.012225, 38.307891 ], [ 100.020161, 38.301543 ], [ 100.03565, 38.294331 ], [ 100.039017, 38.290826 ], [ 100.05008, 38.283249 ], [ 100.062346, 38.28227 ], [ 100.071485, 38.284568 ], [ 100.083847, 38.281064 ], [ 100.099095, 38.270344 ], [ 100.094525, 38.267704 ], [ 100.096353, 38.26174 ], [ 100.103424, 38.256094 ], [ 100.116171, 38.254159 ], [ 100.119105, 38.249492 ], [ 100.1243, 38.234782 ], [ 100.127908, 38.23066 ], [ 100.137961, 38.229544 ], [ 100.151188, 38.224488 ], [ 100.160279, 38.21704 ], [ 100.166388, 38.215901 ], [ 100.174806, 38.217496 ], [ 100.182887, 38.222028 ], [ 100.181925, 38.230432 ], [ 100.184186, 38.235238 ], [ 100.18053, 38.245393 ], [ 100.176874, 38.247807 ], [ 100.175046, 38.254796 ], [ 100.172545, 38.256527 ], [ 100.166869, 38.268637 ], [ 100.165571, 38.277582 ], [ 100.166484, 38.28161 ], [ 100.160039, 38.292192 ], [ 100.163695, 38.298608 ], [ 100.157874, 38.310143 ], [ 100.15951, 38.313282 ], [ 100.16509, 38.315466 ], [ 100.16889, 38.320629 ], [ 100.16432, 38.327998 ], [ 100.159943, 38.328044 ], [ 100.152728, 38.330841 ], [ 100.142049, 38.33257 ], [ 100.135652, 38.335185 ], [ 100.12507, 38.344372 ], [ 100.118672, 38.345031 ], [ 100.1243, 38.348237 ], [ 100.114632, 38.352307 ], [ 100.121414, 38.356149 ], [ 100.117806, 38.364469 ], [ 100.111842, 38.370698 ], [ 100.111168, 38.378039 ], [ 100.105252, 38.384948 ], [ 100.098374, 38.390334 ], [ 100.094574, 38.396514 ], [ 100.094958, 38.400968 ], [ 100.092457, 38.407806 ], [ 100.081827, 38.405898 ], [ 100.077113, 38.414303 ], [ 100.071918, 38.414417 ], [ 100.068647, 38.418528 ], [ 100.062683, 38.420618 ], [ 100.057584, 38.416529 ], [ 100.053928, 38.420096 ], [ 100.04883, 38.421072 ], [ 100.046328, 38.43102 ], [ 100.041759, 38.431179 ], [ 100.03969, 38.42775 ], [ 100.034832, 38.431656 ], [ 100.022326, 38.432224 ], [ 100.023721, 38.438946 ], [ 100.030744, 38.444441 ], [ 100.026799, 38.44594 ], [ 100.026559, 38.451049 ], [ 100.018093, 38.448892 ], [ 100.017275, 38.45459 ], [ 100.011022, 38.457315 ], [ 100.008136, 38.461719 ], [ 100.00121, 38.466985 ], [ 100.015784, 38.490181 ], [ 100.021075, 38.493789 ], [ 100.024106, 38.498554 ], [ 100.025837, 38.507969 ], [ 100.030984, 38.51051 ], [ 100.04022, 38.508786 ], [ 100.04907, 38.511259 ], [ 100.058498, 38.519493 ], [ 100.064029, 38.518563 ], [ 100.072399, 38.505315 ], [ 100.078893, 38.502093 ], [ 100.086829, 38.493153 ], [ 100.0901, 38.492246 ], [ 100.104579, 38.493494 ], [ 100.112275, 38.497215 ], [ 100.114728, 38.496262 ], [ 100.126176, 38.485234 ], [ 100.133054, 38.482556 ], [ 100.147677, 38.4804 ], [ 100.151333, 38.478357 ], [ 100.156191, 38.469233 ], [ 100.165859, 38.460062 ], [ 100.179712, 38.458177 ], [ 100.19015, 38.457905 ], [ 100.205158, 38.456248 ], [ 100.216606, 38.453047 ], [ 100.221079, 38.447484 ], [ 100.231084, 38.447121 ], [ 100.241185, 38.439809 ], [ 100.242821, 38.428477 ], [ 100.248545, 38.417983 ], [ 100.245226, 38.409555 ], [ 100.248833, 38.402717 ], [ 100.250709, 38.391742 ], [ 100.253018, 38.384743 ], [ 100.252585, 38.380357 ], [ 100.248593, 38.375266 ], [ 100.251431, 38.37138 ], [ 100.259656, 38.366356 ], [ 100.264803, 38.369084 ], [ 100.27298, 38.378653 ], [ 100.280003, 38.377698 ], [ 100.286544, 38.37863 ], [ 100.297127, 38.388561 ], [ 100.302129, 38.387516 ], [ 100.304438, 38.379244 ], [ 100.315982, 38.368356 ], [ 100.321802, 38.358968 ], [ 100.324881, 38.351034 ], [ 100.331423, 38.341757 ], [ 100.331326, 38.337459 ], [ 100.326228, 38.336845 ], [ 100.32339, 38.331091 ], [ 100.318243, 38.328362 ], [ 100.32339, 38.324632 ], [ 100.341909, 38.316398 ], [ 100.34999, 38.310916 ], [ 100.354896, 38.312167 ], [ 100.359802, 38.307913 ], [ 100.373703, 38.309051 ], [ 100.381496, 38.306184 ], [ 100.383324, 38.299541 ], [ 100.396696, 38.293216 ], [ 100.402275, 38.297425 ], [ 100.412569, 38.302066 ], [ 100.417187, 38.306457 ], [ 100.424161, 38.30714 ], [ 100.427047, 38.300974 ], [ 100.434022, 38.301543 ], [ 100.436716, 38.299427 ], [ 100.434407, 38.287003 ], [ 100.435754, 38.280973 ], [ 100.432435, 38.275033 ], [ 100.437197, 38.268045 ], [ 100.446336, 38.268796 ], [ 100.45105, 38.266088 ], [ 100.461151, 38.265905 ], [ 100.468991, 38.272848 ], [ 100.468414, 38.280927 ], [ 100.475581, 38.288847 ], [ 100.483229, 38.286184 ], [ 100.486644, 38.280745 ], [ 100.494918, 38.279266 ], [ 100.496601, 38.273644 ], [ 100.510935, 38.271573 ], [ 100.516996, 38.280563 ], [ 100.520555, 38.289006 ], [ 100.520411, 38.292237 ], [ 100.52729, 38.298585 ], [ 100.531955, 38.305297 ], [ 100.542971, 38.317104 ], [ 100.545472, 38.320925 ], [ 100.563077, 38.342825 ], [ 100.569715, 38.347646 ], [ 100.58756, 38.355126 ], [ 100.591264, 38.359377 ], [ 100.595449, 38.367493 ], [ 100.612428, 38.386925 ], [ 100.614545, 38.393742 ], [ 100.615362, 38.405625 ], [ 100.612043, 38.420845 ], [ 100.601654, 38.429862 ], [ 100.584866, 38.438673 ], [ 100.580345, 38.435971 ], [ 100.572986, 38.437288 ], [ 100.570917, 38.440626 ], [ 100.57111, 38.446326 ], [ 100.568464, 38.450753 ], [ 100.557834, 38.461061 ], [ 100.553601, 38.46635 ], [ 100.544317, 38.467553 ], [ 100.536766, 38.467054 ], [ 100.529406, 38.463422 ], [ 100.520892, 38.461742 ], [ 100.51488, 38.462355 ], [ 100.507087, 38.465964 ], [ 100.500738, 38.465238 ], [ 100.491166, 38.468484 ], [ 100.485634, 38.48857 ], [ 100.477072, 38.493811 ], [ 100.471925, 38.493766 ], [ 100.468414, 38.490544 ], [ 100.46192, 38.492041 ], [ 100.450184, 38.499711 ], [ 100.44648, 38.504861 ], [ 100.444941, 38.517361 ], [ 100.449029, 38.520718 ], [ 100.452926, 38.528044 ], [ 100.446721, 38.526797 ], [ 100.439602, 38.518677 ], [ 100.431136, 38.51575 ], [ 100.422959, 38.510215 ], [ 100.409058, 38.509036 ], [ 100.397609, 38.512506 ], [ 100.388374, 38.520355 ], [ 100.387364, 38.52564 ], [ 100.388951, 38.541152 ], [ 100.386354, 38.545642 ], [ 100.383901, 38.557387 ], [ 100.373848, 38.560175 ], [ 100.371154, 38.565752 ], [ 100.366729, 38.568744 ], [ 100.360235, 38.579941 ], [ 100.364612, 38.590637 ], [ 100.362496, 38.592178 ], [ 100.347633, 38.593787 ], [ 100.339936, 38.597707 ], [ 100.324256, 38.60344 ], [ 100.317137, 38.609307 ], [ 100.316175, 38.615061 ], [ 100.31324, 38.617644 ], [ 100.313096, 38.623782 ], [ 100.303861, 38.627723 ], [ 100.297608, 38.635401 ], [ 100.299051, 38.642602 ], [ 100.295443, 38.647629 ], [ 100.299724, 38.657342 ], [ 100.292365, 38.659787 ], [ 100.28818, 38.668955 ], [ 100.275962, 38.671785 ], [ 100.269372, 38.675383 ], [ 100.250565, 38.67475 ], [ 100.245707, 38.677624 ], [ 100.237385, 38.688374 ], [ 100.232287, 38.698828 ], [ 100.22435, 38.705005 ], [ 100.212228, 38.708308 ], [ 100.192699, 38.710683 ], [ 100.185773, 38.712946 ], [ 100.1813, 38.717199 ], [ 100.180001, 38.721587 ], [ 100.181781, 38.728417 ], [ 100.183416, 38.746464 ], [ 100.189092, 38.757475 ], [ 100.185532, 38.766359 ], [ 100.180963, 38.771287 ], [ 100.176297, 38.780576 ], [ 100.163502, 38.783695 ], [ 100.16076, 38.79583 ], [ 100.15773, 38.802292 ], [ 100.151525, 38.806697 ], [ 100.159029, 38.810041 ], [ 100.162011, 38.816683 ], [ 100.15773, 38.821787 ], [ 100.151814, 38.834368 ], [ 100.146523, 38.8392 ], [ 100.140991, 38.849745 ], [ 100.128725, 38.861621 ], [ 100.122232, 38.865481 ], [ 100.12988, 38.879859 ], [ 100.128677, 38.887193 ], [ 100.13772, 38.91217 ], [ 100.141664, 38.926088 ], [ 100.141039, 38.93026 ], [ 100.132189, 38.936056 ], [ 100.121943, 38.937296 ], [ 100.117373, 38.939123 ], [ 100.112515, 38.946091 ], [ 100.113622, 38.959956 ], [ 100.109389, 38.973368 ], [ 100.103857, 38.980333 ], [ 100.105108, 38.98617 ], [ 100.101741, 38.988716 ], [ 100.090581, 38.982947 ], [ 100.086589, 38.979386 ], [ 100.082981, 38.96877 ], [ 100.076247, 38.963157 ], [ 100.050369, 38.956778 ], [ 100.039498, 38.960768 ], [ 100.025308, 38.952156 ], [ 100.018863, 38.956124 ], [ 100.000681, 38.962729 ], [ 99.99741, 38.962391 ], [ 99.98904, 38.95565 ], [ 99.986876, 38.955402 ], [ 99.978554, 38.962256 ], [ 99.978458, 38.963901 ], [ 99.993321, 38.976839 ], [ 99.99741, 38.982474 ], [ 100.006164, 38.98777 ], [ 100.015015, 38.995161 ], [ 100.020065, 39.002618 ], [ 100.025308, 39.015324 ], [ 100.027136, 39.024447 ], [ 100.042095, 39.037441 ], [ 100.041133, 39.043656 ], [ 100.034399, 39.051784 ], [ 100.028435, 39.061825 ], [ 100.022951, 39.064189 ], [ 99.99005, 39.062185 ], [ 99.987501, 39.069231 ], [ 99.979757, 39.07353 ], [ 99.981969, 39.085773 ], [ 99.980671, 39.092119 ], [ 99.975716, 39.098036 ], [ 99.967683, 39.101366 ], [ 99.963787, 39.105641 ], [ 99.963018, 39.114526 ], [ 99.953349, 39.114212 ], [ 99.951473, 39.119835 ], [ 99.945701, 39.121567 ], [ 99.937861, 39.120667 ], [ 99.932137, 39.12548 ], [ 99.924825, 39.127797 ], [ 99.918813, 39.131845 ], [ 99.916215, 39.135825 ], [ 99.914917, 39.145247 ], [ 99.90722, 39.145157 ], [ 99.901689, 39.155252 ], [ 99.888461, 39.159411 ], [ 99.884084, 39.16566 ], [ 99.877831, 39.167503 ], [ 99.860322, 39.169953 ], [ 99.850413, 39.175235 ], [ 99.839013, 39.176988 ], [ 99.834107, 39.182089 ], [ 99.825497, 39.18782 ], [ 99.811836, 39.192157 ], [ 99.796203, 39.195212 ], [ 99.783745, 39.195617 ], [ 99.775472, 39.201593 ], [ 99.773067, 39.20521 ], [ 99.75628, 39.216711 ], [ 99.748151, 39.220395 ], [ 99.742763, 39.225651 ], [ 99.729006, 39.233376 ], [ 99.719819, 39.236947 ], [ 99.7127, 39.241999 ], [ 99.699617, 39.244042 ], [ 99.68283, 39.241078 ], [ 99.680521, 39.238451 ], [ 99.66003, 39.241146 ], [ 99.651564, 39.239506 ], [ 99.645022, 39.240786 ], [ 99.633959, 39.245142 ], [ 99.629678, 39.249924 ], [ 99.619817, 39.24943 ], [ 99.601683, 39.251743 ], [ 99.598316, 39.253651 ], [ 99.581, 39.256884 ], [ 99.570658, 39.256749 ], [ 99.556901, 39.254123 ], [ 99.548868, 39.251676 ], [ 99.546896, 39.247073 ], [ 99.545549, 39.194673 ], [ 99.544491, 39.178202 ], [ 99.544828, 39.163052 ], [ 99.537084, 39.16865 ], [ 99.530927, 39.168267 ], [ 99.527223, 39.163345 ], [ 99.520345, 39.150373 ], [ 99.522846, 39.141874 ], [ 99.511542, 39.138254 ], [ 99.504952, 39.134274 ], [ 99.498459, 39.123659 ], [ 99.488983, 39.112659 ], [ 99.484173, 39.10888 ], [ 99.478593, 39.100826 ], [ 99.475274, 39.100376 ], [ 99.468732, 39.103436 ], [ 99.461661, 39.110725 ], [ 99.456467, 39.11203 ], [ 99.439631, 39.113042 ], [ 99.430877, 39.112862 ], [ 99.42573, 39.109105 ], [ 99.42496, 39.099139 ], [ 99.428712, 39.091691 ], [ 99.428953, 39.087596 ], [ 99.42496, 39.08575 ], [ 99.399852, 39.077446 ], [ 99.364546, 39.071864 ], [ 99.342612, 39.072675 ], [ 99.3353, 39.071752 ], [ 99.330105, 39.07344 ], [ 99.330683, 39.081812 ], [ 99.328229, 39.086628 ], [ 99.314809, 39.091669 ], [ 99.306825, 39.097091 ], [ 99.289412, 39.105258 ], [ 99.277002, 39.113109 ], [ 99.267237, 39.141784 ], [ 99.264303, 39.146978 ], [ 99.253288, 39.153498 ], [ 99.236934, 39.159636 ], [ 99.217164, 39.161187 ], [ 99.211921, 39.160692 ], [ 99.206678, 39.157298 ], [ 99.194509, 39.1546 ], [ 99.185081, 39.155836 ], [ 99.185466, 39.160153 ], [ 99.175365, 39.168312 ] ] ], [ [ [ 101.114698, 37.919569 ], [ 101.118113, 37.916069 ], [ 101.126531, 37.916115 ], [ 101.130764, 37.913668 ], [ 101.139326, 37.901979 ], [ 101.148994, 37.897037 ], [ 101.152217, 37.891158 ], [ 101.150774, 37.877772 ], [ 101.15746, 37.874064 ], [ 101.160971, 37.867588 ], [ 101.168187, 37.869625 ], [ 101.171024, 37.867405 ], [ 101.171602, 37.862026 ], [ 101.183194, 37.860035 ], [ 101.185888, 37.856944 ], [ 101.192381, 37.85493 ], [ 101.202771, 37.847536 ], [ 101.217875, 37.846185 ], [ 101.226725, 37.843255 ], [ 101.239232, 37.843117 ], [ 101.25852, 37.832814 ], [ 101.263234, 37.833043 ], [ 101.279155, 37.836684 ], [ 101.281945, 37.834966 ], [ 101.283821, 37.828898 ], [ 101.294019, 37.825601 ], [ 101.301859, 37.825143 ], [ 101.304456, 37.818799 ], [ 101.309459, 37.815707 ], [ 101.313163, 37.810119 ], [ 101.319993, 37.811241 ], [ 101.329661, 37.805813 ], [ 101.338031, 37.804163 ], [ 101.346641, 37.800063 ], [ 101.354097, 37.792228 ], [ 101.36237, 37.791197 ], [ 101.367469, 37.796581 ], [ 101.376993, 37.802193 ], [ 101.375261, 37.806866 ], [ 101.38262, 37.822189 ], [ 101.389932, 37.827593 ], [ 101.399119, 37.829517 ], [ 101.402967, 37.831715 ], [ 101.404939, 37.840164 ], [ 101.409894, 37.843736 ], [ 101.420187, 37.846849 ], [ 101.437119, 37.860172 ], [ 101.437407, 37.864658 ], [ 101.44318, 37.868114 ], [ 101.45025, 37.866398 ], [ 101.454772, 37.867611 ], [ 101.459197, 37.866146 ], [ 101.459486, 37.862941 ], [ 101.463911, 37.857219 ], [ 101.470212, 37.855273 ], [ 101.47507, 37.855869 ], [ 101.482911, 37.853511 ], [ 101.48825, 37.856464 ], [ 101.497101, 37.855388 ], [ 101.50042, 37.857975 ], [ 101.509222, 37.855273 ], [ 101.522594, 37.84923 ], [ 101.525817, 37.846849 ], [ 101.542652, 37.838973 ], [ 101.551599, 37.835837 ], [ 101.558766, 37.837485 ], [ 101.574639, 37.835333 ], [ 101.585895, 37.830456 ], [ 101.598353, 37.827433 ], [ 101.602682, 37.818318 ], [ 101.618988, 37.809867 ], [ 101.619518, 37.805515 ], [ 101.630918, 37.7876 ], [ 101.64073, 37.775845 ], [ 101.650447, 37.77321 ], [ 101.657662, 37.768902 ], [ 101.661029, 37.76457 ], [ 101.669206, 37.759138 ], [ 101.67036, 37.754279 ], [ 101.658816, 37.741074 ], [ 101.659201, 37.733325 ], [ 101.668003, 37.728991 ], [ 101.678634, 37.727868 ], [ 101.702059, 37.720071 ], [ 101.750112, 37.706654 ], [ 101.789073, 37.697135 ], [ 101.791767, 37.696033 ], [ 101.798694, 37.68782 ], [ 101.813653, 37.681626 ], [ 101.810623, 37.673663 ], [ 101.811296, 37.663589 ], [ 101.813509, 37.655648 ], [ 101.816106, 37.654362 ], [ 101.829093, 37.655969 ], [ 101.841888, 37.659871 ], [ 101.846458, 37.662625 ], [ 101.856319, 37.664369 ], [ 101.860503, 37.659435 ], [ 101.861994, 37.665425 ], [ 101.869354, 37.672654 ], [ 101.872336, 37.685733 ], [ 101.877291, 37.686788 ], [ 101.897252, 37.70264 ], [ 101.900716, 37.701677 ], [ 101.908845, 37.703649 ], [ 101.922602, 37.712709 ], [ 101.92491, 37.716654 ], [ 101.931164, 37.721791 ], [ 101.946363, 37.728097 ], [ 101.957619, 37.728854 ], [ 101.968394, 37.725666 ], [ 101.981333, 37.727638 ], [ 101.999082, 37.72507 ], [ 101.99913, 37.71991 ], [ 102.00471, 37.714108 ], [ 102.009809, 37.714062 ], [ 102.016254, 37.707113 ], [ 102.015869, 37.697892 ], [ 102.018996, 37.694611 ], [ 102.033426, 37.688486 ], [ 102.036168, 37.685044 ], [ 102.036457, 37.679767 ], [ 102.034003, 37.672608 ], [ 102.034292, 37.66749 ], [ 102.03814, 37.65971 ], [ 102.047327, 37.654316 ], [ 102.048674, 37.650414 ], [ 102.046173, 37.64238 ], [ 102.038765, 37.633862 ], [ 102.035254, 37.627686 ], [ 102.038621, 37.628283 ], [ 102.040593, 37.632737 ], [ 102.050358, 37.640406 ], [ 102.054975, 37.652595 ], [ 102.048337, 37.661523 ], [ 102.048289, 37.664851 ], [ 102.053484, 37.674857 ], [ 102.052907, 37.682452 ], [ 102.061084, 37.685343 ], [ 102.062142, 37.689816 ], [ 102.066087, 37.691606 ], [ 102.074985, 37.688968 ], [ 102.078689, 37.692776 ], [ 102.077583, 37.697708 ], [ 102.079218, 37.702112 ], [ 102.077294, 37.706975 ], [ 102.079266, 37.709865 ], [ 102.087684, 37.711494 ], [ 102.084846, 37.717961 ], [ 102.095861, 37.728808 ], [ 102.099757, 37.735962 ], [ 102.107838, 37.74731 ], [ 102.110676, 37.753476 ], [ 102.116352, 37.760284 ], [ 102.122221, 37.770781 ], [ 102.12881, 37.775158 ], [ 102.141172, 37.777747 ], [ 102.149927, 37.785194 ], [ 102.15137, 37.788035 ], [ 102.15238, 37.800773 ], [ 102.155506, 37.812478 ], [ 102.159691, 37.819647 ], [ 102.168782, 37.826883 ], [ 102.184126, 37.834966 ], [ 102.187638, 37.837714 ], [ 102.197691, 37.841103 ], [ 102.205098, 37.850535 ], [ 102.202405, 37.854518 ], [ 102.182635, 37.849825 ], [ 102.168446, 37.844354 ], [ 102.162914, 37.844926 ], [ 102.151562, 37.851359 ], [ 102.147522, 37.857082 ], [ 102.143914, 37.866993 ], [ 102.137084, 37.874385 ], [ 102.127512, 37.88022 ], [ 102.122076, 37.88816 ], [ 102.126694, 37.894201 ], [ 102.129243, 37.903351 ], [ 102.127319, 37.91058 ], [ 102.123134, 37.914697 ], [ 102.117026, 37.917762 ], [ 102.100864, 37.920163 ], [ 102.095188, 37.918883 ], [ 102.087492, 37.920461 ], [ 102.07917, 37.927962 ], [ 102.074985, 37.929082 ], [ 102.036168, 37.933404 ], [ 102.030396, 37.935988 ], [ 102.03155, 37.941613 ], [ 102.039102, 37.944425 ], [ 102.054446, 37.948197 ], [ 102.071041, 37.950461 ], [ 102.090811, 37.955879 ], [ 102.095765, 37.958507 ], [ 102.106491, 37.966805 ], [ 102.122702, 37.973113 ], [ 102.137613, 37.982802 ], [ 102.14579, 37.985156 ], [ 102.152909, 37.989063 ], [ 102.166521, 37.994501 ], [ 102.170658, 37.999596 ], [ 102.169263, 38.004805 ], [ 102.156276, 38.006998 ], [ 102.132129, 38.00549 ], [ 102.119767, 38.009716 ], [ 102.110099, 38.011886 ], [ 102.107502, 38.020086 ], [ 102.10981, 38.025248 ], [ 102.102692, 38.027782 ], [ 102.094466, 38.034519 ], [ 102.09158, 38.029655 ], [ 102.085519, 38.025065 ], [ 102.079988, 38.026732 ], [ 102.084654, 38.028239 ], [ 102.075996, 38.031596 ], [ 102.070271, 38.029061 ], [ 102.065846, 38.030295 ], [ 102.055505, 38.027691 ], [ 102.040449, 38.029655 ], [ 102.03232, 38.038218 ], [ 102.026163, 38.043127 ], [ 102.026259, 38.057396 ], [ 102.017505, 38.06712 ], [ 102.015533, 38.074104 ], [ 102.017312, 38.076957 ], [ 102.015773, 38.081978 ], [ 102.010145, 38.083187 ], [ 102.003604, 38.094825 ], [ 101.998264, 38.093319 ], [ 101.986624, 38.096034 ], [ 101.981237, 38.093843 ], [ 101.975224, 38.085561 ], [ 101.967576, 38.084944 ], [ 101.964642, 38.081613 ], [ 101.945353, 38.080289 ], [ 101.936166, 38.084351 ], [ 101.91707, 38.089965 ], [ 101.912452, 38.095783 ], [ 101.90365, 38.097699 ], [ 101.897493, 38.097517 ], [ 101.885804, 38.102992 ], [ 101.876858, 38.099502 ], [ 101.869017, 38.09957 ], [ 101.861706, 38.097996 ], [ 101.855357, 38.099502 ], [ 101.845352, 38.093935 ], [ 101.840878, 38.088755 ], [ 101.83501, 38.075268 ], [ 101.830055, 38.074264 ], [ 101.821445, 38.067371 ], [ 101.812306, 38.064952 ], [ 101.799704, 38.066299 ], [ 101.796529, 38.069563 ], [ 101.781522, 38.072872 ], [ 101.779549, 38.07714 ], [ 101.766658, 38.079399 ], [ 101.75877, 38.08839 ], [ 101.742848, 38.089599 ], [ 101.740155, 38.096057 ], [ 101.733276, 38.09487 ], [ 101.73116, 38.09074 ], [ 101.726686, 38.091995 ], [ 101.719952, 38.089805 ], [ 101.71014, 38.092474 ], [ 101.706388, 38.09179 ], [ 101.694074, 38.077528 ], [ 101.690611, 38.066664 ], [ 101.670889, 38.081248 ], [ 101.664107, 38.085629 ], [ 101.651312, 38.09001 ], [ 101.646695, 38.087546 ], [ 101.641163, 38.077208 ], [ 101.636786, 38.071457 ], [ 101.623702, 38.064176 ], [ 101.612591, 38.05977 ], [ 101.592196, 38.057237 ], [ 101.567472, 38.057008 ], [ 101.549723, 38.058903 ], [ 101.544432, 38.060501 ], [ 101.537073, 38.0592 ], [ 101.530819, 38.06082 ], [ 101.516052, 38.061437 ], [ 101.500853, 38.053561 ], [ 101.498207, 38.053219 ], [ 101.489741, 38.056985 ], [ 101.481276, 38.05573 ], [ 101.469683, 38.051141 ], [ 101.459726, 38.044201 ], [ 101.447028, 38.039885 ], [ 101.441207, 38.040114 ], [ 101.432068, 38.046895 ], [ 101.419081, 38.058834 ], [ 101.412635, 38.062281 ], [ 101.396618, 38.066983 ], [ 101.385458, 38.065774 ], [ 101.382188, 38.059474 ], [ 101.365881, 38.053881 ], [ 101.359243, 38.049749 ], [ 101.350008, 38.041346 ], [ 101.344284, 38.037876 ], [ 101.32918, 38.033811 ], [ 101.321965, 38.035204 ], [ 101.293249, 38.036643 ], [ 101.277809, 38.036711 ], [ 101.257943, 38.035113 ], [ 101.241781, 38.032236 ], [ 101.231199, 38.024836 ], [ 101.219895, 38.009419 ], [ 101.210371, 38.004965 ], [ 101.190505, 37.997426 ], [ 101.175931, 37.990411 ], [ 101.162751, 37.982642 ], [ 101.153131, 37.971307 ], [ 101.15087, 37.961753 ], [ 101.139037, 37.941796 ], [ 101.13466, 37.930271 ], [ 101.129706, 37.924257 ], [ 101.114698, 37.919569 ] ] ], [ [ [ 100.716134, 38.253134 ], [ 100.737731, 38.266793 ], [ 100.744994, 38.270685 ], [ 100.751392, 38.270481 ], [ 100.763706, 38.259736 ], [ 100.774913, 38.257756 ], [ 100.782417, 38.265837 ], [ 100.791171, 38.270367 ], [ 100.79223, 38.277172 ], [ 100.806131, 38.281997 ], [ 100.819695, 38.288483 ], [ 100.825852, 38.294308 ], [ 100.824553, 38.29656 ], [ 100.828786, 38.300428 ], [ 100.829364, 38.310848 ], [ 100.831143, 38.31401 ], [ 100.832586, 38.331887 ], [ 100.820513, 38.370448 ], [ 100.816857, 38.367947 ], [ 100.809305, 38.3589 ], [ 100.801369, 38.354558 ], [ 100.795741, 38.353944 ], [ 100.780204, 38.368879 ], [ 100.771883, 38.37188 ], [ 100.762888, 38.364106 ], [ 100.758463, 38.367334 ], [ 100.751488, 38.365288 ], [ 100.743263, 38.360218 ], [ 100.739559, 38.365742 ], [ 100.739992, 38.37613 ], [ 100.738164, 38.38438 ], [ 100.732248, 38.399582 ], [ 100.72763, 38.394969 ], [ 100.724022, 38.394287 ], [ 100.71926, 38.399968 ], [ 100.706514, 38.396401 ], [ 100.69901, 38.392492 ], [ 100.689871, 38.384971 ], [ 100.681213, 38.369857 ], [ 100.673613, 38.346236 ], [ 100.670342, 38.320902 ], [ 100.666782, 38.313214 ], [ 100.650765, 38.303136 ], [ 100.640904, 38.292874 ], [ 100.632198, 38.275488 ], [ 100.632053, 38.271254 ], [ 100.624742, 38.266566 ], [ 100.632823, 38.265405 ], [ 100.639942, 38.260988 ], [ 100.647782, 38.260897 ], [ 100.659567, 38.258484 ], [ 100.66356, 38.256527 ], [ 100.674286, 38.256026 ], [ 100.686456, 38.249446 ], [ 100.701319, 38.248763 ], [ 100.708197, 38.249423 ], [ 100.711805, 38.252656 ], [ 100.716134, 38.253134 ] ] ], [ [ [ 98.959199, 39.779793 ], [ 98.958093, 39.771169 ], [ 98.956024, 39.74001 ], [ 98.953042, 39.727034 ], [ 98.949483, 39.701499 ], [ 98.94929, 39.673634 ], [ 98.949819, 39.665734 ], [ 98.946597, 39.664484 ], [ 98.931252, 39.666068 ], [ 98.917784, 39.664997 ], [ 98.905374, 39.667318 ], [ 98.881516, 39.665421 ], [ 98.867519, 39.668122 ], [ 98.856215, 39.669037 ], [ 98.837311, 39.673232 ], [ 98.83, 39.676334 ], [ 98.824661, 39.676423 ], [ 98.820428, 39.673053 ], [ 98.817157, 39.661203 ], [ 98.807874, 39.643725 ], [ 98.804266, 39.6289 ], [ 98.810711, 39.600871 ], [ 98.815954, 39.59799 ], [ 98.816147, 39.592092 ], [ 98.851934, 39.59198 ], [ 98.865066, 39.590975 ], [ 98.872136, 39.594036 ], [ 98.882189, 39.592427 ], [ 98.900227, 39.586842 ], [ 98.938131, 39.577882 ], [ 98.942556, 39.589746 ], [ 98.946693, 39.594952 ], [ 98.977814, 39.619588 ], [ 98.984885, 39.621911 ], [ 99.001143, 39.622826 ], [ 99.008166, 39.626399 ], [ 99.025145, 39.629659 ], [ 99.036257, 39.628856 ], [ 99.053621, 39.623161 ], [ 99.06377, 39.616797 ], [ 99.064684, 39.609985 ], [ 99.057662, 39.596515 ], [ 99.056507, 39.587668 ], [ 99.067763, 39.565903 ], [ 99.072862, 39.554862 ], [ 99.080413, 39.547261 ], [ 99.089216, 39.540577 ], [ 99.097489, 39.530716 ], [ 99.101385, 39.519714 ], [ 99.106147, 39.5141 ], [ 99.117259, 39.50786 ], [ 99.135297, 39.503677 ], [ 99.141454, 39.499874 ], [ 99.173874, 39.481975 ], [ 99.183398, 39.47544 ], [ 99.214038, 39.465011 ], [ 99.235924, 39.458431 ], [ 99.242562, 39.448245 ], [ 99.264159, 39.438058 ], [ 99.326354, 39.398482 ], [ 99.389991, 39.368119 ], [ 99.42015, 39.362874 ], [ 99.457477, 39.37361 ], [ 99.480758, 39.387974 ], [ 99.499709, 39.394091 ], [ 99.54502, 39.400924 ], [ 99.557863, 39.4203 ], [ 99.553438, 39.490298 ], [ 99.517122, 39.621129 ], [ 99.495284, 39.649507 ], [ 99.431069, 39.652409 ], [ 99.38013, 39.661538 ], [ 99.369211, 39.635844 ], [ 99.32467, 39.631267 ], [ 99.317118, 39.633165 ], [ 99.218848, 39.662855 ], [ 99.156317, 39.711068 ], [ 99.083396, 39.71138 ], [ 99.008887, 39.750109 ], [ 99.001143, 39.754566 ], [ 98.998498, 39.758534 ], [ 98.992292, 39.762768 ], [ 98.959199, 39.779793 ] ] ] ] } },
{ "type": "Feature", "properties": { "adcode": 620722, "name": "民乐县", "center": [ 100.816623, 38.434454 ], "centroid": [ 100.769097, 38.476352 ], "childrenNum": 0, "level": "district", "parent": { "adcode": 620700 }, "subFeatureIndex": 2, "acroutes": [ 100000, 620000, 620700 ] }, "geometry": { "type": "MultiPolygon", "coordinates": [ [ [ [ 101.031291, 37.976015 ], [ 101.028309, 37.978917 ], [ 101.026193, 37.993861 ], [ 101.027251, 38.013074 ], [ 101.029271, 38.018738 ], [ 101.031628, 38.035615 ], [ 101.035236, 38.047648 ], [ 101.034899, 38.058218 ], [ 101.032109, 38.071571 ], [ 101.028742, 38.079696 ], [ 101.021815, 38.086314 ], [ 101.010848, 38.09398 ], [ 100.974388, 38.116611 ], [ 100.963565, 38.127262 ], [ 100.958996, 38.134263 ], [ 100.956013, 38.149928 ], [ 100.957216, 38.161805 ], [ 100.957697, 38.176461 ], [ 100.962122, 38.188471 ], [ 100.973426, 38.197995 ], [ 100.979006, 38.198724 ], [ 100.992426, 38.2036 ], [ 101.005221, 38.213077 ], [ 101.007096, 38.221026 ], [ 101.007577, 38.245758 ], [ 101.009357, 38.263356 ], [ 101.008058, 38.277377 ], [ 101.011041, 38.288733 ], [ 101.014167, 38.296219 ], [ 101.008443, 38.306958 ], [ 100.997957, 38.318173 ], [ 100.997669, 38.313055 ], [ 100.994686, 38.307481 ], [ 100.991416, 38.311712 ], [ 100.994927, 38.314692 ], [ 100.988193, 38.314897 ], [ 100.987567, 38.30946 ], [ 100.983431, 38.310575 ], [ 100.986269, 38.319651 ], [ 100.995504, 38.332683 ], [ 100.999689, 38.337141 ], [ 101.001565, 38.345827 ], [ 100.997621, 38.350488 ], [ 100.983479, 38.356467 ], [ 100.966836, 38.372948 ], [ 100.966692, 38.37638 ], [ 100.958755, 38.385243 ], [ 100.96039, 38.38638 ], [ 100.97179, 38.382607 ], [ 100.96674, 38.392447 ], [ 100.971502, 38.397309 ], [ 100.979198, 38.401717 ], [ 100.981459, 38.404875 ], [ 100.984345, 38.425047 ], [ 100.986317, 38.424934 ], [ 100.990646, 38.415053 ], [ 100.99536, 38.410941 ], [ 101.001517, 38.412236 ], [ 101.004547, 38.418778 ], [ 101.003296, 38.428636 ], [ 101.005653, 38.44015 ], [ 101.003056, 38.452456 ], [ 101.002527, 38.466985 ], [ 100.997332, 38.476746 ], [ 100.998871, 38.49397 ], [ 100.996274, 38.50595 ], [ 100.994927, 38.524778 ], [ 100.98954, 38.539383 ], [ 100.971838, 38.560311 ], [ 100.968087, 38.56684 ], [ 100.96674, 38.585901 ], [ 100.965104, 38.593289 ], [ 100.959958, 38.607178 ], [ 100.959717, 38.613838 ], [ 100.961593, 38.621812 ], [ 100.958082, 38.626953 ], [ 100.954378, 38.645863 ], [ 100.953849, 38.652972 ], [ 100.950434, 38.665922 ], [ 100.948317, 38.681336 ], [ 100.948125, 38.688917 ], [ 100.949856, 38.694371 ], [ 100.95356, 38.697674 ], [ 100.959188, 38.698625 ], [ 100.967846, 38.706838 ], [ 100.966499, 38.711928 ], [ 100.949616, 38.720501 ], [ 100.941294, 38.730091 ], [ 100.931241, 38.746961 ], [ 100.923738, 38.753269 ], [ 100.915801, 38.75501 ], [ 100.907383, 38.754468 ], [ 100.882563, 38.754694 ], [ 100.858753, 38.758695 ], [ 100.849662, 38.758311 ], [ 100.841822, 38.759939 ], [ 100.833596, 38.765477 ], [ 100.827969, 38.775536 ], [ 100.808584, 38.785797 ], [ 100.796655, 38.787785 ], [ 100.785207, 38.786113 ], [ 100.734797, 38.792734 ], [ 100.714498, 38.796982 ], [ 100.68939, 38.805274 ], [ 100.691987, 38.797027 ], [ 100.647734, 38.770925 ], [ 100.644031, 38.766404 ], [ 100.63441, 38.763714 ], [ 100.631909, 38.757068 ], [ 100.611947, 38.73812 ], [ 100.608051, 38.73631 ], [ 100.598623, 38.736446 ], [ 100.590542, 38.740607 ], [ 100.582702, 38.739974 ], [ 100.57313, 38.736152 ], [ 100.530368, 38.734072 ], [ 100.527626, 38.732127 ], [ 100.524548, 38.706046 ], [ 100.514783, 38.694982 ], [ 100.505211, 38.689076 ], [ 100.50449, 38.683418 ], [ 100.507376, 38.673641 ], [ 100.513196, 38.668638 ], [ 100.509733, 38.656844 ], [ 100.512234, 38.655961 ], [ 100.516371, 38.663386 ], [ 100.519305, 38.66067 ], [ 100.515361, 38.640541 ], [ 100.512426, 38.632751 ], [ 100.49232, 38.615786 ], [ 100.486452, 38.612638 ], [ 100.471204, 38.601831 ], [ 100.46447, 38.594807 ], [ 100.461391, 38.587941 ], [ 100.452926, 38.581867 ], [ 100.446769, 38.579737 ], [ 100.425123, 38.568495 ], [ 100.407759, 38.556593 ], [ 100.398427, 38.552444 ], [ 100.386354, 38.545642 ], [ 100.388951, 38.541152 ], [ 100.387364, 38.52564 ], [ 100.388374, 38.520355 ], [ 100.397609, 38.512506 ], [ 100.409058, 38.509036 ], [ 100.422959, 38.510215 ], [ 100.431136, 38.51575 ], [ 100.439602, 38.518677 ], [ 100.446721, 38.526797 ], [ 100.452926, 38.528044 ], [ 100.449029, 38.520718 ], [ 100.444941, 38.517361 ], [ 100.44648, 38.504861 ], [ 100.450184, 38.499711 ], [ 100.46192, 38.492041 ], [ 100.468414, 38.490544 ], [ 100.471925, 38.493766 ], [ 100.477072, 38.493811 ], [ 100.485634, 38.48857 ], [ 100.491166, 38.468484 ], [ 100.500738, 38.465238 ], [ 100.507087, 38.465964 ], [ 100.51488, 38.462355 ], [ 100.520892, 38.461742 ], [ 100.529406, 38.463422 ], [ 100.536766, 38.467054 ], [ 100.544317, 38.467553 ], [ 100.553601, 38.46635 ], [ 100.557834, 38.461061 ], [ 100.568464, 38.450753 ], [ 100.57111, 38.446326 ], [ 100.570917, 38.440626 ], [ 100.572986, 38.437288 ], [ 100.580345, 38.435971 ], [ 100.584866, 38.438673 ], [ 100.601654, 38.429862 ], [ 100.612043, 38.420845 ], [ 100.615362, 38.405625 ], [ 100.614545, 38.393742 ], [ 100.612428, 38.386925 ], [ 100.595449, 38.367493 ], [ 100.591264, 38.359377 ], [ 100.58756, 38.355126 ], [ 100.569715, 38.347646 ], [ 100.563077, 38.342825 ], [ 100.545472, 38.320925 ], [ 100.542971, 38.317104 ], [ 100.531955, 38.305297 ], [ 100.52729, 38.298585 ], [ 100.520411, 38.292237 ], [ 100.520555, 38.289006 ], [ 100.516996, 38.280563 ], [ 100.510935, 38.271573 ], [ 100.520604, 38.27105 ], [ 100.525269, 38.264767 ], [ 100.530079, 38.263265 ], [ 100.535371, 38.256959 ], [ 100.540036, 38.254182 ], [ 100.546578, 38.246896 ], [ 100.551821, 38.249651 ], [ 100.563846, 38.247716 ], [ 100.567598, 38.250676 ], [ 100.574477, 38.251427 ], [ 100.580682, 38.247716 ], [ 100.595112, 38.242274 ], [ 100.600836, 38.248034 ], [ 100.601557, 38.254 ], [ 100.619018, 38.265723 ], [ 100.624742, 38.266566 ], [ 100.632053, 38.271254 ], [ 100.632198, 38.275488 ], [ 100.640904, 38.292874 ], [ 100.650765, 38.303136 ], [ 100.666782, 38.313214 ], [ 100.670342, 38.320902 ], [ 100.673613, 38.346236 ], [ 100.681213, 38.369857 ], [ 100.689871, 38.384971 ], [ 100.69901, 38.392492 ], [ 100.706514, 38.396401 ], [ 100.71926, 38.399968 ], [ 100.724022, 38.394287 ], [ 100.72763, 38.394969 ], [ 100.732248, 38.399582 ], [ 100.738164, 38.38438 ], [ 100.739992, 38.37613 ], [ 100.739559, 38.365742 ], [ 100.743263, 38.360218 ], [ 100.751488, 38.365288 ], [ 100.758463, 38.367334 ], [ 100.762888, 38.364106 ], [ 100.771883, 38.37188 ], [ 100.780204, 38.368879 ], [ 100.795741, 38.353944 ], [ 100.801369, 38.354558 ], [ 100.809305, 38.3589 ], [ 100.816857, 38.367947 ], [ 100.820513, 38.370448 ], [ 100.832586, 38.331887 ], [ 100.831143, 38.31401 ], [ 100.829364, 38.310848 ], [ 100.828786, 38.300428 ], [ 100.824553, 38.29656 ], [ 100.825852, 38.294308 ], [ 100.819695, 38.288483 ], [ 100.806131, 38.281997 ], [ 100.79223, 38.277172 ], [ 100.791171, 38.270367 ], [ 100.782417, 38.265837 ], [ 100.774913, 38.257756 ], [ 100.763706, 38.259736 ], [ 100.751392, 38.270481 ], [ 100.744994, 38.270685 ], [ 100.737731, 38.266793 ], [ 100.716134, 38.253134 ], [ 100.73523, 38.244232 ], [ 100.741579, 38.238585 ], [ 100.751825, 38.23879 ], [ 100.766255, 38.225194 ], [ 100.774384, 38.220821 ], [ 100.780252, 38.213555 ], [ 100.781984, 38.204579 ], [ 100.78766, 38.203349 ], [ 100.789199, 38.193507 ], [ 100.801754, 38.185486 ], [ 100.810123, 38.181224 ], [ 100.81527, 38.171287 ], [ 100.818974, 38.168233 ], [ 100.822052, 38.161965 ], [ 100.825612, 38.158887 ], [ 100.830374, 38.158181 ], [ 100.833789, 38.154715 ], [ 100.843842, 38.149084 ], [ 100.860437, 38.148377 ], [ 100.863034, 38.149289 ], [ 100.868854, 38.156676 ], [ 100.881505, 38.161532 ], [ 100.883573, 38.165771 ], [ 100.893674, 38.170011 ], [ 100.895598, 38.175185 ], [ 100.901707, 38.18013 ], [ 100.913252, 38.178672 ], [ 100.925469, 38.170923 ], [ 100.934272, 38.16641 ], [ 100.938072, 38.160392 ], [ 100.934608, 38.154784 ], [ 100.924988, 38.148902 ], [ 100.924796, 38.140602 ], [ 100.921573, 38.137615 ], [ 100.918591, 38.128927 ], [ 100.916234, 38.113965 ], [ 100.917869, 38.10792 ], [ 100.921765, 38.101715 ], [ 100.921862, 38.095486 ], [ 100.92393, 38.090216 ], [ 100.921862, 38.084762 ], [ 100.914791, 38.083484 ], [ 100.908586, 38.07714 ], [ 100.907672, 38.073488 ], [ 100.894925, 38.06324 ], [ 100.888864, 38.055867 ], [ 100.887325, 38.049589 ], [ 100.889826, 38.042579 ], [ 100.890163, 38.036095 ], [ 100.896897, 38.029472 ], [ 100.896993, 38.024471 ], [ 100.894204, 38.018122 ], [ 100.894781, 38.013554 ], [ 100.901948, 38.007089 ], [ 100.909836, 38.00597 ], [ 100.918014, 37.999733 ], [ 100.927826, 38.007957 ], [ 100.937062, 38.007432 ], [ 100.943555, 38.003822 ], [ 100.951396, 38.007203 ], [ 100.956542, 38.006107 ], [ 100.957697, 38.00967 ], [ 100.964142, 38.011041 ], [ 100.972897, 38.007774 ], [ 100.980352, 38.006815 ], [ 100.985211, 37.99955 ], [ 100.991608, 37.998111 ], [ 100.997572, 37.988401 ], [ 101.00421, 37.986093 ], [ 101.020998, 37.975467 ], [ 101.025182, 37.974438 ], [ 101.031291, 37.976015 ] ] ] ] } },
{ "type": "Feature", "properties": { "adcode": 620723, "name": "临泽县", "center": [ 100.166333, 39.152151 ], "centroid": [ 100.176927, 39.346212 ], "childrenNum": 0, "level": "district", "parent": { "adcode": 620700 }, "subFeatureIndex": 3, "acroutes": [ 100000, 620000, 620700 ] }, "geometry": { "type": "MultiPolygon", "coordinates": [ [ [ [ 100.499102, 39.400543 ], [ 100.500545, 39.48137 ], [ 100.443257, 39.4856 ], [ 100.326276, 39.509112 ], [ 100.301071, 39.572317 ], [ 100.314202, 39.606925 ], [ 100.277598, 39.651851 ], [ 100.250036, 39.68508 ], [ 100.127908, 39.702168 ], [ 100.118047, 39.706808 ], [ 100.116844, 39.701053 ], [ 100.113285, 39.694673 ], [ 100.111168, 39.68209 ], [ 100.102606, 39.676713 ], [ 100.100009, 39.672205 ], [ 100.09568, 39.670085 ], [ 100.084184, 39.667876 ], [ 100.065954, 39.657788 ], [ 100.047916, 39.652007 ], [ 100.037814, 39.65002 ], [ 100.029108, 39.646002 ], [ 100.025212, 39.646293 ], [ 100.009483, 39.64243 ], [ 100.005683, 39.639126 ], [ 100.002893, 39.629525 ], [ 99.979035, 39.60956 ], [ 99.967347, 39.593924 ], [ 99.958111, 39.584719 ], [ 99.953638, 39.581725 ], [ 99.949982, 39.572451 ], [ 99.952051, 39.562305 ], [ 99.957149, 39.553722 ], [ 99.959458, 39.538229 ], [ 99.954071, 39.491797 ], [ 99.95359, 39.481505 ], [ 99.951329, 39.469331 ], [ 99.947, 39.432012 ], [ 99.943681, 39.406458 ], [ 99.943344, 39.387638 ], [ 99.937668, 39.369957 ], [ 99.937476, 39.366931 ], [ 99.955995, 39.363098 ], [ 99.953205, 39.355813 ], [ 99.949597, 39.355791 ], [ 99.932233, 39.351756 ], [ 99.929106, 39.348281 ], [ 99.931656, 39.346644 ], [ 99.938005, 39.327854 ], [ 99.943392, 39.320408 ], [ 99.952291, 39.315271 ], [ 99.967106, 39.303293 ], [ 99.940073, 39.294363 ], [ 99.927567, 39.293578 ], [ 99.924008, 39.289651 ], [ 99.927663, 39.267097 ], [ 99.942767, 39.254033 ], [ 99.939304, 39.248353 ], [ 99.92343, 39.231939 ], [ 99.918236, 39.230973 ], [ 99.913377, 39.233219 ], [ 99.909722, 39.230389 ], [ 99.903661, 39.21314 ], [ 99.889471, 39.200133 ], [ 99.873117, 39.186921 ], [ 99.867345, 39.177752 ], [ 99.860322, 39.169953 ], [ 99.877831, 39.167503 ], [ 99.884084, 39.16566 ], [ 99.888461, 39.159411 ], [ 99.901689, 39.155252 ], [ 99.90722, 39.145157 ], [ 99.914917, 39.145247 ], [ 99.916215, 39.135825 ], [ 99.918813, 39.131845 ], [ 99.924825, 39.127797 ], [ 99.932137, 39.12548 ], [ 99.937861, 39.120667 ], [ 99.945701, 39.121567 ], [ 99.951473, 39.119835 ], [ 99.953349, 39.114212 ], [ 99.963018, 39.114526 ], [ 99.963787, 39.105641 ], [ 99.967683, 39.101366 ], [ 99.975716, 39.098036 ], [ 99.980671, 39.092119 ], [ 99.981969, 39.085773 ], [ 99.979757, 39.07353 ], [ 99.987501, 39.069231 ], [ 99.99005, 39.062185 ], [ 100.022951, 39.064189 ], [ 100.028435, 39.061825 ], [ 100.034399, 39.051784 ], [ 100.041133, 39.043656 ], [ 100.042095, 39.037441 ], [ 100.027136, 39.024447 ], [ 100.025308, 39.015324 ], [ 100.020065, 39.002618 ], [ 100.015015, 38.995161 ], [ 100.006164, 38.98777 ], [ 99.99741, 38.982474 ], [ 99.993321, 38.976839 ], [ 99.978458, 38.963901 ], [ 99.978554, 38.962256 ], [ 99.986876, 38.955402 ], [ 99.98904, 38.95565 ], [ 99.99741, 38.962391 ], [ 100.000681, 38.962729 ], [ 100.018863, 38.956124 ], [ 100.025308, 38.952156 ], [ 100.039498, 38.960768 ], [ 100.050369, 38.956778 ], [ 100.076247, 38.963157 ], [ 100.082981, 38.96877 ], [ 100.086589, 38.979386 ], [ 100.090581, 38.982947 ], [ 100.101741, 38.988716 ], [ 100.107368, 38.992276 ], [ 100.127523, 38.995003 ], [ 100.129591, 38.992795 ], [ 100.145561, 38.992997 ], [ 100.15191, 38.994349 ], [ 100.176297, 38.995296 ], [ 100.197125, 38.995161 ], [ 100.216317, 38.997166 ], [ 100.229737, 39.001154 ], [ 100.233826, 39.007913 ], [ 100.232575, 39.019874 ], [ 100.222426, 39.03046 ], [ 100.218049, 39.037666 ], [ 100.211026, 39.052077 ], [ 100.201935, 39.06653 ], [ 100.196932, 39.079517 ], [ 100.193421, 39.08503 ], [ 100.197269, 39.088856 ], [ 100.196932, 39.096281 ], [ 100.198472, 39.100939 ], [ 100.19015, 39.105551 ], [ 100.183127, 39.107463 ], [ 100.18813, 39.117406 ], [ 100.189717, 39.126447 ], [ 100.193469, 39.133644 ], [ 100.191497, 39.139671 ], [ 100.194094, 39.143493 ], [ 100.20458, 39.147563 ], [ 100.211122, 39.156466 ], [ 100.215644, 39.158264 ], [ 100.225023, 39.167054 ], [ 100.225312, 39.174179 ], [ 100.222618, 39.17755 ], [ 100.222282, 39.187752 ], [ 100.220021, 39.193392 ], [ 100.219251, 39.200605 ], [ 100.221993, 39.214263 ], [ 100.229545, 39.217026 ], [ 100.262013, 39.212331 ], [ 100.275048, 39.201908 ], [ 100.277117, 39.197414 ], [ 100.27702, 39.190426 ], [ 100.282889, 39.182854 ], [ 100.287939, 39.180494 ], [ 100.305015, 39.177617 ], [ 100.312134, 39.172718 ], [ 100.319253, 39.165076 ], [ 100.325458, 39.161546 ], [ 100.335655, 39.159478 ], [ 100.349028, 39.159366 ], [ 100.35023, 39.156826 ], [ 100.359369, 39.156084 ], [ 100.369663, 39.153206 ], [ 100.382265, 39.146011 ], [ 100.388518, 39.146079 ], [ 100.401361, 39.134589 ], [ 100.401939, 39.128786 ], [ 100.409683, 39.129394 ], [ 100.417475, 39.131935 ], [ 100.439457, 39.142526 ], [ 100.44725, 39.152149 ], [ 100.446817, 39.161794 ], [ 100.437678, 39.174673 ], [ 100.438399, 39.183123 ], [ 100.453262, 39.199863 ], [ 100.461343, 39.221608 ], [ 100.466682, 39.228548 ], [ 100.4827, 39.244334 ], [ 100.486789, 39.249475 ], [ 100.488809, 39.254908 ], [ 100.488905, 39.270015 ], [ 100.490829, 39.278903 ], [ 100.490733, 39.29037 ], [ 100.492272, 39.304055 ], [ 100.497659, 39.324512 ], [ 100.499247, 39.34003 ], [ 100.497948, 39.356127 ], [ 100.497323, 39.373789 ], [ 100.495976, 39.389632 ], [ 100.49713, 39.401507 ], [ 100.499102, 39.400543 ] ] ] ] } },
{ "type": "Feature", "properties": { "adcode": 620724, "name": "高台县", "center": [ 99.81665, 39.376308 ], "centroid": [ 99.593611, 39.540119 ], "childrenNum": 0, "level": "district", "parent": { "adcode": 620700 }, "subFeatureIndex": 4, "acroutes": [ 100000, 620000, 620700 ] }, "geometry": { "type": "MultiPolygon", "coordinates": [ [ [ [ 100.118047, 39.706808 ], [ 100.040749, 39.75704 ], [ 99.958688, 39.769454 ], [ 99.904382, 39.785786 ], [ 99.821986, 39.860067 ], [ 99.778358, 39.865786 ], [ 99.748103, 39.872372 ], [ 99.712027, 39.877601 ], [ 99.690237, 39.885877 ], [ 99.672536, 39.888057 ], [ 99.648726, 39.886099 ], [ 99.610005, 39.883964 ], [ 99.56681, 39.882095 ], [ 99.532899, 39.879714 ], [ 99.488021, 39.876021 ], [ 99.469117, 39.875331 ], [ 99.45613, 39.877312 ], [ 99.444489, 39.874286 ], [ 99.424864, 39.874931 ], [ 99.400381, 39.872439 ], [ 99.385999, 39.869947 ], [ 99.381189, 39.870258 ], [ 99.365315, 39.868478 ], [ 99.358725, 39.866765 ], [ 99.343526, 39.858086 ], [ 99.320485, 39.847714 ], [ 99.311779, 39.8458 ], [ 99.287488, 39.84186 ], [ 99.279118, 39.841994 ], [ 99.247708, 39.838009 ], [ 99.24386, 39.84442 ], [ 99.237896, 39.850096 ], [ 99.229863, 39.851609 ], [ 99.223754, 39.846112 ], [ 99.220435, 39.840458 ], [ 99.215721, 39.839857 ], [ 99.212499, 39.834848 ], [ 99.206245, 39.829994 ], [ 99.197491, 39.813049 ], [ 99.193162, 39.80913 ], [ 99.181762, 39.807147 ], [ 99.148236, 39.799998 ], [ 99.140972, 39.801446 ], [ 99.113844, 39.835048 ], [ 99.102299, 39.841482 ], [ 99.088783, 39.839879 ], [ 99.083299, 39.837297 ], [ 99.071419, 39.846089 ], [ 99.069158, 39.850096 ], [ 99.055449, 39.850274 ], [ 99.045829, 39.852767 ], [ 99.026829, 39.853969 ], [ 99.005472, 39.841905 ], [ 99.001143, 39.837274 ], [ 98.987146, 39.832733 ], [ 98.976756, 39.822246 ], [ 98.970503, 39.811334 ], [ 98.964683, 39.794719 ], [ 98.960065, 39.788593 ], [ 98.959199, 39.779793 ], [ 98.992292, 39.762768 ], [ 98.998498, 39.758534 ], [ 99.001143, 39.754566 ], [ 99.008887, 39.750109 ], [ 99.083396, 39.71138 ], [ 99.156317, 39.711068 ], [ 99.218848, 39.662855 ], [ 99.317118, 39.633165 ], [ 99.32467, 39.631267 ], [ 99.369211, 39.635844 ], [ 99.38013, 39.661538 ], [ 99.431069, 39.652409 ], [ 99.495284, 39.649507 ], [ 99.517122, 39.621129 ], [ 99.553438, 39.490298 ], [ 99.557863, 39.4203 ], [ 99.54502, 39.400924 ], [ 99.499709, 39.394091 ], [ 99.480758, 39.387974 ], [ 99.457477, 39.37361 ], [ 99.42015, 39.362874 ], [ 99.389991, 39.368119 ], [ 99.326354, 39.398482 ], [ 99.264159, 39.438058 ], [ 99.242562, 39.448245 ], [ 99.256222, 39.427444 ], [ 99.28542, 39.38896 ], [ 99.308075, 39.357495 ], [ 99.305189, 39.333101 ], [ 99.29302, 39.300107 ], [ 99.280754, 39.289158 ], [ 99.246987, 39.285568 ], [ 99.207256, 39.283795 ], [ 99.199559, 39.280272 ], [ 99.198982, 39.275918 ], [ 99.205091, 39.263551 ], [ 99.210575, 39.242897 ], [ 99.213605, 39.226616 ], [ 99.213316, 39.218419 ], [ 99.207159, 39.205727 ], [ 99.192296, 39.189999 ], [ 99.1846, 39.179887 ], [ 99.176279, 39.171594 ], [ 99.175365, 39.168312 ], [ 99.185466, 39.160153 ], [ 99.185081, 39.155836 ], [ 99.194509, 39.1546 ], [ 99.206678, 39.157298 ], [ 99.211921, 39.160692 ], [ 99.217164, 39.161187 ], [ 99.236934, 39.159636 ], [ 99.253288, 39.153498 ], [ 99.264303, 39.146978 ], [ 99.267237, 39.141784 ], [ 99.277002, 39.113109 ], [ 99.289412, 39.105258 ], [ 99.306825, 39.097091 ], [ 99.314809, 39.091669 ], [ 99.328229, 39.086628 ], [ 99.330683, 39.081812 ], [ 99.330105, 39.07344 ], [ 99.3353, 39.071752 ], [ 99.342612, 39.072675 ], [ 99.364546, 39.071864 ], [ 99.399852, 39.077446 ], [ 99.42496, 39.08575 ], [ 99.428953, 39.087596 ], [ 99.428712, 39.091691 ], [ 99.42496, 39.099139 ], [ 99.42573, 39.109105 ], [ 99.430877, 39.112862 ], [ 99.439631, 39.113042 ], [ 99.456467, 39.11203 ], [ 99.461661, 39.110725 ], [ 99.468732, 39.103436 ], [ 99.475274, 39.100376 ], [ 99.478593, 39.100826 ], [ 99.484173, 39.10888 ], [ 99.488983, 39.112659 ], [ 99.498459, 39.123659 ], [ 99.504952, 39.134274 ], [ 99.511542, 39.138254 ], [ 99.522846, 39.141874 ], [ 99.520345, 39.150373 ], [ 99.527223, 39.163345 ], [ 99.530927, 39.168267 ], [ 99.537084, 39.16865 ], [ 99.544828, 39.163052 ], [ 99.544491, 39.178202 ], [ 99.545549, 39.194673 ], [ 99.546896, 39.247073 ], [ 99.548868, 39.251676 ], [ 99.556901, 39.254123 ], [ 99.570658, 39.256749 ], [ 99.581, 39.256884 ], [ 99.598316, 39.253651 ], [ 99.601683, 39.251743 ], [ 99.619817, 39.24943 ], [ 99.629678, 39.249924 ], [ 99.633959, 39.245142 ], [ 99.645022, 39.240786 ], [ 99.651564, 39.239506 ], [ 99.66003, 39.241146 ], [ 99.680521, 39.238451 ], [ 99.68283, 39.241078 ], [ 99.699617, 39.244042 ], [ 99.7127, 39.241999 ], [ 99.719819, 39.236947 ], [ 99.729006, 39.233376 ], [ 99.742763, 39.225651 ], [ 99.748151, 39.220395 ], [ 99.75628, 39.216711 ], [ 99.773067, 39.20521 ], [ 99.775472, 39.201593 ], [ 99.783745, 39.195617 ], [ 99.796203, 39.195212 ], [ 99.811836, 39.192157 ], [ 99.825497, 39.18782 ], [ 99.834107, 39.182089 ], [ 99.839013, 39.176988 ], [ 99.850413, 39.175235 ], [ 99.860322, 39.169953 ], [ 99.867345, 39.177752 ], [ 99.873117, 39.186921 ], [ 99.889471, 39.200133 ], [ 99.903661, 39.21314 ], [ 99.909722, 39.230389 ], [ 99.913377, 39.233219 ], [ 99.918236, 39.230973 ], [ 99.92343, 39.231939 ], [ 99.939304, 39.248353 ], [ 99.942767, 39.254033 ], [ 99.927663, 39.267097 ], [ 99.924008, 39.289651 ], [ 99.927567, 39.293578 ], [ 99.940073, 39.294363 ], [ 99.967106, 39.303293 ], [ 99.952291, 39.315271 ], [ 99.943392, 39.320408 ], [ 99.938005, 39.327854 ], [ 99.931656, 39.346644 ], [ 99.929106, 39.348281 ], [ 99.932233, 39.351756 ], [ 99.949597, 39.355791 ], [ 99.953205, 39.355813 ], [ 99.955995, 39.363098 ], [ 99.937476, 39.366931 ], [ 99.937668, 39.369957 ], [ 99.943344, 39.387638 ], [ 99.943681, 39.406458 ], [ 99.947, 39.432012 ], [ 99.951329, 39.469331 ], [ 99.95359, 39.481505 ], [ 99.954071, 39.491797 ], [ 99.959458, 39.538229 ], [ 99.957149, 39.553722 ], [ 99.952051, 39.562305 ], [ 99.949982, 39.572451 ], [ 99.953638, 39.581725 ], [ 99.958111, 39.584719 ], [ 99.967347, 39.593924 ], [ 99.979035, 39.60956 ], [ 100.002893, 39.629525 ], [ 100.005683, 39.639126 ], [ 100.009483, 39.64243 ], [ 100.025212, 39.646293 ], [ 100.029108, 39.646002 ], [ 100.037814, 39.65002 ], [ 100.047916, 39.652007 ], [ 100.065954, 39.657788 ], [ 100.084184, 39.667876 ], [ 100.09568, 39.670085 ], [ 100.100009, 39.672205 ], [ 100.102606, 39.676713 ], [ 100.111168, 39.68209 ], [ 100.113285, 39.694673 ], [ 100.116844, 39.701053 ], [ 100.118047, 39.706808 ] ] ] ] } },
{ "type": "Feature", "properties": { "adcode": 620725, "name": "山丹县", "center": [ 101.088442, 38.784839 ], "centroid": [ 101.178076, 38.523105 ], "childrenNum": 0, "level": "district", "parent": { "adcode": 620700 }, "subFeatureIndex": 5, "acroutes": [ 100000, 620000, 620700 ] }, "geometry": { "type": "MultiPolygon", "coordinates": [ [ [ [ 101.385458, 38.065774 ], [ 101.386228, 38.071252 ], [ 101.403641, 38.102354 ], [ 101.402438, 38.132963 ], [ 101.409942, 38.15182 ], [ 101.419562, 38.164107 ], [ 101.4414, 38.179857 ], [ 101.460255, 38.197608 ], [ 101.46266, 38.201458 ], [ 101.478197, 38.207404 ], [ 101.487288, 38.21925 ], [ 101.491232, 38.228337 ], [ 101.487962, 38.238175 ], [ 101.468, 38.250721 ], [ 101.443276, 38.260283 ], [ 101.433848, 38.26611 ], [ 101.4186, 38.272643 ], [ 101.416339, 38.275556 ], [ 101.415089, 38.28384 ], [ 101.403592, 38.284341 ], [ 101.399504, 38.287641 ], [ 101.398061, 38.303272 ], [ 101.392241, 38.316285 ], [ 101.376993, 38.317467 ], [ 101.347074, 38.317308 ], [ 101.342841, 38.33075 ], [ 101.34159, 38.346395 ], [ 101.339426, 38.360559 ], [ 101.336684, 38.36572 ], [ 101.33779, 38.369766 ], [ 101.342697, 38.370243 ], [ 101.356357, 38.364856 ], [ 101.361216, 38.368857 ], [ 101.370162, 38.370107 ], [ 101.367276, 38.382403 ], [ 101.37098, 38.388038 ], [ 101.381177, 38.387652 ], [ 101.386998, 38.390038 ], [ 101.394742, 38.388538 ], [ 101.404699, 38.390584 ], [ 101.415233, 38.394492 ], [ 101.426344, 38.394287 ], [ 101.442554, 38.387493 ], [ 101.447268, 38.388448 ], [ 101.466941, 38.400763 ], [ 101.487432, 38.412531 ], [ 101.518506, 38.436266 ], [ 101.523749, 38.445236 ], [ 101.525095, 38.452797 ], [ 101.529665, 38.462582 ], [ 101.52447, 38.466395 ], [ 101.511627, 38.463739 ], [ 101.503979, 38.463785 ], [ 101.501574, 38.470458 ], [ 101.501141, 38.48301 ], [ 101.50244, 38.487004 ], [ 101.510713, 38.493017 ], [ 101.533561, 38.489886 ], [ 101.541738, 38.491724 ], [ 101.547318, 38.498622 ], [ 101.543999, 38.513414 ], [ 101.538131, 38.525118 ], [ 101.52827, 38.535324 ], [ 101.517351, 38.544599 ], [ 101.516293, 38.548295 ], [ 101.541835, 38.564278 ], [ 101.567232, 38.575703 ], [ 101.568675, 38.57849 ], [ 101.56829, 38.586853 ], [ 101.563961, 38.603938 ], [ 101.564346, 38.608379 ], [ 101.575505, 38.621676 ], [ 101.587723, 38.639228 ], [ 101.591427, 38.642353 ], [ 101.60374, 38.645025 ], [ 101.608358, 38.647697 ], [ 101.613072, 38.655712 ], [ 101.605809, 38.653131 ], [ 101.601768, 38.655123 ], [ 101.585558, 38.677896 ], [ 101.570599, 38.701951 ], [ 101.562422, 38.713014 ], [ 101.557708, 38.715027 ], [ 101.514369, 38.728463 ], [ 101.50167, 38.731652 ], [ 101.487288, 38.736446 ], [ 101.474493, 38.738052 ], [ 101.466797, 38.7428 ], [ 101.463238, 38.747911 ], [ 101.445056, 38.754513 ], [ 101.439331, 38.757316 ], [ 101.412347, 38.764189 ], [ 101.39681, 38.773208 ], [ 101.383246, 38.769795 ], [ 101.368335, 38.773298 ], [ 101.354578, 38.773863 ], [ 101.341446, 38.778768 ], [ 101.331249, 38.777321 ], [ 101.316626, 38.783717 ], [ 101.312345, 38.787152 ], [ 101.307775, 38.79418 ], [ 101.306332, 38.80193 ], [ 101.320041, 38.804348 ], [ 101.330094, 38.807737 ], [ 101.336011, 38.813949 ], [ 101.341446, 38.822239 ], [ 101.341879, 38.826169 ], [ 101.339618, 38.836355 ], [ 101.33399, 38.848503 ], [ 101.284879, 38.852839 ], [ 101.277376, 38.854374 ], [ 101.259674, 38.855096 ], [ 101.241733, 38.861553 ], [ 101.239857, 38.865752 ], [ 101.237692, 38.90732 ], [ 101.198538, 38.94325 ], [ 101.217394, 38.994057 ], [ 101.228601, 39.020753 ], [ 101.225571, 39.021789 ], [ 101.217634, 39.019154 ], [ 101.20508, 39.011945 ], [ 101.184637, 39.003542 ], [ 101.159673, 38.992434 ], [ 101.146878, 38.987972 ], [ 101.117296, 38.975172 ], [ 101.086319, 38.9685 ], [ 101.059575, 38.964532 ], [ 101.017967, 38.956552 ], [ 100.976552, 38.947105 ], [ 100.969241, 38.946993 ], [ 100.972849, 38.964194 ], [ 100.972656, 38.981865 ], [ 100.969385, 38.996648 ], [ 100.966644, 39.001965 ], [ 100.961545, 39.006088 ], [ 100.912867, 39.027262 ], [ 100.904112, 39.030145 ], [ 100.899398, 39.026924 ], [ 100.896609, 39.02037 ], [ 100.889153, 39.007395 ], [ 100.881938, 39.001514 ], [ 100.875444, 39.002416 ], [ 100.867989, 39.006786 ], [ 100.858609, 39.0094 ], [ 100.843457, 38.991623 ], [ 100.835713, 38.983848 ], [ 100.822581, 38.973977 ], [ 100.811422, 38.962887 ], [ 100.800695, 38.954523 ], [ 100.790161, 38.942956 ], [ 100.783764, 38.932606 ], [ 100.771787, 38.917178 ], [ 100.760291, 38.904929 ], [ 100.745235, 38.893625 ], [ 100.738789, 38.884079 ], [ 100.73345, 38.878775 ], [ 100.733065, 38.873201 ], [ 100.735519, 38.865707 ], [ 100.72763, 38.852229 ], [ 100.71724, 38.836265 ], [ 100.705359, 38.820432 ], [ 100.68939, 38.805274 ], [ 100.714498, 38.796982 ], [ 100.734797, 38.792734 ], [ 100.785207, 38.786113 ], [ 100.796655, 38.787785 ], [ 100.808584, 38.785797 ], [ 100.827969, 38.775536 ], [ 100.833596, 38.765477 ], [ 100.841822, 38.759939 ], [ 100.849662, 38.758311 ], [ 100.858753, 38.758695 ], [ 100.882563, 38.754694 ], [ 100.907383, 38.754468 ], [ 100.915801, 38.75501 ], [ 100.923738, 38.753269 ], [ 100.931241, 38.746961 ], [ 100.941294, 38.730091 ], [ 100.949616, 38.720501 ], [ 100.966499, 38.711928 ], [ 100.967846, 38.706838 ], [ 100.959188, 38.698625 ], [ 100.95356, 38.697674 ], [ 100.949856, 38.694371 ], [ 100.948125, 38.688917 ], [ 100.948317, 38.681336 ], [ 100.950434, 38.665922 ], [ 100.953849, 38.652972 ], [ 100.954378, 38.645863 ], [ 100.958082, 38.626953 ], [ 100.961593, 38.621812 ], [ 100.959717, 38.613838 ], [ 100.959958, 38.607178 ], [ 100.965104, 38.593289 ], [ 100.96674, 38.585901 ], [ 100.968087, 38.56684 ], [ 100.971838, 38.560311 ], [ 100.98954, 38.539383 ], [ 100.994927, 38.524778 ], [ 100.996274, 38.50595 ], [ 100.998871, 38.49397 ], [ 100.997332, 38.476746 ], [ 101.002527, 38.466985 ], [ 101.003056, 38.452456 ], [ 101.005653, 38.44015 ], [ 101.003296, 38.428636 ], [ 101.004547, 38.418778 ], [ 101.001517, 38.412236 ], [ 100.99536, 38.410941 ], [ 100.990646, 38.415053 ], [ 100.986317, 38.424934 ], [ 100.984345, 38.425047 ], [ 100.981459, 38.404875 ], [ 100.979198, 38.401717 ], [ 100.971502, 38.397309 ], [ 100.96674, 38.392447 ], [ 100.97179, 38.382607 ], [ 100.96039, 38.38638 ], [ 100.958755, 38.385243 ], [ 100.966692, 38.37638 ], [ 100.966836, 38.372948 ], [ 100.983479, 38.356467 ], [ 100.997621, 38.350488 ], [ 101.001565, 38.345827 ], [ 100.999689, 38.337141 ], [ 100.995504, 38.332683 ], [ 100.986269, 38.319651 ], [ 100.983431, 38.310575 ], [ 100.987567, 38.30946 ], [ 100.988193, 38.314897 ], [ 100.994927, 38.314692 ], [ 100.991416, 38.311712 ], [ 100.994686, 38.307481 ], [ 100.997669, 38.313055 ], [ 100.997957, 38.318173 ], [ 101.008443, 38.306958 ], [ 101.014167, 38.296219 ], [ 101.011041, 38.288733 ], [ 101.008058, 38.277377 ], [ 101.009357, 38.263356 ], [ 101.007577, 38.245758 ], [ 101.007096, 38.221026 ], [ 101.005221, 38.213077 ], [ 100.992426, 38.2036 ], [ 100.979006, 38.198724 ], [ 100.973426, 38.197995 ], [ 100.962122, 38.188471 ], [ 100.957697, 38.176461 ], [ 100.957216, 38.161805 ], [ 100.956013, 38.149928 ], [ 100.958996, 38.134263 ], [ 100.963565, 38.127262 ], [ 100.974388, 38.116611 ], [ 101.010848, 38.09398 ], [ 101.021815, 38.086314 ], [ 101.028742, 38.079696 ], [ 101.032109, 38.071571 ], [ 101.034899, 38.058218 ], [ 101.035236, 38.047648 ], [ 101.031628, 38.035615 ], [ 101.029271, 38.018738 ], [ 101.027251, 38.013074 ], [ 101.026193, 37.993861 ], [ 101.028309, 37.978917 ], [ 101.031291, 37.976015 ], [ 101.034562, 37.976586 ], [ 101.042547, 37.966439 ], [ 101.058276, 37.960268 ], [ 101.059959, 37.95597 ], [ 101.073861, 37.943556 ], [ 101.077131, 37.941842 ], [ 101.09161, 37.94031 ], [ 101.10301, 37.946528 ], [ 101.11061, 37.937269 ], [ 101.114313, 37.928534 ], [ 101.114698, 37.919569 ], [ 101.129706, 37.924257 ], [ 101.13466, 37.930271 ], [ 101.139037, 37.941796 ], [ 101.15087, 37.961753 ], [ 101.153131, 37.971307 ], [ 101.162751, 37.982642 ], [ 101.175931, 37.990411 ], [ 101.190505, 37.997426 ], [ 101.210371, 38.004965 ], [ 101.219895, 38.009419 ], [ 101.231199, 38.024836 ], [ 101.241781, 38.032236 ], [ 101.257943, 38.035113 ], [ 101.277809, 38.036711 ], [ 101.293249, 38.036643 ], [ 101.321965, 38.035204 ], [ 101.32918, 38.033811 ], [ 101.344284, 38.037876 ], [ 101.350008, 38.041346 ], [ 101.359243, 38.049749 ], [ 101.365881, 38.053881 ], [ 101.382188, 38.059474 ], [ 101.385458, 38.065774 ] ] ] ] } },
{ "type": "Feature", "properties": { "adcode": 620902, "name": "肃州区", "center": [ 98.511155, 39.743858 ], "centroid": [ 98.793103, 39.603588 ], "childrenNum": 0, "level": "district", "parent": { "adcode": 620900 }, "subFeatureIndex": 0, "acroutes": [ 100000, 620000, 620900 ] }, "geometry": { "type": "MultiPolygon", "coordinates": [ [ [ [ 98.466971, 39.969751 ], [ 98.474796, 39.969283 ], [ 98.497242, 39.949827 ], [ 98.493922, 39.92863 ], [ 98.497953, 39.915777 ], [ 98.520004, 39.909444 ], [ 98.513997, 39.898653 ], [ 98.518818, 39.892928 ], [ 98.484596, 39.86439 ], [ 98.492658, 39.845186 ], [ 98.490208, 39.839927 ], [ 98.468789, 39.831238 ], [ 98.456302, 39.823393 ], [ 98.355611, 39.780022 ], [ 98.353082, 39.774898 ], [ 98.360195, 39.756986 ], [ 98.37703, 39.746923 ], [ 98.390228, 39.742832 ], [ 98.406905, 39.730979 ], [ 98.408565, 39.718701 ], [ 98.41386, 39.710373 ], [ 98.391256, 39.690703 ], [ 98.381772, 39.663823 ], [ 98.356955, 39.630386 ], [ 98.330162, 39.569545 ], [ 98.362329, 39.542618 ], [ 98.39663, 39.535543 ], [ 98.395682, 39.517144 ], [ 98.382325, 39.505536 ], [ 98.394733, 39.507329 ], [ 98.402005, 39.514407 ], [ 98.403901, 39.537477 ], [ 98.410066, 39.550919 ], [ 98.434172, 39.577465 ], [ 98.549721, 39.509783 ], [ 98.530595, 39.486751 ], [ 98.539763, 39.483163 ], [ 98.533519, 39.476176 ], [ 98.515578, 39.480378 ], [ 98.511152, 39.474099 ], [ 98.526406, 39.467489 ], [ 98.553357, 39.47018 ], [ 98.579754, 39.481936 ], [ 98.569954, 39.469897 ], [ 98.560944, 39.467583 ], [ 98.57027, 39.460595 ], [ 98.58916, 39.453842 ], [ 98.602991, 39.451764 ], [ 98.612238, 39.444538 ], [ 98.636265, 39.441987 ], [ 98.660449, 39.43646 ], [ 98.680682, 39.424555 ], [ 98.710399, 39.414822 ], [ 98.728498, 39.399227 ], [ 98.759559, 39.386465 ], [ 98.779002, 39.37266 ], [ 98.800341, 39.360413 ], [ 98.81765, 39.352751 ], [ 98.816148, 39.347549 ], [ 98.826897, 39.350387 ], [ 98.838752, 39.344191 ], [ 98.866573, 39.324274 ], [ 98.880957, 39.329999 ], [ 98.897713, 39.323896 ], [ 98.902138, 39.316514 ], [ 98.906406, 39.332506 ], [ 98.93146, 39.329668 ], [ 98.951298, 39.331229 ], [ 98.97572, 39.330756 ], [ 98.985441, 39.31287 ], [ 99.008599, 39.306008 ], [ 99.020533, 39.306103 ], [ 99.023536, 39.300376 ], [ 99.046377, 39.28556 ], [ 99.049934, 39.274671 ], [ 99.060288, 39.257908 ], [ 99.068428, 39.257671 ], [ 99.080679, 39.267758 ], [ 99.099094, 39.26075 ], [ 99.120433, 39.261129 ], [ 99.138532, 39.251941 ], [ 99.141299, 39.24602 ], [ 99.143591, 39.208164 ], [ 99.179156, 39.181619 ], [ 99.162164, 39.165402 ], [ 99.157264, 39.155396 ], [ 99.171332, 39.160091 ], [ 99.176232, 39.171567 ], [ 99.207135, 39.205747 ], [ 99.213616, 39.226597 ], [ 99.20508, 39.263544 ], [ 99.198994, 39.27595 ], [ 99.207214, 39.283809 ], [ 99.246968, 39.28556 ], [ 99.280716, 39.289158 ], [ 99.292967, 39.300092 ], [ 99.305138, 39.333074 ], [ 99.308063, 39.357481 ], [ 99.285458, 39.38897 ], [ 99.256216, 39.427437 ], [ 99.235904, 39.458423 ], [ 99.183345, 39.475421 ], [ 99.173861, 39.481983 ], [ 99.135292, 39.503648 ], [ 99.117272, 39.507848 ], [ 99.106128, 39.514077 ], [ 99.097513, 39.530731 ], [ 99.072854, 39.55488 ], [ 99.056494, 39.587694 ], [ 99.064714, 39.609986 ], [ 99.063765, 39.616818 ], [ 99.053649, 39.623178 ], [ 99.036261, 39.628831 ], [ 99.025117, 39.629679 ], [ 99.001169, 39.622801 ], [ 98.977854, 39.619598 ], [ 98.946714, 39.594953 ], [ 98.938099, 39.577889 ], [ 98.872184, 39.59401 ], [ 98.865071, 39.590994 ], [ 98.816148, 39.592078 ], [ 98.810695, 39.600891 ], [ 98.80453, 39.627088 ], [ 98.80785, 39.643716 ], [ 98.824684, 39.676441 ], [ 98.856219, 39.669049 ], [ 98.88151, 39.665424 ], [ 98.905379, 39.667307 ], [ 98.917787, 39.665 ], [ 98.949797, 39.665707 ], [ 98.94948, 39.70148 ], [ 98.95604, 39.74001 ], [ 98.960071, 39.788623 ], [ 98.970504, 39.811367 ], [ 98.984651, 39.831097 ], [ 98.978961, 39.834479 ], [ 98.982675, 39.849366 ], [ 98.977617, 39.872418 ], [ 98.963154, 39.896541 ], [ 98.956989, 39.898934 ], [ 98.886015, 39.901984 ], [ 98.87827, 39.90372 ], [ 98.856535, 39.902453 ], [ 98.842783, 39.899028 ], [ 98.828794, 39.89992 ], [ 98.794335, 39.911931 ], [ 98.771652, 39.922767 ], [ 98.746518, 39.919483 ], [ 98.720674, 39.91878 ], [ 98.709609, 39.91634 ], [ 98.691273, 39.931726 ], [ 98.665824, 39.934586 ], [ 98.66282, 39.930272 ], [ 98.647567, 39.923986 ], [ 98.634763, 39.931679 ], [ 98.632866, 39.944153 ], [ 98.60797, 39.954937 ], [ 98.591847, 39.971392 ], [ 98.583706, 39.976407 ], [ 98.572878, 39.975892 ], [ 98.562999, 39.970642 ], [ 98.551223, 39.978516 ], [ 98.520241, 39.985265 ], [ 98.501589, 39.982219 ], [ 98.493685, 39.976642 ], [ 98.474717, 39.97636 ], [ 98.466971, 39.969751 ] ] ] ] } },
{ "type": "Feature", "properties": { "adcode": 620921, "name": "金塔县", "center": [ 98.902959, 39.983036 ], "centroid": [ 99.175125, 40.374492 ], "childrenNum": 0, "level": "district", "parent": { "adcode": 620900 }, "subFeatureIndex": 1, "acroutes": [ 100000, 620000, 620900 ] }, "geometry": { "type": "MultiPolygon", "coordinates": [ [ [ [ 98.332217, 40.919475 ], [ 98.300366, 40.869357 ], [ 98.270174, 40.82545 ], [ 98.249862, 40.786376 ], [ 98.187266, 40.661175 ], [ 98.16648, 40.621773 ], [ 98.155099, 40.493425 ], [ 98.153518, 40.444987 ], [ 98.127516, 40.413887 ], [ 98.076222, 40.355651 ], [ 98.027141, 40.283275 ], [ 98.100249, 40.223666 ], [ 98.124671, 40.136234 ], [ 98.124671, 40.133054 ], [ 98.064683, 40.017172 ], [ 98.061443, 39.999651 ], [ 98.062944, 39.999698 ], [ 98.161975, 39.971579 ], [ 98.285033, 39.96347 ], [ 98.302262, 39.963048 ], [ 98.301946, 39.959907 ], [ 98.32945, 39.955875 ], [ 98.371734, 39.957516 ], [ 98.392599, 39.965767 ], [ 98.406984, 39.963095 ], [ 98.420657, 39.955359 ], [ 98.44413, 39.955781 ], [ 98.466102, 39.965954 ], [ 98.466971, 39.969751 ], [ 98.474717, 39.97636 ], [ 98.493685, 39.976642 ], [ 98.501589, 39.982219 ], [ 98.520241, 39.985265 ], [ 98.551223, 39.978516 ], [ 98.562999, 39.970642 ], [ 98.572878, 39.975892 ], [ 98.583706, 39.976407 ], [ 98.591847, 39.971392 ], [ 98.60797, 39.954937 ], [ 98.632866, 39.944153 ], [ 98.634763, 39.931679 ], [ 98.647567, 39.923986 ], [ 98.66282, 39.930272 ], [ 98.665824, 39.934586 ], [ 98.691273, 39.931726 ], [ 98.709609, 39.91634 ], [ 98.720674, 39.91878 ], [ 98.746518, 39.919483 ], [ 98.771652, 39.922767 ], [ 98.794335, 39.911931 ], [ 98.828794, 39.89992 ], [ 98.842783, 39.899028 ], [ 98.856535, 39.902453 ], [ 98.87827, 39.90372 ], [ 98.886015, 39.901984 ], [ 98.956989, 39.898934 ], [ 98.963154, 39.896541 ], [ 98.977617, 39.872418 ], [ 98.982675, 39.849366 ], [ 98.978961, 39.834479 ], [ 98.984651, 39.831097 ], [ 99.001169, 39.837297 ], [ 99.005437, 39.841899 ], [ 99.026856, 39.853967 ], [ 99.06914, 39.85007 ], [ 99.083287, 39.837297 ], [ 99.102255, 39.841476 ], [ 99.113873, 39.835042 ], [ 99.140982, 39.801453 ], [ 99.148254, 39.799996 ], [ 99.193146, 39.809112 ], [ 99.206265, 39.830017 ], [ 99.220413, 39.840443 ], [ 99.229897, 39.851619 ], [ 99.237879, 39.85007 ], [ 99.24768, 39.838001 ], [ 99.287513, 39.841852 ], [ 99.320471, 39.847722 ], [ 99.358724, 39.866784 ], [ 99.424876, 39.874952 ], [ 99.444477, 39.874295 ], [ 99.455937, 39.87744 ], [ 99.440999, 39.885935 ], [ 99.443054, 39.892365 ], [ 99.459652, 39.89809 ], [ 99.473009, 39.895086 ], [ 99.491266, 39.88434 ], [ 99.505413, 39.883589 ], [ 99.524698, 39.888094 ], [ 99.553466, 39.904283 ], [ 99.563425, 39.90677 ], [ 99.621278, 39.928255 ], [ 99.639931, 39.937775 ], [ 99.659057, 39.944575 ], [ 99.668699, 39.952124 ], [ 99.694702, 39.961454 ], [ 99.713987, 39.972142 ], [ 99.723866, 39.982734 ], [ 99.745759, 39.998151 ], [ 99.751212, 40.006866 ], [ 99.821948, 40.011129 ], [ 99.84147, 40.013331 ], [ 99.859806, 40.01928 ], [ 99.881383, 40.030848 ], [ 99.927618, 40.063951 ], [ 99.956308, 40.15199 ], [ 99.961761, 40.160591 ], [ 99.98974, 40.188211 ], [ 100.007602, 40.200078 ], [ 100.145913, 40.266709 ], [ 100.169624, 40.277583 ], [ 100.169703, 40.541317 ], [ 100.242573, 40.618662 ], [ 100.237278, 40.716828 ], [ 100.224711, 40.72749 ], [ 100.155318, 40.816054 ], [ 100.108055, 40.875555 ], [ 100.057157, 40.908013 ], [ 99.985788, 40.909677 ], [ 99.828429, 40.921971 ], [ 99.673204, 40.932969 ], [ 99.566033, 40.846736 ], [ 99.362676, 40.852011 ], [ 99.282376, 40.855249 ], [ 99.17473, 40.858302 ], [ 99.17315, 40.747279 ], [ 99.12565, 40.715206 ], [ 99.102097, 40.676392 ], [ 99.041635, 40.693784 ], [ 98.985204, 40.782532 ], [ 98.984098, 40.782532 ], [ 98.791094, 40.705377 ], [ 98.789039, 40.679546 ], [ 98.807059, 40.658531 ], [ 98.795915, 40.6305 ], [ 98.802633, 40.614855 ], [ 98.800341, 40.610305 ], [ 98.778923, 40.625811 ], [ 98.765408, 40.638066 ], [ 98.753315, 40.644749 ], [ 98.715616, 40.661732 ], [ 98.697596, 40.680242 ], [ 98.689613, 40.69179 ], [ 98.66859, 40.772898 ], [ 98.570033, 40.746862 ], [ 98.627966, 40.677922 ], [ 98.519372, 40.635606 ], [ 98.423897, 40.599439 ], [ 98.344309, 40.568363 ], [ 98.34178, 40.658391 ], [ 98.339172, 40.72508 ], [ 98.333165, 40.919106 ], [ 98.332217, 40.919475 ] ] ] ] } },
{ "type": "Feature", "properties": { "adcode": 620922, "name": "瓜州县", "center": [ 95.780591, 40.516525 ], "centroid": [ 95.7647, 40.734009 ], "childrenNum": 0, "level": "district", "parent": { "adcode": 620900 }, "subFeatureIndex": 2, "acroutes": [ 100000, 620000, 620900 ] }, "geometry": { "type": "MultiPolygon", "coordinates": [ [ [ [ 94.775086, 41.572905 ], [ 94.773742, 41.501943 ], [ 94.770344, 41.357168 ], [ 94.771213, 41.340914 ], [ 94.769, 41.296723 ], [ 94.770502, 41.168391 ], [ 94.773347, 41.164063 ], [ 94.767261, 41.153057 ], [ 94.770265, 41.14601 ], [ 94.801721, 41.14251 ], [ 94.818397, 41.133942 ], [ 94.825589, 41.125143 ], [ 94.823376, 41.073244 ], [ 94.830727, 41.053829 ], [ 94.838156, 41.044143 ], [ 94.829936, 40.946183 ], [ 94.811442, 40.918274 ], [ 94.811126, 40.90658 ], [ 94.815473, 40.900431 ], [ 94.835232, 40.890029 ], [ 94.840369, 40.872872 ], [ 94.852145, 40.868108 ], [ 94.852619, 40.855989 ], [ 94.859891, 40.848032 ], [ 94.871825, 40.810314 ], [ 94.879807, 40.797721 ], [ 94.881151, 40.788321 ], [ 94.891267, 40.770675 ], [ 94.898302, 40.74195 ], [ 94.901305, 40.721789 ], [ 94.899645, 40.707881 ], [ 94.888264, 40.675278 ], [ 94.884945, 40.653148 ], [ 94.882416, 40.570686 ], [ 94.891584, 40.513935 ], [ 94.891663, 40.486495 ], [ 94.895298, 40.469653 ], [ 94.91395, 40.464814 ], [ 94.989587, 40.450201 ], [ 95.016854, 40.445546 ], [ 95.067041, 40.440007 ], [ 95.134379, 40.428415 ], [ 95.178165, 40.423572 ], [ 95.222029, 40.416262 ], [ 95.277828, 40.404712 ], [ 95.267395, 40.265776 ], [ 95.293951, 40.262369 ], [ 95.333627, 40.279356 ], [ 95.372433, 40.289107 ], [ 95.393851, 40.296245 ], [ 95.462217, 40.325395 ], [ 95.461268, 40.313877 ], [ 95.453523, 40.301237 ], [ 95.443802, 40.295312 ], [ 95.451784, 40.282669 ], [ 95.43819, 40.259475 ], [ 95.421197, 40.164798 ], [ 95.425307, 40.153813 ], [ 95.43819, 40.135486 ], [ 95.436135, 40.112616 ], [ 95.453444, 40.097552 ], [ 95.458502, 40.089972 ], [ 95.460399, 40.06793 ], [ 95.482687, 40.029022 ], [ 95.504817, 40.02401 ], [ 95.50861, 40.020825 ], [ 95.518806, 39.964923 ], [ 95.521967, 39.956297 ], [ 95.559193, 39.943356 ], [ 95.637675, 39.920703 ], [ 95.672134, 39.913995 ], [ 95.740657, 39.903767 ], [ 95.784443, 39.895509 ], [ 95.874068, 39.87453 ], [ 95.904813, 39.869132 ], [ 95.956186, 39.880303 ], [ 95.966539, 39.887531 ], [ 96.000999, 39.892505 ], [ 96.03198, 39.893679 ], [ 96.061777, 39.88861 ], [ 96.113466, 39.891895 ], [ 96.153694, 39.901327 ], [ 96.213445, 39.912165 ], [ 96.265134, 39.920328 ], [ 96.327255, 39.928677 ], [ 96.341956, 39.923001 ], [ 96.339427, 39.915684 ], [ 96.343537, 39.903157 ], [ 96.354206, 39.89687 ], [ 96.367168, 39.881993 ], [ 96.383844, 39.874718 ], [ 96.399493, 39.875938 ], [ 96.421781, 39.870211 ], [ 96.484298, 39.857536 ], [ 96.507692, 39.869132 ], [ 96.504847, 39.884903 ], [ 96.514252, 39.891989 ], [ 96.540255, 39.890487 ], [ 96.542073, 39.902876 ], [ 96.554086, 39.89992 ], [ 96.587992, 39.91179 ], [ 96.604747, 39.923517 ], [ 96.612098, 39.933086 ], [ 96.638574, 39.955266 ], [ 96.644265, 39.985827 ], [ 96.649007, 39.997917 ], [ 96.666632, 40.010754 ], [ 96.695164, 40.022277 ], [ 96.735788, 40.04794 ], [ 96.740609, 40.055806 ], [ 96.745667, 40.079724 ], [ 96.759182, 40.121222 ], [ 96.767955, 40.13946 ], [ 96.767402, 40.147455 ], [ 96.774831, 40.160638 ], [ 96.792772, 40.183398 ], [ 96.81506, 40.220116 ], [ 96.811029, 40.237954 ], [ 96.813242, 40.266429 ], [ 96.806366, 40.278936 ], [ 96.811424, 40.302589 ], [ 96.819486, 40.312011 ], [ 96.819486, 40.321525 ], [ 96.829839, 40.332343 ], [ 96.84209, 40.354952 ], [ 96.844698, 40.363993 ], [ 96.866512, 40.391763 ], [ 96.868804, 40.407693 ], [ 96.875443, 40.419242 ], [ 96.888009, 40.430463 ], [ 96.903421, 40.440053 ], [ 96.906345, 40.452714 ], [ 96.899232, 40.469141 ], [ 96.897651, 40.487239 ], [ 96.902789, 40.508169 ], [ 96.91417, 40.539179 ], [ 96.914565, 40.547359 ], [ 96.922864, 40.556747 ], [ 96.916146, 40.605243 ], [ 96.918596, 40.619312 ], [ 96.917726, 40.636534 ], [ 96.925946, 40.679036 ], [ 96.938275, 40.692208 ], [ 96.935114, 40.698329 ], [ 96.941832, 40.707092 ], [ 96.936458, 40.712331 ], [ 96.957402, 40.726517 ], [ 96.962776, 40.739772 ], [ 96.981508, 40.751634 ], [ 96.984353, 40.759233 ], [ 96.97637, 40.775863 ], [ 96.941121, 40.785311 ], [ 96.926499, 40.787024 ], [ 96.866274, 40.803879 ], [ 96.835135, 40.8161 ], [ 96.786133, 40.833271 ], [ 96.781628, 40.839102 ], [ 96.763608, 40.843035 ], [ 96.686312, 40.848124 ], [ 96.665525, 40.851779 ], [ 96.621029, 40.867646 ], [ 96.587755, 40.882584 ], [ 96.573054, 40.891138 ], [ 96.57179, 40.896455 ], [ 96.540887, 40.909677 ], [ 96.500579, 40.930335 ], [ 96.472443, 40.94124 ], [ 96.4383, 40.948955 ], [ 96.386927, 41.001829 ], [ 96.364007, 41.02435 ], [ 96.336819, 41.029749 ], [ 96.322118, 41.027673 ], [ 96.310026, 41.029795 ], [ 96.283865, 41.027304 ], [ 96.264343, 41.030902 ], [ 96.25067, 41.028549 ], [ 96.208782, 41.017936 ], [ 96.151402, 41.0369 ], [ 96.056086, 41.06499 ], [ 96.036723, 41.079008 ], [ 95.97879, 41.089795 ], [ 95.905761, 41.102333 ], [ 95.880154, 41.120812 ], [ 95.873831, 41.142418 ], [ 95.851939, 41.162221 ], [ 95.837001, 41.170923 ], [ 95.82973, 41.185194 ], [ 95.816689, 41.19937 ], [ 95.810208, 41.211058 ], [ 95.814555, 41.225872 ], [ 95.795191, 41.253744 ], [ 95.794796, 41.263261 ], [ 95.788394, 41.279397 ], [ 95.782941, 41.282292 ], [ 95.778752, 41.293966 ], [ 95.771007, 41.30164 ], [ 95.775354, 41.309588 ], [ 95.769189, 41.320981 ], [ 95.770611, 41.331362 ], [ 95.749035, 41.338618 ], [ 95.73307, 41.348536 ], [ 95.726036, 41.365431 ], [ 95.709675, 41.389388 ], [ 95.704696, 41.407603 ], [ 95.694343, 41.411915 ], [ 95.691102, 41.421685 ], [ 95.682171, 41.433746 ], [ 95.6651, 41.461941 ], [ 95.65522, 41.511653 ], [ 95.651269, 41.55254 ], [ 95.64052, 41.574095 ], [ 95.635699, 41.598066 ], [ 95.629139, 41.607854 ], [ 95.626531, 41.622121 ], [ 95.605902, 41.670751 ], [ 95.608036, 41.687881 ], [ 95.608906, 41.716422 ], [ 95.606772, 41.726009 ], [ 95.611751, 41.781539 ], [ 95.603294, 41.803382 ], [ 95.571917, 41.796178 ], [ 95.562354, 41.785324 ], [ 95.53485, 41.774697 ], [ 95.510112, 41.756403 ], [ 95.469172, 41.735366 ], [ 95.445066, 41.719709 ], [ 95.421118, 41.708569 ], [ 95.394326, 41.693499 ], [ 95.359471, 41.668055 ], [ 95.335444, 41.644155 ], [ 95.327857, 41.623949 ], [ 95.313157, 41.592074 ], [ 95.308493, 41.574506 ], [ 95.300037, 41.566132 ], [ 95.295216, 41.569336 ], [ 95.250245, 41.608997 ], [ 95.227324, 41.649137 ], [ 95.22361, 41.660104 ], [ 95.215706, 41.666913 ], [ 95.211992, 41.676872 ], [ 95.194209, 41.695006 ], [ 95.192391, 41.704002 ], [ 95.199741, 41.718111 ], [ 95.197212, 41.721535 ], [ 95.164808, 41.73532 ], [ 95.14331, 41.758228 ], [ 95.137699, 41.772462 ], [ 95.110669, 41.768402 ], [ 95.011243, 41.726328 ], [ 94.968801, 41.71875 ], [ 94.862024, 41.668512 ], [ 94.809782, 41.619286 ], [ 94.775086, 41.572905 ] ] ] ] } },
{ "type": "Feature", "properties": { "adcode": 620923, "name": "肃北蒙古族自治县", "center": [ 94.87728, 39.51224 ], "centroid": [ 96.143028, 39.338284 ], "childrenNum": 0, "level": "district", "parent": { "adcode": 620900 }, "subFeatureIndex": 3, "acroutes": [ 100000, 620000, 620900 ] }, "geometry": { "type": "MultiPolygon", "coordinates": [ [ [ [ 96.698878, 38.424811 ], [ 96.701407, 38.446131 ], [ 96.708125, 38.459159 ], [ 96.703778, 38.463278 ], [ 96.666395, 38.483677 ], [ 96.666395, 38.489709 ], [ 96.680226, 38.498805 ], [ 96.700775, 38.497034 ], [ 96.712867, 38.506703 ], [ 96.749303, 38.503687 ], [ 96.7806, 38.504262 ], [ 96.795064, 38.510292 ], [ 96.800517, 38.527759 ], [ 96.795064, 38.533213 ], [ 96.772223, 38.543451 ], [ 96.767402, 38.55254 ], [ 96.783051, 38.566984 ], [ 96.805259, 38.57057 ], [ 96.814902, 38.565119 ], [ 96.80929, 38.58152 ], [ 96.799174, 38.589696 ], [ 96.794353, 38.608004 ], [ 96.813084, 38.608529 ], [ 96.835372, 38.598827 ], [ 96.846832, 38.5994 ], [ 96.876865, 38.580708 ], [ 96.899153, 38.58066 ], [ 96.910613, 38.57583 ], [ 96.925709, 38.564401 ], [ 96.960721, 38.557849 ], [ 96.975896, 38.559667 ], [ 96.986171, 38.565741 ], [ 97.030904, 38.583337 ], [ 97.055959, 38.594524 ], [ 97.050584, 38.631372 ], [ 97.049715, 38.646468 ], [ 97.034935, 38.650433 ], [ 97.047107, 38.653681 ], [ 97.05746, 38.672784 ], [ 97.04434, 38.685676 ], [ 97.038097, 38.679422 ], [ 97.019919, 38.686249 ], [ 97.009091, 38.702671 ], [ 97.014781, 38.712121 ], [ 97.012489, 38.720091 ], [ 97.021657, 38.731543 ], [ 97.023001, 38.755538 ], [ 97.000634, 38.761119 ], [ 96.995576, 38.767557 ], [ 96.987672, 38.791731 ], [ 96.989569, 38.797976 ], [ 96.987988, 38.820138 ], [ 96.993679, 38.836052 ], [ 96.989174, 38.851534 ], [ 96.990201, 38.86087 ], [ 96.983721, 38.870966 ], [ 96.993126, 38.884203 ], [ 96.966175, 38.886821 ], [ 96.9559, 38.894629 ], [ 96.951079, 38.9061 ], [ 96.940805, 38.907861 ], [ 96.940805, 38.918712 ], [ 96.949261, 38.939267 ], [ 96.938987, 38.955487 ], [ 96.939619, 38.963953 ], [ 96.948708, 38.992291 ], [ 96.965622, 39.016959 ], [ 96.966807, 39.025418 ], [ 96.957718, 39.041666 ], [ 96.963171, 39.06399 ], [ 96.958983, 39.074247 ], [ 96.969257, 39.07909 ], [ 96.96981, 39.097794 ], [ 96.989174, 39.116541 ], [ 97.011857, 39.141877 ], [ 96.997157, 39.152835 ], [ 96.995181, 39.164596 ], [ 96.989964, 39.171899 ], [ 96.97068, 39.18214 ], [ 96.970127, 39.190958 ], [ 96.963013, 39.198353 ], [ 97.017548, 39.208353 ], [ 97.047581, 39.207737 ], [ 97.060464, 39.197594 ], [ 97.08291, 39.196267 ], [ 97.141158, 39.199964 ], [ 97.163525, 39.194845 ], [ 97.193322, 39.195129 ], [ 97.220826, 39.193044 ], [ 97.239794, 39.18726 ], [ 97.274728, 39.173701 ], [ 97.300572, 39.165924 ], [ 97.315194, 39.164644 ], [ 97.342065, 39.168295 ], [ 97.355897, 39.161419 ], [ 97.365302, 39.143538 ], [ 97.378026, 39.140549 ], [ 97.401342, 39.146716 ], [ 97.414778, 39.133623 ], [ 97.430506, 39.123802 ], [ 97.430269, 39.139553 ], [ 97.426317, 39.173796 ], [ 97.412802, 39.197973 ], [ 97.395019, 39.240336 ], [ 97.402132, 39.292992 ], [ 97.397074, 39.318028 ], [ 97.409561, 39.326687 ], [ 97.429241, 39.347454 ], [ 97.436117, 39.350718 ], [ 97.4539, 39.352231 ], [ 97.477215, 39.373227 ], [ 97.480456, 39.406458 ], [ 97.482116, 39.477451 ], [ 97.505115, 39.51101 ], [ 97.510489, 39.527995 ], [ 97.520606, 39.53875 ], [ 97.552062, 39.55106 ], [ 97.569449, 39.563321 ], [ 97.573559, 39.577182 ], [ 97.585335, 39.603106 ], [ 97.609757, 39.618137 ], [ 97.619004, 39.630574 ], [ 97.603592, 39.633872 ], [ 97.590315, 39.631375 ], [ 97.571267, 39.633306 ], [ 97.566525, 39.642256 ], [ 97.55056, 39.654453 ], [ 97.513018, 39.664483 ], [ 97.494919, 39.671827 ], [ 97.482353, 39.674275 ], [ 97.467494, 39.669473 ], [ 97.440385, 39.669285 ], [ 97.417702, 39.675311 ], [ 97.414066, 39.680866 ], [ 97.391304, 39.68449 ], [ 97.369333, 39.684255 ], [ 97.332502, 39.688867 ], [ 97.322939, 39.692962 ], [ 97.312585, 39.703503 ], [ 97.256391, 39.714043 ], [ 97.227544, 39.722324 ], [ 97.213317, 39.728768 ], [ 97.184707, 39.751908 ], [ 97.178858, 39.770338 ], [ 97.167793, 39.776779 ], [ 97.138155, 39.777343 ], [ 97.117764, 39.781338 ], [ 97.095634, 39.79196 ], [ 97.087336, 39.803003 ], [ 97.068762, 39.806386 ], [ 97.016757, 39.801688 ], [ 97.00506, 39.775603 ], [ 96.997236, 39.774804 ], [ 96.978346, 39.765731 ], [ 96.959141, 39.76733 ], [ 96.945942, 39.772642 ], [ 96.927131, 39.773018 ], [ 96.904132, 39.765261 ], [ 96.885954, 39.751343 ], [ 96.867381, 39.73413 ], [ 96.849598, 39.724958 ], [ 96.818379, 39.699362 ], [ 96.819328, 39.690279 ], [ 96.790559, 39.696209 ], [ 96.758787, 39.71155 ], [ 96.718558, 39.733284 ], [ 96.714369, 39.738081 ], [ 96.705596, 39.761312 ], [ 96.681411, 39.765355 ], [ 96.65367, 39.775227 ], [ 96.638416, 39.775697 ], [ 96.61028, 39.78021 ], [ 96.577876, 39.783312 ], [ 96.528795, 39.793229 ], [ 96.522788, 39.807185 ], [ 96.507534, 39.822172 ], [ 96.484298, 39.857536 ], [ 96.421781, 39.870211 ], [ 96.399493, 39.875938 ], [ 96.383844, 39.874718 ], [ 96.367168, 39.881993 ], [ 96.354206, 39.89687 ], [ 96.343537, 39.903157 ], [ 96.339427, 39.915684 ], [ 96.341956, 39.923001 ], [ 96.327255, 39.928677 ], [ 96.265134, 39.920328 ], [ 96.213445, 39.912165 ], [ 96.153694, 39.901327 ], [ 96.113466, 39.891895 ], [ 96.061777, 39.88861 ], [ 96.03198, 39.893679 ], [ 96.000999, 39.892505 ], [ 95.966539, 39.887531 ], [ 95.956186, 39.880303 ], [ 95.904813, 39.869132 ], [ 95.874068, 39.87453 ], [ 95.784443, 39.895509 ], [ 95.740657, 39.903767 ], [ 95.672134, 39.913995 ], [ 95.637675, 39.920703 ], [ 95.559193, 39.943356 ], [ 95.521967, 39.956297 ], [ 95.518806, 39.964923 ], [ 95.50861, 40.020825 ], [ 95.504817, 40.02401 ], [ 95.488298, 40.001197 ], [ 95.484109, 39.990795 ], [ 95.460478, 39.953249 ], [ 95.451468, 39.942746 ], [ 95.421356, 39.943965 ], [ 95.388714, 39.940683 ], [ 95.354808, 39.932054 ], [ 95.318452, 39.926519 ], [ 95.261626, 39.908553 ], [ 95.239101, 39.902266 ], [ 95.190573, 39.894242 ], [ 95.123472, 39.880209 ], [ 95.105136, 39.871479 ], [ 95.075103, 39.862794 ], [ 95.062615, 39.855188 ], [ 95.025311, 39.845938 ], [ 95.01227, 39.839692 ], [ 94.906837, 39.821561 ], [ 94.869375, 39.80836 ], [ 94.814841, 39.798257 ], [ 94.772478, 39.779411 ], [ 94.762124, 39.770903 ], [ 94.739915, 39.761218 ], [ 94.725057, 39.752331 ], [ 94.652977, 39.736294 ], [ 94.629424, 39.731873 ], [ 94.59702, 39.729192 ], [ 94.589037, 39.726745 ], [ 94.553076, 39.724205 ], [ 94.559399, 39.704492 ], [ 94.574811, 39.670415 ], [ 94.589749, 39.642774 ], [ 94.708696, 39.642727 ], [ 94.713439, 39.628878 ], [ 94.705298, 39.572562 ], [ 94.701978, 39.564311 ], [ 94.695656, 39.523655 ], [ 94.692968, 39.516342 ], [ 94.680718, 39.503884 ], [ 94.691151, 39.498268 ], [ 94.684749, 39.469 ], [ 94.690914, 39.459509 ], [ 94.696604, 39.442601 ], [ 94.704429, 39.439531 ], [ 94.710514, 39.430225 ], [ 94.719919, 39.424461 ], [ 94.728534, 39.403811 ], [ 94.739046, 39.388261 ], [ 94.745922, 39.383486 ], [ 94.76331, 39.381784 ], [ 94.774217, 39.386465 ], [ 94.786151, 39.385188 ], [ 94.790577, 39.373038 ], [ 94.808676, 39.362021 ], [ 94.821875, 39.349015 ], [ 94.858073, 39.34244 ], [ 94.863605, 39.33823 ], [ 94.882099, 39.336338 ], [ 94.886604, 39.331939 ], [ 94.909445, 39.323139 ], [ 94.946039, 39.322098 ], [ 94.922091, 39.278648 ], [ 94.930074, 39.269037 ], [ 94.919167, 39.257624 ], [ 94.916559, 39.249004 ], [ 94.920985, 39.241188 ], [ 94.932919, 39.235172 ], [ 94.956155, 39.234083 ], [ 94.968959, 39.219395 ], [ 94.982553, 39.218494 ], [ 94.997174, 39.222806 ], [ 95.012507, 39.221385 ], [ 95.024995, 39.216362 ], [ 95.041829, 39.214703 ], [ 95.060244, 39.201955 ], [ 95.073996, 39.199869 ], [ 95.093044, 39.205178 ], [ 95.115016, 39.19347 ], [ 95.158801, 39.176877 ], [ 95.169945, 39.177304 ], [ 95.188044, 39.190199 ], [ 95.195157, 39.191859 ], [ 95.223452, 39.187497 ], [ 95.266052, 39.192285 ], [ 95.286206, 39.199443 ], [ 95.29324, 39.197736 ], [ 95.302487, 39.186454 ], [ 95.301776, 39.169386 ], [ 95.333311, 39.149941 ], [ 95.340187, 39.136801 ], [ 95.356547, 39.129732 ], [ 95.371801, 39.119483 ], [ 95.369588, 39.108521 ], [ 95.382391, 39.093332 ], [ 95.395195, 39.091149 ], [ 95.404442, 39.075386 ], [ 95.410844, 39.078235 ], [ 95.419064, 39.066649 ], [ 95.433922, 39.059763 ], [ 95.439297, 39.063467 ], [ 95.457949, 39.054539 ], [ 95.482371, 39.028363 ], [ 95.496123, 39.01829 ], [ 95.51193, 39.011969 ], [ 95.51928, 39.012017 ], [ 95.538169, 39.00465 ], [ 95.554688, 39.00099 ], [ 95.561169, 39.010971 ], [ 95.567412, 39.010401 ], [ 95.58235, 39.000658 ], [ 95.587013, 38.993575 ], [ 95.581876, 38.986729 ], [ 95.586223, 38.970658 ], [ 95.598552, 38.963002 ], [ 95.614991, 38.956867 ], [ 95.635462, 38.941455 ], [ 95.64953, 38.919997 ], [ 95.660358, 38.911716 ], [ 95.67814, 38.909194 ], [ 95.683436, 38.889345 ], [ 95.691814, 38.879537 ], [ 95.727063, 38.868061 ], [ 95.741131, 38.860394 ], [ 95.761918, 38.85363 ], [ 95.768319, 38.860108 ], [ 95.771718, 38.876299 ], [ 95.796456, 38.86206 ], [ 95.824276, 38.837386 ], [ 95.861502, 38.819995 ], [ 95.873357, 38.811178 ], [ 95.88869, 38.789156 ], [ 95.898332, 38.770561 ], [ 95.925836, 38.764982 ], [ 95.944568, 38.76975 ], [ 95.954368, 38.760785 ], [ 95.976498, 38.757208 ], [ 95.999181, 38.756778 ], [ 96.039726, 38.744806 ], [ 96.054901, 38.730541 ], [ 96.055059, 38.719805 ], [ 96.049289, 38.692456 ], [ 96.057825, 38.673501 ], [ 96.064306, 38.674026 ], [ 96.0779, 38.659031 ], [ 96.093944, 38.653395 ], [ 96.112833, 38.665526 ], [ 96.129905, 38.666433 ], [ 96.138915, 38.671877 ], [ 96.149347, 38.669728 ], [ 96.159938, 38.662469 ], [ 96.169818, 38.645131 ], [ 96.182779, 38.634668 ], [ 96.199772, 38.626546 ], [ 96.227355, 38.617467 ], [ 96.237946, 38.623344 ], [ 96.252014, 38.608195 ], [ 96.263632, 38.609724 ], [ 96.281889, 38.625065 ], [ 96.290188, 38.643554 ], [ 96.302122, 38.637487 ], [ 96.316665, 38.637774 ], [ 96.324884, 38.634095 ], [ 96.346777, 38.615507 ], [ 96.380999, 38.591752 ], [ 96.424468, 38.569088 ], [ 96.449602, 38.562775 ], [ 96.460113, 38.562823 ], [ 96.478449, 38.557849 ], [ 96.525791, 38.532831 ], [ 96.512988, 38.523883 ], [ 96.511407, 38.513929 ], [ 96.515122, 38.506559 ], [ 96.50785, 38.499714 ], [ 96.514252, 38.490954 ], [ 96.50706, 38.47932 ], [ 96.512355, 38.467205 ], [ 96.527609, 38.458537 ], [ 96.535355, 38.438227 ], [ 96.548, 38.434586 ], [ 96.558512, 38.437604 ], [ 96.584673, 38.427686 ], [ 96.597476, 38.432526 ], [ 96.626403, 38.419301 ], [ 96.649481, 38.418726 ], [ 96.683941, 38.426728 ], [ 96.698878, 38.424811 ] ] ], [ [ [ 95.603294, 41.803382 ], [ 95.611751, 41.781539 ], [ 95.606772, 41.726009 ], [ 95.608906, 41.716422 ], [ 95.608036, 41.687881 ], [ 95.605902, 41.670751 ], [ 95.626531, 41.622121 ], [ 95.629139, 41.607854 ], [ 95.635699, 41.598066 ], [ 95.64052, 41.574095 ], [ 95.651269, 41.55254 ], [ 95.65522, 41.511653 ], [ 95.6651, 41.461941 ], [ 95.682171, 41.433746 ], [ 95.691102, 41.421685 ], [ 95.694343, 41.411915 ], [ 95.704696, 41.407603 ], [ 95.709675, 41.389388 ], [ 95.726036, 41.365431 ], [ 95.73307, 41.348536 ], [ 95.749035, 41.338618 ], [ 95.770611, 41.331362 ], [ 95.769189, 41.320981 ], [ 95.775354, 41.309588 ], [ 95.771007, 41.30164 ], [ 95.778752, 41.293966 ], [ 95.782941, 41.282292 ], [ 95.788394, 41.279397 ], [ 95.794796, 41.263261 ], [ 95.795191, 41.253744 ], [ 95.814555, 41.225872 ], [ 95.810208, 41.211058 ], [ 95.816689, 41.19937 ], [ 95.82973, 41.185194 ], [ 95.837001, 41.170923 ], [ 95.851939, 41.162221 ], [ 95.873831, 41.142418 ], [ 95.880154, 41.120812 ], [ 95.905761, 41.102333 ], [ 95.97879, 41.089795 ], [ 96.036723, 41.079008 ], [ 96.056086, 41.06499 ], [ 96.151402, 41.0369 ], [ 96.208782, 41.017936 ], [ 96.25067, 41.028549 ], [ 96.264343, 41.030902 ], [ 96.283865, 41.027304 ], [ 96.310026, 41.029795 ], [ 96.322118, 41.027673 ], [ 96.336819, 41.029749 ], [ 96.364007, 41.02435 ], [ 96.386927, 41.001829 ], [ 96.4383, 40.948955 ], [ 96.472443, 40.94124 ], [ 96.500579, 40.930335 ], [ 96.540887, 40.909677 ], [ 96.57179, 40.896455 ], [ 96.573054, 40.891138 ], [ 96.587755, 40.882584 ], [ 96.621029, 40.867646 ], [ 96.665525, 40.851779 ], [ 96.686312, 40.848124 ], [ 96.763608, 40.843035 ], [ 96.781628, 40.839102 ], [ 96.786133, 40.833271 ], [ 96.835135, 40.8161 ], [ 96.866274, 40.803879 ], [ 96.926499, 40.787024 ], [ 96.941121, 40.785311 ], [ 96.97637, 40.775863 ], [ 96.985854, 40.771879 ], [ 97.014781, 40.76456 ], [ 97.056986, 40.758352 ], [ 97.067893, 40.753951 ], [ 97.129303, 40.744869 ], [ 97.154831, 40.746537 ], [ 97.174116, 40.744638 ], [ 97.247935, 40.751171 ], [ 97.2737, 40.752051 ], [ 97.302785, 40.747047 ], [ 97.31709, 40.747093 ], [ 97.326338, 40.743294 ], [ 97.351787, 40.740003 ], [ 97.386246, 40.733237 ], [ 97.409561, 40.73092 ], [ 97.430743, 40.715159 ], [ 97.440938, 40.712424 ], [ 97.461092, 40.71414 ], [ 97.478559, 40.709132 ], [ 97.498239, 40.707602 ], [ 97.523372, 40.719193 ], [ 97.539337, 40.71553 ], [ 97.553958, 40.72355 ], [ 97.561467, 40.73523 ], [ 97.572848, 40.745425 ], [ 97.597033, 40.748437 ], [ 97.613551, 40.747696 ], [ 97.630464, 40.75599 ], [ 97.639237, 40.76683 ], [ 97.649749, 40.786515 ], [ 97.740086, 40.798323 ], [ 97.797228, 40.805129 ], [ 97.824733, 40.809897 ], [ 97.877212, 40.813832 ], [ 97.896259, 40.816563 ], [ 97.912066, 40.815822 ], [ 97.921551, 40.819155 ], [ 97.946051, 40.821701 ], [ 98.131626, 40.869542 ], [ 98.15913, 40.874584 ], [ 98.165058, 40.873659 ], [ 98.186871, 40.878561 ], [ 98.209001, 40.886098 ], [ 98.240299, 40.90094 ], [ 98.305029, 40.915223 ], [ 98.332217, 40.919475 ], [ 98.293806, 40.932184 ], [ 98.250257, 40.939161 ], [ 98.184816, 40.988026 ], [ 98.142374, 41.001829 ], [ 98.060968, 41.048571 ], [ 97.972054, 41.097908 ], [ 97.903293, 41.168207 ], [ 97.735107, 41.335265 ], [ 97.629516, 41.440578 ], [ 97.634732, 41.451856 ], [ 97.616475, 41.464278 ], [ 97.614815, 41.477889 ], [ 97.673697, 41.524384 ], [ 97.752653, 41.584938 ], [ 97.846941, 41.656586 ], [ 97.735897, 41.845405 ], [ 97.663659, 41.969081 ], [ 97.609757, 42.059603 ], [ 97.500847, 42.243883 ], [ 97.445206, 42.336184 ], [ 97.371308, 42.456965 ], [ 97.281288, 42.610113 ], [ 97.247935, 42.66874 ], [ 97.172772, 42.795163 ], [ 97.073504, 42.77429 ], [ 96.982693, 42.757407 ], [ 96.936062, 42.755566 ], [ 96.85679, 42.755476 ], [ 96.758629, 42.756419 ], [ 96.742189, 42.757048 ], [ 96.597713, 42.743709 ], [ 96.491885, 42.736611 ], [ 96.386216, 42.727761 ], [ 96.379419, 42.720976 ], [ 96.354681, 42.708483 ], [ 96.29817, 42.683669 ], [ 96.281573, 42.677914 ], [ 96.189418, 42.634417 ], [ 96.168079, 42.631762 ], [ 96.165313, 42.622311 ], [ 96.147767, 42.61601 ], [ 96.135674, 42.614345 ], [ 96.103507, 42.604216 ], [ 96.072446, 42.569362 ], [ 96.02384, 42.54251 ], [ 96.017517, 42.482185 ], [ 95.978711, 42.436746 ], [ 96.066124, 42.414533 ], [ 96.042097, 42.352865 ], [ 96.041069, 42.326508 ], [ 96.178432, 42.217979 ], [ 96.135832, 42.189798 ], [ 96.077267, 42.149679 ], [ 96.138915, 42.054154 ], [ 96.134489, 42.030352 ], [ 96.137492, 42.019584 ], [ 96.129747, 42.013586 ], [ 96.119314, 41.997133 ], [ 96.115916, 41.984768 ], [ 96.071103, 41.951616 ], [ 96.055217, 41.936285 ], [ 96.039173, 41.925273 ], [ 96.019019, 41.917355 ], [ 96.009772, 41.911256 ], [ 95.974206, 41.898464 ], [ 95.953261, 41.888402 ], [ 95.936822, 41.884987 ], [ 95.916273, 41.87506 ], [ 95.883948, 41.867864 ], [ 95.855653, 41.849688 ], [ 95.837554, 41.847683 ], [ 95.823881, 41.85069 ], [ 95.801435, 41.848139 ], [ 95.783494, 41.840894 ], [ 95.759309, 41.836109 ], [ 95.710624, 41.833876 ], [ 95.699559, 41.830185 ], [ 95.677192, 41.830914 ], [ 95.651031, 41.823759 ], [ 95.629534, 41.812454 ], [ 95.603294, 41.803382 ] ] ] ] } },
{ "type": "Feature", "properties": { "adcode": 620924, "name": "阿克塞哈萨克族自治县", "center": [ 94.337642, 39.631642 ], "centroid": [ 94.423481, 39.029363 ], "childrenNum": 0, "level": "district", "parent": { "adcode": 620900 }, "subFeatureIndex": 4, "acroutes": [ 100000, 620000, 620900 ] }, "geometry": { "type": "MultiPolygon", "coordinates": [ [ [ [ 92.703498, 39.715125 ], [ 92.687691, 39.657373 ], [ 92.639875, 39.514313 ], [ 92.525432, 39.368688 ], [ 92.513577, 39.3615 ], [ 92.460702, 39.322476 ], [ 92.411068, 39.284377 ], [ 92.381667, 39.260229 ], [ 92.362304, 39.251657 ], [ 92.340016, 39.238109 ], [ 92.3397, 39.230103 ], [ 92.346655, 39.204088 ], [ 92.341517, 39.181998 ], [ 92.344205, 39.146147 ], [ 92.354005, 39.12978 ], [ 92.353768, 39.121239 ], [ 92.366097, 39.095991 ], [ 92.35116, 39.08398 ], [ 92.353768, 39.069498 ], [ 92.369891, 39.058196 ], [ 92.390045, 39.059288 ], [ 92.39945, 39.045419 ], [ 92.410752, 39.038578 ], [ 92.423161, 39.046606 ], [ 92.44537, 39.042759 ], [ 92.459043, 39.042711 ], [ 92.462204, 39.056201 ], [ 92.460465, 39.066222 ], [ 92.47975, 39.083553 ], [ 92.480619, 39.089297 ], [ 92.493976, 39.102161 ], [ 92.49935, 39.100025 ], [ 92.517529, 39.103728 ], [ 92.536339, 39.100785 ], [ 92.545744, 39.111321 ], [ 92.585578, 39.108806 ], [ 92.590794, 39.112033 ], [ 92.610395, 39.108948 ], [ 92.626913, 39.112223 ], [ 92.645328, 39.119958 ], [ 92.654575, 39.111369 ], [ 92.663506, 39.110894 ], [ 92.676152, 39.11844 ], [ 92.687691, 39.115308 ], [ 92.715274, 39.126791 ], [ 92.727841, 39.121619 ], [ 92.746888, 39.129732 ], [ 92.761984, 39.131013 ], [ 92.765699, 39.137134 ], [ 92.780715, 39.139695 ], [ 92.807034, 39.138557 ], [ 92.816202, 39.134145 ], [ 92.825923, 39.136754 ], [ 92.831219, 39.14387 ], [ 92.844813, 39.140312 ], [ 92.866943, 39.138652 ], [ 92.871685, 39.145767 ], [ 92.889151, 39.159901 ], [ 92.906697, 39.161846 ], [ 92.939023, 39.169623 ], [ 92.959018, 39.165165 ], [ 92.96874, 39.149325 ], [ 92.97854, 39.143538 ], [ 92.993636, 39.151791 ], [ 93.027384, 39.149941 ], [ 93.043191, 39.146479 ], [ 93.055441, 39.151412 ], [ 93.065716, 39.150937 ], [ 93.074093, 39.160281 ], [ 93.096065, 39.169338 ], [ 93.102151, 39.17702 ], [ 93.11535, 39.17958 ], [ 93.130366, 39.1728 ], [ 93.14238, 39.160755 ], [ 93.132658, 39.139838 ], [ 93.133765, 39.128119 ], [ 93.126731, 39.122853 ], [ 93.133054, 39.10705 ], [ 93.148623, 39.102066 ], [ 93.165616, 39.090674 ], [ 93.175733, 39.068881 ], [ 93.18577, 39.064655 ], [ 93.198178, 39.045989 ], [ 93.188694, 38.967282 ], [ 93.185691, 38.947354 ], [ 93.179289, 38.923899 ], [ 93.206872, 38.915904 ], [ 93.226315, 38.914524 ], [ 93.237933, 38.916142 ], [ 93.260695, 38.906386 ], [ 93.273973, 38.896152 ], [ 93.302505, 38.894057 ], [ 93.332222, 38.904101 ], [ 93.453225, 38.915428 ], [ 93.509498, 38.917998 ], [ 93.584897, 38.919997 ], [ 93.729136, 38.92447 ], [ 93.748104, 38.912335 ], [ 93.822555, 38.87449 ], [ 93.834332, 38.867632 ], [ 93.884677, 38.86768 ], [ 93.884203, 38.82619 ], [ 93.769997, 38.8209 ], [ 93.763595, 38.818661 ], [ 93.756324, 38.807652 ], [ 93.764939, 38.796403 ], [ 93.773554, 38.771086 ], [ 93.787069, 38.764791 ], [ 93.800268, 38.750768 ], [ 93.845238, 38.731495 ], [ 93.871952, 38.722572 ], [ 93.885151, 38.720759 ], [ 93.907518, 38.721427 ], [ 93.936998, 38.714651 ], [ 93.951383, 38.715176 ], [ 93.972959, 38.724863 ], [ 94.001333, 38.728632 ], [ 94.118779, 38.742087 ], [ 94.281354, 38.760069 ], [ 94.334782, 38.755681 ], [ 94.37011, 38.762788 ], [ 94.376512, 38.749671 ], [ 94.428043, 38.634477 ], [ 94.511109, 38.445173 ], [ 94.527153, 38.426057 ], [ 94.527074, 38.370549 ], [ 94.529998, 38.360862 ], [ 94.55197, 38.350262 ], [ 94.561138, 38.351989 ], [ 94.571254, 38.361198 ], [ 94.580739, 38.362541 ], [ 94.583031, 38.369206 ], [ 94.597652, 38.374193 ], [ 94.611879, 38.371604 ], [ 94.633455, 38.377358 ], [ 94.637012, 38.380906 ], [ 94.661038, 38.385988 ], [ 94.679849, 38.387187 ], [ 94.698896, 38.385077 ], [ 94.729325, 38.389584 ], [ 94.750348, 38.385029 ], [ 94.788601, 38.388098 ], [ 94.812628, 38.385797 ], [ 94.862104, 38.39409 ], [ 94.878859, 38.402527 ], [ 94.883917, 38.414844 ], [ 94.902174, 38.420499 ], [ 94.929916, 38.420642 ], [ 94.932129, 38.425338 ], [ 94.973859, 38.430178 ], [ 94.982, 38.424955 ], [ 95.006026, 38.42299 ], [ 95.017565, 38.426201 ], [ 95.031555, 38.412687 ], [ 95.045386, 38.418726 ], [ 95.072732, 38.402479 ], [ 95.107428, 38.415323 ], [ 95.122208, 38.417 ], [ 95.140781, 38.392268 ], [ 95.16789, 38.388098 ], [ 95.18022, 38.377214 ], [ 95.185357, 38.37918 ], [ 95.192075, 38.372323 ], [ 95.18836, 38.364123 ], [ 95.197212, 38.342443 ], [ 95.209146, 38.328242 ], [ 95.227008, 38.330881 ], [ 95.235386, 38.322533 ], [ 95.24977, 38.31759 ], [ 95.259492, 38.303048 ], [ 95.274666, 38.297048 ], [ 95.282807, 38.305688 ], [ 95.302882, 38.312695 ], [ 95.311181, 38.311591 ], [ 95.322088, 38.320037 ], [ 95.335682, 38.308088 ], [ 95.361684, 38.313367 ], [ 95.377175, 38.30444 ], [ 95.389188, 38.301224 ], [ 95.398752, 38.305832 ], [ 95.408078, 38.30036 ], [ 95.424438, 38.311543 ], [ 95.429654, 38.307464 ], [ 95.441747, 38.310919 ], [ 95.444671, 38.29988 ], [ 95.455657, 38.291864 ], [ 95.476206, 38.301848 ], [ 95.487587, 38.314375 ], [ 95.5045, 38.310823 ], [ 95.506555, 38.296472 ], [ 95.516198, 38.294744 ], [ 95.532084, 38.306168 ], [ 95.536826, 38.313799 ], [ 95.549392, 38.315191 ], [ 95.555478, 38.322485 ], [ 95.568835, 38.325795 ], [ 95.573656, 38.335583 ], [ 95.590095, 38.344266 ], [ 95.608432, 38.339229 ], [ 95.62416, 38.346761 ], [ 95.637437, 38.358512 ], [ 95.640125, 38.365993 ], [ 95.662412, 38.365322 ], [ 95.673319, 38.381242 ], [ 95.674347, 38.390639 ], [ 95.687941, 38.397733 ], [ 95.703985, 38.400082 ], [ 95.7224, 38.38594 ], [ 95.723823, 38.378557 ], [ 95.749272, 38.36748 ], [ 95.761839, 38.365898 ], [ 95.776065, 38.35597 ], [ 95.792188, 38.355586 ], [ 95.807521, 38.349303 ], [ 95.82317, 38.355107 ], [ 95.837712, 38.342491 ], [ 95.843324, 38.319701 ], [ 95.850674, 38.298968 ], [ 95.849805, 38.29244 ], [ 95.863162, 38.283078 ], [ 95.886714, 38.289608 ], [ 95.896356, 38.290088 ], [ 95.915404, 38.272131 ], [ 95.933661, 38.257869 ], [ 95.930895, 38.251288 ], [ 95.93619, 38.23952 ], [ 95.949705, 38.234668 ], [ 95.957529, 38.226164 ], [ 95.970412, 38.226644 ], [ 95.97144, 38.217947 ], [ 95.983216, 38.215688 ], [ 95.985587, 38.210018 ], [ 96.006926, 38.20723 ], [ 96.008902, 38.19954 ], [ 96.020757, 38.199924 ], [ 96.027475, 38.192185 ], [ 96.044073, 38.180503 ], [ 96.065807, 38.173243 ], [ 96.073869, 38.188292 ], [ 96.088728, 38.183821 ], [ 96.101768, 38.188099 ], [ 96.109751, 38.186849 ], [ 96.123977, 38.178051 ], [ 96.155117, 38.174397 ], [ 96.159622, 38.168242 ], [ 96.177484, 38.165982 ], [ 96.184202, 38.160356 ], [ 96.209335, 38.150208 ], [ 96.222139, 38.149101 ], [ 96.227671, 38.169685 ], [ 96.252567, 38.167473 ], [ 96.254148, 38.157182 ], [ 96.264343, 38.145879 ], [ 96.274223, 38.14636 ], [ 96.278491, 38.151651 ], [ 96.293349, 38.152997 ], [ 96.313108, 38.161991 ], [ 96.309552, 38.175166 ], [ 96.301806, 38.183196 ], [ 96.313503, 38.191368 ], [ 96.310816, 38.198867 ], [ 96.335791, 38.246197 ], [ 96.378312, 38.277317 ], [ 96.399731, 38.281782 ], [ 96.439327, 38.281158 ], [ 96.46367, 38.277749 ], [ 96.524843, 38.262047 ], [ 96.610438, 38.242162 ], [ 96.665209, 38.230199 ], [ 96.663391, 38.259645 ], [ 96.65778, 38.274196 ], [ 96.659203, 38.279958 ], [ 96.64877, 38.292056 ], [ 96.655409, 38.295896 ], [ 96.639049, 38.307416 ], [ 96.630118, 38.325124 ], [ 96.631619, 38.328818 ], [ 96.623874, 38.346569 ], [ 96.626798, 38.356258 ], [ 96.637073, 38.362732 ], [ 96.647189, 38.37755 ], [ 96.663471, 38.388481 ], [ 96.665604, 38.395193 ], [ 96.679752, 38.411681 ], [ 96.688604, 38.41331 ], [ 96.698878, 38.424811 ], [ 96.683941, 38.426728 ], [ 96.649481, 38.418726 ], [ 96.626403, 38.419301 ], [ 96.597476, 38.432526 ], [ 96.584673, 38.427686 ], [ 96.558512, 38.437604 ], [ 96.548, 38.434586 ], [ 96.535355, 38.438227 ], [ 96.527609, 38.458537 ], [ 96.512355, 38.467205 ], [ 96.50706, 38.47932 ], [ 96.514252, 38.490954 ], [ 96.50785, 38.499714 ], [ 96.515122, 38.506559 ], [ 96.511407, 38.513929 ], [ 96.512988, 38.523883 ], [ 96.525791, 38.532831 ], [ 96.478449, 38.557849 ], [ 96.460113, 38.562823 ], [ 96.449602, 38.562775 ], [ 96.424468, 38.569088 ], [ 96.380999, 38.591752 ], [ 96.346777, 38.615507 ], [ 96.324884, 38.634095 ], [ 96.316665, 38.637774 ], [ 96.302122, 38.637487 ], [ 96.290188, 38.643554 ], [ 96.281889, 38.625065 ], [ 96.263632, 38.609724 ], [ 96.252014, 38.608195 ], [ 96.237946, 38.623344 ], [ 96.227355, 38.617467 ], [ 96.199772, 38.626546 ], [ 96.182779, 38.634668 ], [ 96.169818, 38.645131 ], [ 96.159938, 38.662469 ], [ 96.149347, 38.669728 ], [ 96.138915, 38.671877 ], [ 96.129905, 38.666433 ], [ 96.112833, 38.665526 ], [ 96.093944, 38.653395 ], [ 96.0779, 38.659031 ], [ 96.064306, 38.674026 ], [ 96.057825, 38.673501 ], [ 96.049289, 38.692456 ], [ 96.055059, 38.719805 ], [ 96.054901, 38.730541 ], [ 96.039726, 38.744806 ], [ 95.999181, 38.756778 ], [ 95.976498, 38.757208 ], [ 95.954368, 38.760785 ], [ 95.944568, 38.76975 ], [ 95.925836, 38.764982 ], [ 95.898332, 38.770561 ], [ 95.88869, 38.789156 ], [ 95.873357, 38.811178 ], [ 95.861502, 38.819995 ], [ 95.824276, 38.837386 ], [ 95.796456, 38.86206 ], [ 95.771718, 38.876299 ], [ 95.768319, 38.860108 ], [ 95.761918, 38.85363 ], [ 95.741131, 38.860394 ], [ 95.727063, 38.868061 ], [ 95.691814, 38.879537 ], [ 95.683436, 38.889345 ], [ 95.67814, 38.909194 ], [ 95.660358, 38.911716 ], [ 95.64953, 38.919997 ], [ 95.635462, 38.941455 ], [ 95.614991, 38.956867 ], [ 95.598552, 38.963002 ], [ 95.586223, 38.970658 ], [ 95.581876, 38.986729 ], [ 95.587013, 38.993575 ], [ 95.58235, 39.000658 ], [ 95.567412, 39.010401 ], [ 95.561169, 39.010971 ], [ 95.554688, 39.00099 ], [ 95.538169, 39.00465 ], [ 95.51928, 39.012017 ], [ 95.51193, 39.011969 ], [ 95.496123, 39.01829 ], [ 95.482371, 39.028363 ], [ 95.457949, 39.054539 ], [ 95.439297, 39.063467 ], [ 95.433922, 39.059763 ], [ 95.419064, 39.066649 ], [ 95.410844, 39.078235 ], [ 95.404442, 39.075386 ], [ 95.395195, 39.091149 ], [ 95.382391, 39.093332 ], [ 95.369588, 39.108521 ], [ 95.371801, 39.119483 ], [ 95.356547, 39.129732 ], [ 95.340187, 39.136801 ], [ 95.333311, 39.149941 ], [ 95.301776, 39.169386 ], [ 95.302487, 39.186454 ], [ 95.29324, 39.197736 ], [ 95.286206, 39.199443 ], [ 95.266052, 39.192285 ], [ 95.223452, 39.187497 ], [ 95.195157, 39.191859 ], [ 95.188044, 39.190199 ], [ 95.169945, 39.177304 ], [ 95.158801, 39.176877 ], [ 95.115016, 39.19347 ], [ 95.093044, 39.205178 ], [ 95.073996, 39.199869 ], [ 95.060244, 39.201955 ], [ 95.041829, 39.214703 ], [ 95.024995, 39.216362 ], [ 95.012507, 39.221385 ], [ 94.997174, 39.222806 ], [ 94.982553, 39.218494 ], [ 94.968959, 39.219395 ], [ 94.956155, 39.234083 ], [ 94.932919, 39.235172 ], [ 94.920985, 39.241188 ], [ 94.916559, 39.249004 ], [ 94.919167, 39.257624 ], [ 94.930074, 39.269037 ], [ 94.922091, 39.278648 ], [ 94.946039, 39.322098 ], [ 94.909445, 39.323139 ], [ 94.886604, 39.331939 ], [ 94.882099, 39.336338 ], [ 94.863605, 39.33823 ], [ 94.858073, 39.34244 ], [ 94.821875, 39.349015 ], [ 94.808676, 39.362021 ], [ 94.790577, 39.373038 ], [ 94.786151, 39.385188 ], [ 94.774217, 39.386465 ], [ 94.76331, 39.381784 ], [ 94.745922, 39.383486 ], [ 94.739046, 39.388261 ], [ 94.728534, 39.403811 ], [ 94.719919, 39.424461 ], [ 94.710514, 39.430225 ], [ 94.704429, 39.439531 ], [ 94.696604, 39.442601 ], [ 94.690914, 39.459509 ], [ 94.684749, 39.469 ], [ 94.691151, 39.498268 ], [ 94.680718, 39.503884 ], [ 94.692968, 39.516342 ], [ 94.695656, 39.523655 ], [ 94.701978, 39.564311 ], [ 94.705298, 39.572562 ], [ 94.713439, 39.628878 ], [ 94.708696, 39.642727 ], [ 94.589749, 39.642774 ], [ 94.536005, 39.641502 ], [ 94.501229, 39.644469 ], [ 94.433022, 39.657325 ], [ 94.379832, 39.665848 ], [ 94.32182, 39.679783 ], [ 94.270131, 39.67903 ], [ 94.247448, 39.673192 ], [ 94.232826, 39.665754 ], [ 94.203821, 39.657702 ], [ 94.194415, 39.650544 ], [ 94.160114, 39.650356 ], [ 94.136483, 39.654312 ], [ 94.106765, 39.655018 ], [ 94.049939, 39.658361 ], [ 94.004889, 39.658503 ], [ 93.977227, 39.666931 ], [ 93.936524, 39.68689 ], [ 93.913999, 39.696162 ], [ 93.895189, 39.708068 ], [ 93.861678, 39.721147 ], [ 93.835754, 39.726087 ], [ 93.806353, 39.727169 ], [ 93.774423, 39.725569 ], [ 93.758774, 39.729803 ], [ 93.720916, 39.730132 ], [ 93.703766, 39.734742 ], [ 93.697522, 39.752566 ], [ 93.653816, 39.761547 ], [ 93.600783, 39.770903 ], [ 93.56087, 39.775556 ], [ 93.554548, 39.78068 ], [ 93.554389, 39.79619 ], [ 93.535658, 39.827104 ], [ 93.536923, 39.838189 ], [ 93.53139, 39.847299 ], [ 93.514082, 39.857958 ], [ 93.504281, 39.85885 ], [ 93.475038, 39.870352 ], [ 93.461523, 39.868803 ], [ 93.429751, 39.860306 ], [ 93.373083, 39.860024 ], [ 93.328823, 39.854718 ], [ 93.301714, 39.849225 ], [ 93.296498, 39.838518 ], [ 93.28812, 39.835183 ], [ 93.267966, 39.821467 ], [ 93.269152, 39.816911 ], [ 93.256981, 39.798257 ], [ 93.255953, 39.780163 ], [ 93.258087, 39.77095 ], [ 93.247575, 39.772266 ], [ 93.235404, 39.764133 ], [ 93.23904, 39.753977 ], [ 93.239198, 39.73794 ], [ 93.245125, 39.731591 ], [ 93.212326, 39.721665 ], [ 93.169489, 39.70515 ], [ 93.128944, 39.691738 ], [ 93.073382, 39.676817 ], [ 93.055441, 39.6795 ], [ 93.007704, 39.677429 ], [ 92.899426, 39.689714 ], [ 92.822604, 39.69588 ], [ 92.763249, 39.713243 ], [ 92.715432, 39.715925 ], [ 92.703498, 39.715125 ] ] ] ] } },
{ "type": "Feature", "properties": { "adcode": 620981, "name": "玉门市", "center": [ 97.037206, 40.28682 ], "centroid": [ 97.460269, 40.240337 ], "childrenNum": 0, "level": "district", "parent": { "adcode": 620900 }, "subFeatureIndex": 5, "acroutes": [ 100000, 620000, 620900 ] }, "geometry": { "type": "MultiPolygon", "coordinates": [ [ [ [ 97.619004, 39.630574 ], [ 97.628647, 39.627559 ], [ 97.657257, 39.633024 ], [ 97.676621, 39.679124 ], [ 97.691321, 39.683313 ], [ 97.700252, 39.697056 ], [ 97.707207, 39.693856 ], [ 97.74467, 39.687173 ], [ 97.754708, 39.688491 ], [ 97.785531, 39.680677 ], [ 97.797465, 39.684019 ], [ 97.81019, 39.680348 ], [ 97.829, 39.685337 ], [ 97.857453, 39.711785 ], [ 97.855556, 39.713008 ], [ 97.859745, 39.716913 ], [ 97.86259, 39.714937 ], [ 97.974346, 39.780633 ], [ 97.992208, 39.808689 ], [ 98.031172, 39.827997 ], [ 98.029591, 39.832365 ], [ 97.98383, 39.882791 ], [ 97.99284, 39.89335 ], [ 98.009042, 39.902829 ], [ 98.036151, 39.914745 ], [ 98.034334, 39.917888 ], [ 98.003747, 39.923377 ], [ 98.008884, 39.93135 ], [ 98.022241, 39.937682 ], [ 98.023664, 39.945888 ], [ 98.045082, 39.949264 ], [ 98.048718, 39.952968 ], [ 98.068556, 39.956109 ], [ 98.064525, 39.967454 ], [ 98.068714, 39.983156 ], [ 98.058202, 39.99534 ], [ 98.061443, 39.999651 ], [ 98.064683, 40.017172 ], [ 98.124671, 40.133054 ], [ 98.124671, 40.136234 ], [ 98.100249, 40.223666 ], [ 98.027141, 40.283275 ], [ 98.076222, 40.355651 ], [ 98.127516, 40.413887 ], [ 98.153518, 40.444987 ], [ 98.155099, 40.493425 ], [ 98.16648, 40.621773 ], [ 98.187266, 40.661175 ], [ 98.249862, 40.786376 ], [ 98.270174, 40.82545 ], [ 98.300366, 40.869357 ], [ 98.332217, 40.919475 ], [ 98.305029, 40.915223 ], [ 98.240299, 40.90094 ], [ 98.209001, 40.886098 ], [ 98.186871, 40.878561 ], [ 98.165058, 40.873659 ], [ 98.15913, 40.874584 ], [ 98.131626, 40.869542 ], [ 97.946051, 40.821701 ], [ 97.921551, 40.819155 ], [ 97.912066, 40.815822 ], [ 97.896259, 40.816563 ], [ 97.877212, 40.813832 ], [ 97.824733, 40.809897 ], [ 97.797228, 40.805129 ], [ 97.740086, 40.798323 ], [ 97.649749, 40.786515 ], [ 97.639237, 40.76683 ], [ 97.630464, 40.75599 ], [ 97.613551, 40.747696 ], [ 97.597033, 40.748437 ], [ 97.572848, 40.745425 ], [ 97.561467, 40.73523 ], [ 97.553958, 40.72355 ], [ 97.539337, 40.71553 ], [ 97.523372, 40.719193 ], [ 97.498239, 40.707602 ], [ 97.478559, 40.709132 ], [ 97.461092, 40.71414 ], [ 97.440938, 40.712424 ], [ 97.430743, 40.715159 ], [ 97.409561, 40.73092 ], [ 97.386246, 40.733237 ], [ 97.351787, 40.740003 ], [ 97.326338, 40.743294 ], [ 97.31709, 40.747093 ], [ 97.302785, 40.747047 ], [ 97.2737, 40.752051 ], [ 97.247935, 40.751171 ], [ 97.174116, 40.744638 ], [ 97.154831, 40.746537 ], [ 97.129303, 40.744869 ], [ 97.067893, 40.753951 ], [ 97.056986, 40.758352 ], [ 97.014781, 40.76456 ], [ 96.985854, 40.771879 ], [ 96.97637, 40.775863 ], [ 96.984353, 40.759233 ], [ 96.981508, 40.751634 ], [ 96.962776, 40.739772 ], [ 96.957402, 40.726517 ], [ 96.936458, 40.712331 ], [ 96.941832, 40.707092 ], [ 96.935114, 40.698329 ], [ 96.938275, 40.692208 ], [ 96.925946, 40.679036 ], [ 96.917726, 40.636534 ], [ 96.918596, 40.619312 ], [ 96.916146, 40.605243 ], [ 96.922864, 40.556747 ], [ 96.914565, 40.547359 ], [ 96.91417, 40.539179 ], [ 96.902789, 40.508169 ], [ 96.897651, 40.487239 ], [ 96.899232, 40.469141 ], [ 96.906345, 40.452714 ], [ 96.903421, 40.440053 ], [ 96.888009, 40.430463 ], [ 96.875443, 40.419242 ], [ 96.868804, 40.407693 ], [ 96.866512, 40.391763 ], [ 96.844698, 40.363993 ], [ 96.84209, 40.354952 ], [ 96.829839, 40.332343 ], [ 96.819486, 40.321525 ], [ 96.819486, 40.312011 ], [ 96.811424, 40.302589 ], [ 96.806366, 40.278936 ], [ 96.813242, 40.266429 ], [ 96.811029, 40.237954 ], [ 96.81506, 40.220116 ], [ 96.792772, 40.183398 ], [ 96.774831, 40.160638 ], [ 96.767402, 40.147455 ], [ 96.767955, 40.13946 ], [ 96.759182, 40.121222 ], [ 96.745667, 40.079724 ], [ 96.740609, 40.055806 ], [ 96.735788, 40.04794 ], [ 96.695164, 40.022277 ], [ 96.666632, 40.010754 ], [ 96.649007, 39.997917 ], [ 96.644265, 39.985827 ], [ 96.638574, 39.955266 ], [ 96.612098, 39.933086 ], [ 96.604747, 39.923517 ], [ 96.587992, 39.91179 ], [ 96.554086, 39.89992 ], [ 96.542073, 39.902876 ], [ 96.540255, 39.890487 ], [ 96.514252, 39.891989 ], [ 96.504847, 39.884903 ], [ 96.507692, 39.869132 ], [ 96.484298, 39.857536 ], [ 96.507534, 39.822172 ], [ 96.522788, 39.807185 ], [ 96.528795, 39.793229 ], [ 96.577876, 39.783312 ], [ 96.61028, 39.78021 ], [ 96.638416, 39.775697 ], [ 96.65367, 39.775227 ], [ 96.681411, 39.765355 ], [ 96.705596, 39.761312 ], [ 96.714369, 39.738081 ], [ 96.718558, 39.733284 ], [ 96.758787, 39.71155 ], [ 96.790559, 39.696209 ], [ 96.819328, 39.690279 ], [ 96.818379, 39.699362 ], [ 96.849598, 39.724958 ], [ 96.867381, 39.73413 ], [ 96.885954, 39.751343 ], [ 96.904132, 39.765261 ], [ 96.927131, 39.773018 ], [ 96.945942, 39.772642 ], [ 96.959141, 39.76733 ], [ 96.978346, 39.765731 ], [ 96.997236, 39.774804 ], [ 97.00506, 39.775603 ], [ 97.016757, 39.801688 ], [ 97.068762, 39.806386 ], [ 97.087336, 39.803003 ], [ 97.095634, 39.79196 ], [ 97.117764, 39.781338 ], [ 97.138155, 39.777343 ], [ 97.167793, 39.776779 ], [ 97.178858, 39.770338 ], [ 97.184707, 39.751908 ], [ 97.213317, 39.728768 ], [ 97.227544, 39.722324 ], [ 97.256391, 39.714043 ], [ 97.312585, 39.703503 ], [ 97.322939, 39.692962 ], [ 97.332502, 39.688867 ], [ 97.369333, 39.684255 ], [ 97.391304, 39.68449 ], [ 97.414066, 39.680866 ], [ 97.417702, 39.675311 ], [ 97.440385, 39.669285 ], [ 97.467494, 39.669473 ], [ 97.482353, 39.674275 ], [ 97.494919, 39.671827 ], [ 97.513018, 39.664483 ], [ 97.55056, 39.654453 ], [ 97.566525, 39.642256 ], [ 97.571267, 39.633306 ], [ 97.590315, 39.631375 ], [ 97.603592, 39.633872 ], [ 97.619004, 39.630574 ] ] ], [ [ [ 97.86259, 39.714937 ], [ 97.859745, 39.716913 ], [ 97.855556, 39.713008 ], [ 97.857453, 39.711785 ], [ 97.86259, 39.714937 ] ] ] ] } },
{ "type": "Feature", "properties": { "adcode": 620982, "name": "敦煌市", "center": [ 94.664279, 40.141119 ], "centroid": [ 94.12518, 40.366647 ], "childrenNum": 0, "level": "district", "parent": { "adcode": 620900 }, "subFeatureIndex": 6, "acroutes": [ 100000, 620000, 620900 ] }, "geometry": { "type": "MultiPolygon", "coordinates": [ [ [ [ 94.775086, 41.572905 ], [ 94.750111, 41.538303 ], [ 94.705298, 41.530795 ], [ 94.534187, 41.505974 ], [ 94.281354, 41.335219 ], [ 94.184141, 41.268594 ], [ 94.098467, 41.192927 ], [ 94.010817, 41.114822 ], [ 94.001412, 41.10413 ], [ 93.908229, 40.983408 ], [ 93.80991, 40.879532 ], [ 93.821133, 40.793739 ], [ 93.762647, 40.667949 ], [ 93.760829, 40.664887 ], [ 93.506415, 40.648461 ], [ 93.501515, 40.647394 ], [ 93.252713, 40.615273 ], [ 92.928432, 40.572684 ], [ 92.920607, 40.391856 ], [ 92.906855, 40.310658 ], [ 92.796522, 40.15386 ], [ 92.769887, 40.001103 ], [ 92.745545, 39.868287 ], [ 92.703498, 39.715125 ], [ 92.715432, 39.715925 ], [ 92.763249, 39.713243 ], [ 92.822604, 39.69588 ], [ 92.899426, 39.689714 ], [ 93.007704, 39.677429 ], [ 93.055441, 39.6795 ], [ 93.073382, 39.676817 ], [ 93.128944, 39.691738 ], [ 93.169489, 39.70515 ], [ 93.212326, 39.721665 ], [ 93.245125, 39.731591 ], [ 93.239198, 39.73794 ], [ 93.23904, 39.753977 ], [ 93.235404, 39.764133 ], [ 93.247575, 39.772266 ], [ 93.258087, 39.77095 ], [ 93.255953, 39.780163 ], [ 93.256981, 39.798257 ], [ 93.269152, 39.816911 ], [ 93.267966, 39.821467 ], [ 93.28812, 39.835183 ], [ 93.296498, 39.838518 ], [ 93.301714, 39.849225 ], [ 93.328823, 39.854718 ], [ 93.373083, 39.860024 ], [ 93.429751, 39.860306 ], [ 93.461523, 39.868803 ], [ 93.475038, 39.870352 ], [ 93.504281, 39.85885 ], [ 93.514082, 39.857958 ], [ 93.53139, 39.847299 ], [ 93.536923, 39.838189 ], [ 93.535658, 39.827104 ], [ 93.554389, 39.79619 ], [ 93.554548, 39.78068 ], [ 93.56087, 39.775556 ], [ 93.600783, 39.770903 ], [ 93.653816, 39.761547 ], [ 93.697522, 39.752566 ], [ 93.703766, 39.734742 ], [ 93.720916, 39.730132 ], [ 93.758774, 39.729803 ], [ 93.774423, 39.725569 ], [ 93.806353, 39.727169 ], [ 93.835754, 39.726087 ], [ 93.861678, 39.721147 ], [ 93.895189, 39.708068 ], [ 93.913999, 39.696162 ], [ 93.936524, 39.68689 ], [ 93.977227, 39.666931 ], [ 94.004889, 39.658503 ], [ 94.049939, 39.658361 ], [ 94.106765, 39.655018 ], [ 94.136483, 39.654312 ], [ 94.160114, 39.650356 ], [ 94.194415, 39.650544 ], [ 94.203821, 39.657702 ], [ 94.232826, 39.665754 ], [ 94.247448, 39.673192 ], [ 94.270131, 39.67903 ], [ 94.32182, 39.679783 ], [ 94.379832, 39.665848 ], [ 94.433022, 39.657325 ], [ 94.501229, 39.644469 ], [ 94.536005, 39.641502 ], [ 94.589749, 39.642774 ], [ 94.574811, 39.670415 ], [ 94.559399, 39.704492 ], [ 94.553076, 39.724205 ], [ 94.589037, 39.726745 ], [ 94.59702, 39.729192 ], [ 94.629424, 39.731873 ], [ 94.652977, 39.736294 ], [ 94.725057, 39.752331 ], [ 94.739915, 39.761218 ], [ 94.762124, 39.770903 ], [ 94.772478, 39.779411 ], [ 94.814841, 39.798257 ], [ 94.869375, 39.80836 ], [ 94.906837, 39.821561 ], [ 95.01227, 39.839692 ], [ 95.025311, 39.845938 ], [ 95.062615, 39.855188 ], [ 95.075103, 39.862794 ], [ 95.105136, 39.871479 ], [ 95.123472, 39.880209 ], [ 95.190573, 39.894242 ], [ 95.239101, 39.902266 ], [ 95.261626, 39.908553 ], [ 95.318452, 39.926519 ], [ 95.354808, 39.932054 ], [ 95.388714, 39.940683 ], [ 95.421356, 39.943965 ], [ 95.451468, 39.942746 ], [ 95.460478, 39.953249 ], [ 95.484109, 39.990795 ], [ 95.488298, 40.001197 ], [ 95.504817, 40.02401 ], [ 95.482687, 40.029022 ], [ 95.460399, 40.06793 ], [ 95.458502, 40.089972 ], [ 95.453444, 40.097552 ], [ 95.436135, 40.112616 ], [ 95.43819, 40.135486 ], [ 95.425307, 40.153813 ], [ 95.421197, 40.164798 ], [ 95.43819, 40.259475 ], [ 95.451784, 40.282669 ], [ 95.443802, 40.295312 ], [ 95.453523, 40.301237 ], [ 95.461268, 40.313877 ], [ 95.462217, 40.325395 ], [ 95.393851, 40.296245 ], [ 95.372433, 40.289107 ], [ 95.333627, 40.279356 ], [ 95.293951, 40.262369 ], [ 95.267395, 40.265776 ], [ 95.277828, 40.404712 ], [ 95.222029, 40.416262 ], [ 95.178165, 40.423572 ], [ 95.134379, 40.428415 ], [ 95.067041, 40.440007 ], [ 95.016854, 40.445546 ], [ 94.989587, 40.450201 ], [ 94.91395, 40.464814 ], [ 94.895298, 40.469653 ], [ 94.891663, 40.486495 ], [ 94.891584, 40.513935 ], [ 94.882416, 40.570686 ], [ 94.884945, 40.653148 ], [ 94.888264, 40.675278 ], [ 94.899645, 40.707881 ], [ 94.901305, 40.721789 ], [ 94.898302, 40.74195 ], [ 94.891267, 40.770675 ], [ 94.881151, 40.788321 ], [ 94.879807, 40.797721 ], [ 94.871825, 40.810314 ], [ 94.859891, 40.848032 ], [ 94.852619, 40.855989 ], [ 94.852145, 40.868108 ], [ 94.840369, 40.872872 ], [ 94.835232, 40.890029 ], [ 94.815473, 40.900431 ], [ 94.811126, 40.90658 ], [ 94.811442, 40.918274 ], [ 94.829936, 40.946183 ], [ 94.838156, 41.044143 ], [ 94.830727, 41.053829 ], [ 94.823376, 41.073244 ], [ 94.825589, 41.125143 ], [ 94.818397, 41.133942 ], [ 94.801721, 41.14251 ], [ 94.770265, 41.14601 ], [ 94.767261, 41.153057 ], [ 94.773347, 41.164063 ], [ 94.770502, 41.168391 ], [ 94.769, 41.296723 ], [ 94.771213, 41.340914 ], [ 94.770344, 41.357168 ], [ 94.773742, 41.501943 ], [ 94.775086, 41.572905 ] ] ] ] } }
]
}
